device_brand,os,screen_size,4g,5g,rear_camera_mp,front_camera_mp,internal_memory,ram,battery,weight,release_year,days_used,normalized_used_price,normalized_new_price,used_price_inr,new_price_inr,age_months,brand_encoded
honor,Android,14.5,yes,no,13.0,5.0,64.0,3.0,3020.0,146.0,2020,127,4.307572449,4.715100245,6683.4000016779755,10045.799996380627,4.233333333333333,9
honor,Android,17.3,yes,yes,13.0,16.0,128.0,8.0,4300.0,213.0,2020,325,5.162096647,5.519017936,15707.7000057059,22445.099995261695,10.833333333333334,9
honor,Android,16.69,yes,yes,13.0,8.0,128.0,8.0,4200.0,213.0,2020,162,5.111083765,5.884630724,14926.49999413297,32352.2999856365,5.4,9
honor,Android,25.5,yes,yes,13.0,8.0,64.0,6.0,7250.0,480.0,2020,345,5.135386588,5.630960854,15293.700006943127,25103.699992862086,11.5,9
honor,Android,15.32,yes,no,13.0,8.0,64.0,3.0,5000.0,185.0,2020,293,4.389994804,4.947837479,7257.5999976553685,12678.299996548776,9.766666666666667,9
honor,Android,16.23,yes,no,13.0,8.0,64.0,4.0,4000.0,176.0,2020,223,4.413888608,5.060694494,7433.100001318438,14193.000000440084,7.433333333333334,9
honor,Android,13.84,yes,no,8.0,5.0,32.0,2.0,3020.0,144.0,2020,234,3.878259375,4.518958489,4350.5999988021185,8256.59999860442,7.8,9
honor,Android,15.77,yes,no,13.0,8.0,64.0,4.0,3400.0,164.0,2020,219,4.729421148,5.18872569,10190.699996678362,16131.600001323724,7.3,9
honor,Android,15.32,yes,no,13.0,16.0,128.0,6.0,4000.0,165.0,2020,161,4.886054204,5.299916088,11918.700000728551,18028.80000159133,5.366666666666666,9
honor,Android,16.23,yes,no,13.0,8.0,128.0,6.0,4000.0,176.0,2020,327,4.773223771,5.073610093,10647.000000166716,14377.499996295723,10.9,9
honor,Android,15.47,yes,no,13.0,8.0,64.0,3.0,3020.0,150.0,2020,268,4.26703657,4.713665782,6417.899999741923,10031.399998581654,8.933333333333334,9
honor,Android,15.32,yes,no,13.0,8.0,64.0,4.0,5000.0,185.0,2020,344,4.657383057,4.770176021,9482.39999587491,10614.60000453925,11.466666666666667,9
honor,Android,16.69,yes,yes,13.0,16.0,128.0,8.0,4100.0,206.0,2019,537,5.383255763,6.213967894,19595.69999874142,44971.200020922,17.9,9
honor,Android,15.32,yes,no,13.0,16.0,64.0,4.0,4000.0,171.5,2019,336,4.617592706,5.398750764,9112.500000121665,19901.700002601006,11.2,9
honor,Android,14.5,yes,no,13.0,5.0,32.0,2.0,3020.0,146.0,2019,230,4.111365547,4.487512143,5492.7000024365425,8001.000003841608,7.666666666666667,9
honor,Android,16.23,yes,no,13.0,8.0,64.0,4.0,4000.0,176.0,2019,248,4.411221293,4.866225902,7413.300000347255,11684.699995651397,8.266666666666667,9
honor,Android,15.9,yes,no,13.0,32.0,128.0,6.0,3750.0,172.0,2019,395,5.022366217,5.517934708,13659.300000383086,22420.799998078808,13.166666666666666,9
honor,Android,16.74,yes,no,13.0,16.0,64.0,4.0,4000.0,206.0,2019,421,4.777020443,5.193179048,10687.500000911099,16203.599993117818,14.033333333333333,9
honor,Android,14.5,yes,no,13.0,5.0,32.0,2.0,3020.0,146.0,2019,532,4.248638089,4.792313433,6300.900000068641,10852.199999335204,17.733333333333334,9
honor,Android,25.43,yes,no,5.0,2.0,32.0,3.0,5100.0,173.0,2019,266,4.267877613,5.517051209,6423.300000109348,22400.999991632187,8.866666666666667,9
honor,Android,20.32,yes,no,8.0,8.0,32.0,3.0,5100.0,173.0,2019,321,4.556295018,5.304001183,8570.699998234826,18102.599999704296,10.7,9
others,Android,20.32,no,no,8.0,0.3,16.0,1.0,5680.0,453.6,2013,933,4.45213555,5.48438191,7722.900001397619,21681.00000822087,31.1,24
htc,Android,15.29,yes,no,13.0,16.0,32.0,3.0,3850.0,170.0,2019,187,4.560800238,5.195730778,8609.39999782913,16245.000003688656,6.233333333333333,10
htc,Android,12.88,yes,no,13.0,13.0,64.0,4.0,3075.0,150.0,2019,499,4.595624773,5.39771011,8914.499998711319,19880.99999152928,16.633333333333333,10
htc,Android,15.29,yes,no,13.0,8.0,32.0,3.0,3300.0,160.0,2019,497,4.426521875,5.006091654,7527.600003308883,13438.799999376663,16.566666666666666,10
htc,Android,15.24,yes,no,13.0,14.5,128.0,6.0,3930.0,180.0,2019,202,5.213467289,6.039968956,16535.70000609103,37789.19999366665,6.733333333333333,10
htc,Android,15.29,yes,no,13.0,16.0,64.0,4.0,3850.0,170.0,2019,493,4.636668853,5.631426812,9287.999999559168,25115.39998834493,16.433333333333334,10
huawei,Android,15.37,yes,yes,10.5,16.0,128.0,6.0,4000.0,192.0,2020,91,4.905496976,5.520380334,12152.70000032872,22475.699994560844,3.033333333333333,11
huawei,Android,15.37,yes,yes,10.5,16.0,64.0,6.0,4000.0,182.0,2020,299,4.820442843,5.39603374,11161.800000873618,19847.699998926124,9.966666666666667,11
huawei,Android,15.32,yes,no,10.5,16.0,128.0,4.0,4000.0,163.0,2020,354,4.577901759,5.558024257,8757.900001454711,23337.89999604904,11.8,11
huawei,Android,15.32,yes,no,10.5,16.0,128.0,4.0,4000.0,163.0,2020,306,4.872828107,5.478970866,11762.100004599635,21563.99999479673,10.2,11
huawei,Android,20.32,yes,no,5.0,2.0,16.0,2.0,5100.0,310.0,2020,231,4.170533701,4.598246271,5827.500002449607,8937.900000757332,7.7,11
huawei,Android,15.37,yes,yes,10.5,16.0,128.0,8.0,4000.0,189.0,2020,205,4.709440107,5.765661212,9989.099998362903,28723.50000855771,6.833333333333333,11
huawei,Android,25.5,yes,no,8.0,8.0,64.0,4.0,7250.0,450.0,2020,211,5.133088887,5.51877732,15258.599997249497,22439.699994770544,7.033333333333333,11
huawei,Android,16.71,yes,yes,10.5,16.0,256.0,8.0,4200.0,226.0,2020,120,6.153455837,7.244220373,42330.59998185348,125999.10003519196,4.0,11
huawei,Android,16.23,yes,no,10.5,8.0,64.0,4.0,4000.0,176.0,2020,161,4.644390899,5.0681492,9359.999998676754,14299.199995755102,5.366666666666666,11
huawei,Android,25.6,yes,yes,13.0,8.0,128.0,6.0,7250.0,460.0,2020,139,5.18245748,6.310336373,16030.799992730006,49520.700018270625,4.633333333333334,11
huawei,Android,16.23,yes,no,10.5,8.0,64.0,4.0,4000.0,176.0,2020,93,4.322143925,4.95342982,6781.49999950831,12749.399995850372,3.1,11
huawei,Android,16.74,yes,no,13.0,16.0,128.0,6.0,4000.0,206.0,2019,460,5.065439086,5.672429397,14260.499998047308,26166.600000047656,15.333333333333334,11
huawei,Android,15.34,yes,no,13.0,16.0,128.0,8.0,4200.0,183.0,2019,223,4.931375613,5.634110801,12471.29999862038,25182.899989753543,7.433333333333334,11
huawei,Android,25.6,yes,no,13.0,8.0,128.0,6.0,7250.0,460.0,2019,256,4.997685135,6.107267847,13326.300001057743,40419.90001610631,8.533333333333333,11
huawei,Android,15.9,yes,no,13.0,32.0,64.0,6.0,4000.0,178.0,2019,206,4.99653637,5.294560318,13311.000003770288,17932.500005911912,6.866666666666666,11
huawei,Android,15.32,yes,no,13.0,16.0,64.0,6.0,4000.0,163.0,2019,488,4.537426534,5.306731865,8410.500000827828,18152.099997294335,16.266666666666666,11
huawei,Android,16.23,yes,no,13.0,8.0,64.0,4.0,4000.0,176.0,2019,516,4.705286977,5.010968572,9947.699996788246,13504.500001534438,17.2,11
huawei,Android,16.59,yes,yes,13.0,16.0,512.0,12.0,4500.0,198.0,2019,289,5.674182005,7.438006989,26212.500003147838,152942.40006527127,9.633333333333333,11
huawei,Android,16.81,yes,yes,13.0,16.0,128.0,6.0,4200.0,196.0,2019,477,5.380450196,6.477264628,19540.799998308565,58517.10000769967,15.9,11
huawei,Android,16.81,yes,no,13.0,16.0,128.0,6.0,4200.0,196.0,2019,195,5.014826499,6.313729189,13556.700003867401,49688.99998559024,6.5,11
huawei,Android,15.9,yes,no,13.0,32.0,128.0,6.0,4000.0,178.0,2019,244,5.143474781,5.67029463,15417.90000397216,26110.799987069626,8.133333333333333,11
huawei,Android,16.74,yes,no,13.0,16.0,128.0,4.0,4000.0,163.5,2019,376,4.839293241,5.250281918,11374.199996072384,17155.800008415263,12.533333333333333,11
huawei,Android,25.6,yes,no,13.0,8.0,64.0,4.0,7500.0,498.0,2019,205,4.936629881,5.704781975,12537.000002685927,27027.00000028962,6.833333333333333,11
huawei,Android,20.42,yes,no,13.0,8.0,128.0,6.0,6100.0,340.0,2019,406,5.294259143,5.856932654,17927.099998437065,31468.499995283648,13.533333333333333,11
huawei,Android,20.42,yes,no,13.0,8.0,64.0,4.0,6100.0,320.0,2019,462,5.001190835,5.556287375,13373.099996412586,23297.39999966703,15.4,11
huawei,Android,16.23,yes,no,13.0,32.0,128.0,8.0,3500.0,171.0,2019,333,5.428204627,5.9652489,20496.5999921609,35068.49998984521,11.1,11
huawei,Android,16.23,yes,no,13.0,32.0,128.0,8.0,3500.0,171.0,2019,284,5.378560054,5.885520528,19503.899995626463,32381.10000285797,9.466666666666667,11
huawei,Android,15.34,yes,no,13.0,24.0,128.0,6.0,4000.0,178.0,2019,202,5.058853866,5.562948291,14166.899994804568,23453.10000072552,6.733333333333333,11
huawei,Android,15.34,yes,no,13.0,16.0,64.0,4.0,4000.0,178.0,2019,445,5.043683148,5.637785112,13953.599998012229,25275.59999623273,14.833333333333334,11
huawei,Android,16.74,yes,no,13.0,16.0,64.0,4.0,4000.0,196.8,2019,375,4.607467545,5.638105528,9020.699999668268,25283.700000497287,12.5,11
huawei,Android,10.16,no,no,5.0,2.0,16.0,4.0,1700.0,136.1,2014,666,3.579343567,4.70311326,3226.499999852777,9926.099996842951,22.2,11
huawei,Android,17.78,no,no,3.15,0.3,8.0,1.0,4100.0,350.0,2013,819,3.982295058,5.016551095,4827.599998003895,13580.100006442937,27.3,11
infinix,Android,17.32,yes,no,8.0,8.0,32.0,2.0,6000.0,209.0,2020,245,4.282068168,4.59764192,6515.099998012571,8932.500003865096,8.166666666666666,12
infinix,Android,15.39,yes,no,8.0,8.0,64.0,4.0,5000.0,185.0,2020,173,4.363608049,4.711779921,7068.599998940673,10012.499999535921,5.766666666666667,12
infinix,Android,15.39,yes,no,8.0,8.0,32.0,2.0,5000.0,185.0,2020,256,4.181439269,4.505460342,5891.399999569726,8145.900001310844,8.533333333333333,12
infinix,Android,15.39,yes,no,8.0,16.0,32.0,3.0,4000.0,178.0,2019,316,4.555244377,4.602165677,8561.69999813042,8973.000000289,10.533333333333333,12
infinix,Android,15.29,yes,no,8.0,16.0,32.0,2.0,4000.0,165.0,2019,468,4.416669578,4.871296595,7453.799999124763,11744.099994431466,15.6,12
lava,Android,14.5,yes,no,8.0,5.0,32.0,2.0,3200.0,150.0,2020,356,3.989909544,4.381026134,4864.4999995854605,7192.7999975523035,11.866666666666667,14
lava,Android,12.7,no,no,5.0,0.3,8.0,0.5,3000.0,147.6,2016,819,3.495598057,4.113002744,2967.2999997518164,5501.699999776444,27.3,14
lenovo,Android,25.43,yes,no,8.0,5.0,32.0,3.0,7000.0,520.0,2020,233,4.726768158,5.20136584,10163.700002687494,16336.799992295792,7.766666666666667,15
lenovo,Android,25.43,no,no,8.0,5.0,64.0,4.0,7000.0,580.0,2019,419,5.214881408,5.775141434,16559.099994932883,28997.100010496582,13.966666666666667,15
lenovo,Android,15.47,yes,no,8.0,5.0,16.0,2.0,4000.0,172.0,2019,267,3.940610462,4.591071262,4630.499998703189,8874.000003473373,8.9,15
lenovo,Android,20.32,yes,no,13.0,5.0,16.0,2.0,5100.0,305.0,2019,461,4.779375562,5.066133071,10712.699998073984,14270.40000596963,15.366666666666667,15
lenovo,Android,20.32,yes,no,5.0,2.0,16.0,2.0,5000.0,305.0,2019,423,4.463721822,4.938064601,7812.899996845804,12554.999996717865,14.1,15
lenovo,Android,17.78,yes,no,2.0,2.0,32.0,1.0,3590.0,236.0,2019,528,3.896096855,4.606768907,4428.900000540828,9014.39999682884,17.6,15
lenovo,Android,16.23,yes,no,8.0,16.0,64.0,6.0,4000.0,159.0,2019,254,4.423648309,5.524974737,7505.999997262553,22579.199996341198,8.466666666666667,15
lenovo,Android,16.23,yes,yes,8.0,32.0,128.0,6.0,4000.0,185.0,2019,370,5.342812606,5.992264227,18818.999991821485,36028.799989964304,12.333333333333334,15
lenovo,Android,15.32,yes,no,8.0,16.0,64.0,4.0,4050.0,164.0,2019,482,4.676839473,5.062468443,9668.700003108963,14218.200003749727,16.066666666666666,15
lenovo,Android,25.43,yes,no,8.0,8.0,16.0,2.0,8400.0,655.0,2016,691,5.056182109,5.191233144,14129.09999926209,16172.100000996808,23.033333333333335,15
lg,Android,16.59,yes,no,5.0,16.0,64.0,4.0,4000.0,196.5,2020,273,4.879082894,5.601491318,11835.899995811586,24374.70000566139,9.1,16
lg,Android,15.44,yes,no,5.0,13.0,64.0,3.0,4000.0,219.0,2020,349,4.350148896,5.299466706,6974.100001563185,18020.700003521993,11.633333333333333,16
lg,Others,5.28,yes,no,2.0,13.0,8.0,1.0,1470.0,127.0,2020,343,3.875566468,5.015689168,4338.899998188376,13568.39999458709,11.433333333333334,16
lg,Android,15.44,yes,yes,5.0,10.0,128.0,8.0,5000.0,218.0,2020,352,4.734442522,6.768240306,10242.000003152176,78280.19999158484,11.733333333333333,16
lg,Android,15.44,yes,yes,5.0,10.0,128.0,8.0,5000.0,213.0,2020,142,5.476463552,6.55079458,21510.00000147321,62982.00000418277,4.733333333333333,16
lg,Android,15.37,yes,no,5.0,13.0,32.0,3.0,4000.0,196.5,2020,92,4.636959508,5.481430277,9290.699995563706,21617.100004196036,3.066666666666667,16
lg,Android,14.5,yes,no,8.0,8.0,32.0,3.0,3450.0,170.0,2020,166,4.230767603,4.870683334,6189.299997946734,11736.900003887135,5.533333333333333,16
lg,Android,25.43,yes,no,8.0,5.0,32.0,4.0,8200.0,498.0,2019,329,4.709620287,5.82953368,9990.899996557577,30618.00000117079,10.966666666666667,16
lg,Android,15.34,yes,yes,8.0,32.0,256.0,8.0,4000.0,192.0,2019,383,5.467680322,7.003174544,21321.899996213237,99010.80002519111,12.766666666666667,16
lg,Android,15.34,yes,no,8.0,16.0,64.0,4.0,4000.0,198.0,2019,443,4.696928611,5.766225051,9864.89999775443,28739.70000474467,14.766666666666667,16
lg,Android,13.84,yes,no,8.0,5.0,16.0,2.0,3000.0,148.0,2019,257,4.255328982,4.944353031,6343.200002360151,12634.199996180994,8.566666666666666,16
lg,Android,13.84,yes,no,8.0,5.0,16.0,1.0,3000.0,152.0,2019,380,4.08933202,4.606369467,5372.999997858554,9010.800003932554,12.666666666666666,16
lg,Android,15.27,yes,no,8.0,13.0,32.0,2.0,3500.0,186.0,2019,255,4.64352514,5.082211493,9351.900001266667,14501.700006011279,8.5,16
lg,Android,15.37,yes,no,8.0,13.0,32.0,3.0,4000.0,194.0,2019,512,4.550608398,5.304299438,8522.100000039123,18107.999995915125,17.066666666666666,16
lg,Android,15.8,yes,no,8.0,16.0,64.0,4.0,4050.0,172.0,2019,223,4.461877016,5.248023572,7798.499998739644,17117.09999155152,7.433333333333334,16
lg,Android,15.9,yes,no,8.0,16.0,32.0,3.0,4000.0,175.0,2019,200,4.582310892,4.864607093,8796.600001389783,11665.800000005016,6.666666666666667,16
lg,Android,15.72,yes,no,8.0,8.0,32.0,3.0,4000.0,164.0,2019,210,4.373994463,4.694645192,7142.400000167007,9842.399995908574,7.0,16
lg,Android,15.29,yes,no,13.0,5.0,32.0,3.0,3500.0,179.0,2019,216,4.517649588,5.300415165,8245.799996218511,18037.800006670695,7.2,16
lg,Android,15.29,yes,no,16.0,5.0,64.0,4.0,3300.0,172.0,2018,724,4.887940214,5.704049106,11941.19999905842,27007.200006113573,24.133333333333333,16
lg,Android,12.83,yes,no,13.0,5.0,16.0,2.0,4500.0,171.0,2018,628,4.358630057,5.191066176,7033.500000932041,16169.400003216726,20.933333333333334,16
lg,Android,7.62,no,no,2.0,1.3,4.0,0.5,1540.0,140.45,2014,750,3.027715319,3.925925911,1858.4999992435128,4563.0000018382625,25.0,16
meizu,Android,15.39,yes,yes,13.0,20.0,128.0,8.0,4500.0,199.0,2020,186,5.167866937,6.272027589,15798.599997409485,47659.499986194096,6.2,17
meizu,Android,15.37,yes,no,13.0,16.0,128.0,6.0,4500.0,183.0,2019,449,4.665512415,5.526329049,9559.800000054942,22609.799994141646,14.966666666666667,17
meizu,Android,15.37,yes,no,13.0,8.0,32.0,2.0,4000.0,184.0,2019,190,4.290185431,5.195176608,6568.199999945475,16236.00000603129,6.333333333333333,17
meizu,Android,15.29,yes,no,13.0,20.0,128.0,6.0,3600.0,166.0,2019,459,4.721084811,5.830679408,10106.100004199616,30653.100004764965,15.3,17
meizu,Android,15.29,yes,no,13.0,16.0,64.0,6.0,4000.0,165.0,2019,517,4.842295535,5.388660686,11408.40000202248,19701.89999122007,17.233333333333334,17
meizu,Android,15.29,yes,no,13.0,20.0,128.0,6.0,3600.0,165.0,2019,332,4.959412173,6.040659391,12825.900004038604,37815.29998910263,11.066666666666666,17
micromax,Android,10.16,no,no,2.0,0.3,0.5,0.25,1500.0,146.5,2014,1016,3.043569603,3.926714554,1888.200000060137,4566.599999218492,33.86666666666667,18
micromax,Android,7.75,no,no,0.3,0.3,0.5,0.25,1500.0,89.0,2014,956,2.386926241,3.664842876,979.1999995811013,3514.499998995924,31.866666666666667,18
micromax,Android,10.03,no,no,2.0,0.3,0.2,0.25,2000.0,85.0,2013,680,2.856470206,4.244630641,1565.999999654723,6275.699998538265,22.666666666666668,18
micromax,Android,10.16,no,no,2.0,0.3,16.0,4.0,2000.0,89.0,2013,733,3.108614431,4.094844437,2015.1000007845516,5402.699998575028,24.433333333333334,18
micromax,Android,7.75,no,no,0.3,0.3,16.0,4.0,2000.0,89.0,2013,1029,2.989714201,3.884240624,1789.1999995912965,4376.699998180629,34.3,18
motorola,Android,15.37,yes,no,13.0,16.0,128.0,6.0,5000.0,210.0,2020,242,4.829672813,5.704848573,11265.299996170565,27028.800004373283,8.066666666666666,20
motorola,Android,15.42,yes,yes,13.0,25.0,256.0,12.0,5000.0,203.0,2020,220,5.186882886,7.090784918,16101.899998361934,108076.49996111706,7.333333333333333,20
nokia,Android,16.56,yes,no,0.3,8.0,64.0,3.0,4000.0,200.0,2020,310,4.186011751,5.004885462,5918.400001491882,13422.599998447691,10.333333333333334,21
nokia,Android,13.84,yes,no,0.3,5.0,16.0,2.0,3000.0,180.0,2020,193,3.616308761,4.100160948,3347.99999906557,5431.500002479261,6.433333333333334,21
nokia,Android,13.84,yes,no,0.3,5.0,16.0,2.0,3000.0,180.0,2020,356,4.055430469,4.591983624,5193.90000143936,8882.099998366442,11.866666666666667,21
nokia,Others,5.18,no,no,0.3,0.0,0.1,0.03,1020.0,90.5,2020,272,2.910174385,3.399863159,1652.3999996821701,2696.400000946386,9.066666666666666,21
nokia,Others,5.18,no,no,0.3,0.0,0.06,4.0,1020.0,91.3,2020,288,2.729159164,2.911263117,1378.7999995692003,1654.2000001198614,9.6,21
nokia,Android,17.3,yes,yes,0.3,24.0,64.0,6.0,4500.0,220.0,2020,284,5.314043067,6.216845593,18285.29999982594,45100.79998365622,9.466666666666667,21
nokia,Others,5.18,no,no,0.3,0.0,0.06,0.02,1200.0,88.2,2020,266,3.370738174,3.699077279,2618.9999995352664,3636.8999996712887,8.866666666666667,21
nokia,Others,5.18,yes,no,0.3,0.0,16.0,0.02,1200.0,86.5,2019,234,2.721295428,3.688379329,1368.0000002021484,3598.1999997400158,7.8,21
oneplus,Android,16.64,yes,yes,13.0,16.0,128.0,8.0,4300.0,180.0,2020,110,5.620944196,6.609308811,24853.49999137095,66777.29999444625,3.6666666666666665,22
oneplus,Android,16.64,yes,yes,13.0,16.0,128.0,8.0,4300.0,180.0,2020,208,5.288166015,6.474106722,17818.19999123948,58332.59997668541,6.933333333333334,22
oneplus,Android,16.94,yes,yes,13.0,16.0,256.0,12.0,4085.0,206.0,2019,458,5.713402718,6.686160528,27260.99999909517,72111.6000246782,15.266666666666667,22
oneplus,Android,16.94,yes,yes,13.0,16.0,128.0,6.0,4000.0,206.0,2019,294,5.670983763,6.686647155,26128.800002487067,72146.70001587245,9.8,22
oppo,Android,16.64,yes,yes,13.0,32.0,128.0,8.0,4000.0,172.0,2020,187,5.170881643,6.153455837,15846.299996222997,42330.59998185348,6.233333333333333,23
oppo,Android,16.33,yes,yes,13.0,32.0,128.0,8.0,4000.0,183.0,2020,271,5.009634794,5.910254492,13486.500003200723,33192.00001054049,9.033333333333333,23
oppo,Android,16.69,yes,yes,13.0,32.0,128.0,6.0,4000.0,184.0,2020,100,5.033895988,5.672842052,13817.700004548684,26177.40000655576,3.3333333333333335,23
oppo,Android,16.64,yes,yes,13.0,16.0,128.0,8.0,4000.0,186.0,2020,186,5.116615618,6.253482598,15009.30000550109,46783.80000915804,6.2,23
oppo,Android,15.29,yes,no,13.0,8.0,64.0,3.0,4230.0,168.0,2020,273,4.578312732,4.782479201,8761.500001592762,10746.000000445942,9.1,23
oppo,Android,15.34,yes,yes,13.0,32.0,128.0,8.0,4025.0,180.0,2020,146,5.412315471,5.98838481,20173.500008040184,35889.30001503551,4.866666666666666,23
oppo,Android,15.34,yes,yes,8.0,32.0,128.0,8.0,4025.0,181.0,2019,397,4.868380247,6.088023946,11709.9000056748,39649.49998760006,13.233333333333333,23
oppo,Android,15.37,yes,no,8.0,8.0,128.0,4.0,4230.0,180.0,2019,411,4.57037168,5.01588814,8692.199996128531,13571.099994874145,13.7,23
oppo,Android,15.34,yes,no,8.0,25.0,128.0,6.0,3600.0,169.5,2019,276,4.936199063,5.632572862,12531.60000071132,25144.199992471706,9.2,23
oppo,Android,15.34,yes,no,8.0,32.0,128.0,4.0,4035.0,186.0,2019,205,4.94178527,5.800667172,12601.800005682757,29746.8000049682,6.833333333333333,23
oppo,Android,16.59,yes,no,8.0,16.0,128.0,6.0,4020.0,190.0,2019,321,4.656718448,5.556287375,9476.100001244518,23297.39999966703,10.7,23
oppo,Android,15.39,yes,yes,8.0,16.0,256.0,8.0,4065.0,215.0,2019,392,5.295613715,6.780830585,17951.400000471727,79271.99996761978,13.066666666666666,23
oppo,Android,15.27,yes,no,8.0,5.0,32.0,2.0,4000.0,170.0,2019,296,4.322011202,4.605670061,6780.599998210631,9004.499999732181,9.866666666666667,23
oppo,Android,15.29,yes,no,13.0,8.0,32.0,3.0,4230.0,168.0,2018,664,4.457713717,5.437252881,7766.100003726048,20682.900008918165,22.133333333333333,23
oppo,Android,10.29,yes,no,8.0,5.0,8.0,1.0,2000.0,135.0,2015,1076,4.02463715,5.009968405,5036.400001020978,13490.999998535532,35.86666666666667,23
others,Android,16.43,yes,yes,8.0,20.0,128.0,6.0,4000.0,171.0,2019,317,5.570212986,6.803360963,23624.09999839494,81078.29999435406,10.566666666666666,24
realme,Android,15.37,yes,no,13.0,16.0,64.0,4.0,4300.0,191.0,2020,289,4.702659807,5.302060353,9921.599997367317,18067.500003128003,9.633333333333333,26
realme,Android,15.37,yes,no,13.0,16.0,128.0,4.0,5000.0,199.0,2020,338,4.941570991,5.0141624,12599.09999386759,13547.700001728517,11.266666666666667,26
realme,Android,15.37,yes,no,13.0,5.0,32.0,3.0,5000.0,195.0,2020,111,4.498364182,4.606569207,8088.300002666861,9012.600000885046,3.7,26
realme,Android,15.27,yes,no,13.0,5.0,32.0,3.0,4000.0,166.0,2020,167,2.896464272,3.690877457,1629.9000001706142,3607.200000805815,5.566666666666666,26
realme,Android,15.27,yes,no,13.0,5.0,32.0,2.0,4000.0,166.0,2019,399,4.288677032,4.611351045,6558.3000020842865,9055.799999427923,13.3,26
samsung,Android,20.32,yes,no,5.0,2.0,16.0,1.5,4200.0,313.0,2015,909,4.32611744,5.348202169,6808.499998404326,18920.699990974183,30.3,27
others,Android,15.34,yes,no,2.0,8.0,256.0,8.0,3130.0,141.0,2020,135,4.915665057,6.508292123,12276.90000607671,60361.19999579845,4.5,24
others,Android,12.93,yes,no,8.0,8.0,64.0,4.0,3090.0,173.0,2019,523,4.180522258,5.34563025,5885.999997273881,18872.100007574238,17.433333333333334,24
others,Android,16.59,yes,yes,2.0,16.0,128.0,6.0,4500.0,210.0,2020,234,5.020849617,5.985371019,13638.60000677528,35781.299992148786,7.8,24
others,Android,16.59,yes,no,8.0,24.0,128.0,6.0,3820.0,192.0,2019,414,5.036303041,5.802239214,13851.00000214921,29793.600000082446,13.8,24
others,Android,17.78,yes,no,2.0,16.0,64.0,4.0,6000.0,220.0,2020,135,4.378896742,4.80557721,7177.500002404795,10997.099996388213,4.5,24
others,Android,15.39,yes,no,2.0,8.0,32.0,2.0,5000.0,206.5,2020,153,4.084294226,4.791151704,5345.999998029468,10839.600004189144,5.1,24
others,Android,15.39,yes,no,2.0,16.0,128.0,6.0,4000.0,203.0,2020,125,4.919469846,5.393172898,12323.699995758896,19791.000008693885,4.166666666666667,24
others,Android,12.83,yes,no,2.0,5.0,16.0,2.0,2700.0,153.0,2020,123,3.629394807,4.246493239,3392.099999053455,6287.399997619053,4.1,24
others,Android,12.7,yes,no,2.0,5.0,32.0,4.0,4000.0,234.0,2020,220,3.974809994,4.699388861,4791.600002266854,9889.19999775443,7.333333333333333,24
others,Android,12.7,yes,no,13.0,5.0,16.0,2.0,4000.0,234.0,2020,173,4.29374172,4.382276603,6591.600001276727,7201.799996909788,5.766666666666667,24
others,Android,15.42,yes,no,12.0,16.0,128.0,8.0,5000.0,159.0,2018,413,5.175471537,5.700042155,15919.200007176521,26899.199998911186,13.766666666666667,24
vivo,Android,16.36,yes,no,13.0,32.0,128.0,8.0,4500.0,176.0,2020,343,5.052864298,5.766694674,14082.29999557864,28753.199998585682,11.433333333333334,30
vivo,Android,16.59,yes,no,13.0,16.0,64.0,4.0,5000.0,204.1,2020,246,4.801065863,5.068904202,10947.600002089195,14309.999996848483,8.2,30
vivo,Android,16.66,yes,yes,13.0,32.0,128.0,8.0,4315.0,181.5,2020,145,5.560335417,6.446116566,23391.89999428531,56722.499996141196,4.833333333333333,30
vivo,Android,16.21,yes,no,13.0,16.0,128.0,8.0,4500.0,190.2,2020,300,4.847331743,5.702781974,11465.999998416968,26972.999991298027,10.0,30
vivo,Android,16.43,yes,no,13.0,8.0,128.0,4.0,5000.0,197.0,2020,118,4.823260994,5.249652195,11193.300003742484,17145.00000742798,3.933333333333333,30
vivo,Android,16.69,yes,yes,13.0,16.0,128.0,6.0,4500.0,198.1,2020,312,4.95434709,5.857447322,12761.100003197078,31484.699993691993,10.4,30
vivo,Android,17.5,yes,yes,13.0,16.0,256.0,8.0,4500.0,219.5,2020,226,5.466878008,6.447290015,21304.799998040937,56789.10002526572,7.533333333333333,30
vivo,Android,16.36,yes,no,13.0,32.0,128.0,8.0,4500.0,176.0,2020,199,5.192623462,5.599199434,16194.600000178585,24318.899988721838,6.633333333333334,30
vivo,Android,16.36,yes,yes,13.0,32.0,128.0,8.0,4350.0,196.5,2019,279,5.288014474,6.04545545,17815.50000797885,37997.10001228881,9.3,30
vivo,Android,16.21,yes,no,13.0,16.0,128.0,8.0,4500.0,198.5,2019,212,4.770599875,5.79331844,10619.099998812491,29529.000000972814,7.066666666666666,30
vivo,Android,16.59,yes,no,13.0,16.0,128.0,8.0,5000.0,193.0,2019,188,5.064302435,5.435249221,14244.299995082987,20641.499999108684,6.266666666666667,30
vivo,Android,16.21,yes,no,13.0,32.0,128.0,8.0,4500.0,186.7,2019,264,5.104732617,5.801816215,14831.99999294929,29781.000002157132,8.8,30
vivo,Android,16.13,yes,no,13.0,8.0,64.0,3.0,5000.0,191.5,2019,230,4.417755682,4.886809035,7461.899999043927,11927.700001281182,7.666666666666667,30
vivo,Android,16.21,yes,no,13.0,16.0,64.0,6.0,4500.0,198.5,2019,259,4.601664047,5.55971963,8968.500003060019,23377.500000483054,8.633333333333333,30
vivo,Android,16.13,yes,no,13.0,8.0,64.0,4.0,5000.0,190.0,2019,349,4.59360355,4.941928096,8896.500003410689,12603.59999891023,11.633333333333333,30
vivo,Android,16.13,yes,no,13.0,16.0,128.0,4.0,5000.0,190.5,2019,500,4.907346705,5.245812813,12175.200004987879,17079.30000741433,16.666666666666668,30
vivo,Android,17.5,yes,yes,13.0,16.0,256.0,8.0,4500.0,218.5,2019,288,4.94071342,6.594864794,12588.300002628275,65819.69998212751,9.6,30
vivo,Android,17.5,yes,no,13.0,16.0,128.0,8.0,4500.0,217.3,2019,391,5.278471738,6.461014949,17646.299994223835,57573.9000194852,13.033333333333333,30
vivo,Android,16.28,yes,yes,13.0,12.0,128.0,8.0,4500.0,217.0,2019,204,4.911109575,6.215967174,12221.100003535526,45061.199979279845,6.8,30
vivo,Android,16.28,yes,no,13.0,12.0,128.0,8.0,4500.0,215.0,2019,293,5.144350003,6.015376367,15431.399996132732,36871.19999431096,9.766666666666667,30
vivo,Android,15.8,yes,no,8.0,5.0,16.0,2.0,4030.0,163.5,2019,456,3.966132331,4.485598051,4750.1999996428885,7985.700001219846,15.2,30
vivo,Android,16.21,yes,no,13.0,32.0,128.0,6.0,4500.0,179.0,2019,224,5.206859756,5.635896134,16426.799999027506,25227.90001019889,7.466666666666667,30
vivo,Android,16.21,yes,no,13.0,12.0,64.0,6.0,4500.0,198.5,2019,451,4.735671994,5.523458921,10254.599999464199,22545.00001071068,15.033333333333333,30
vivo,Android,16.59,yes,no,13.0,16.0,64.0,4.0,5000.0,204.1,2019,338,4.956108708,5.304746654,12783.599999042677,18116.099994330736,11.266666666666667,30
vivo,Android,16.23,yes,no,13.0,16.0,128.0,6.0,3700.0,185.0,2019,455,4.755829062,5.736217396,10463.399997141352,27890.100005595785,15.166666666666666,30
vivo,Android,15.9,yes,no,13.0,16.0,64.0,4.0,3260.0,150.0,2019,431,4.614625345,5.071291288,9085.500002191004,14344.200000436038,14.366666666666667,30
vivo,Android,16.13,yes,no,13.0,20.0,128.0,4.0,5000.0,190.5,2019,334,4.761831996,5.440511132,10526.39999998454,20750.399994787254,11.133333333333333,30
vivo,Android,16.59,yes,no,13.0,16.0,128.0,6.0,3940.0,189.5,2019,415,5.116315759,5.561604282,15004.800006527053,23421.599996133195,13.833333333333334,30
vivo,Android,15.8,yes,no,13.0,5.0,16.0,2.0,4030.0,163.5,2019,266,4.382151627,4.607966273,7200.900000993488,9025.199997381853,8.866666666666667,30
vivo,Android,10.29,no,no,5.0,2.0,4.0,0.5,1900.0,130.0,2013,931,3.379292546,4.6998438,2641.49999927595,9893.700004048775,31.033333333333335,30
others,Android,12.93,yes,no,8.0,8.0,32.0,3.0,3400.0,145.0,2019,407,4.421487704,5.199380619,7489.800003334491,16304.400005086762,13.566666666666666,24
others,Android,14.4,yes,no,13.0,8.0,16.0,2.0,2920.0,160.0,2019,233,4.523526197,5.013098924,8294.400000434782,13533.300006303429,7.766666666666667,24
others,Android,15.21,yes,no,8.0,5.0,16.0,2.0,4000.0,185.0,2019,423,4.131800899,4.405498991,5606.099998508473,7371.000001039136,14.1,24
others,Android,15.32,yes,no,8.0,16.0,128.0,6.0,4000.0,184.0,2019,470,4.857950206,5.52589109,11588.399995009948,22599.89999680072,15.666666666666666,24
others,Android,15.9,yes,no,8.0,8.0,64.0,3.0,4000.0,178.0,2019,280,4.33781348,5.196616812,6888.600000016837,16259.400004525036,9.333333333333334,24
xiaomi,Android,16.69,yes,yes,13.0,20.0,128.0,8.0,4520.0,208.0,2020,318,4.852498904,5.664244378,11525.39999895515,25953.300004964614,10.6,31
xiaomi,Android,16.69,yes,yes,13.0,16.0,64.0,6.0,4520.0,205.0,2020,301,4.977492076,5.301312876,13059.900006490749,18054.00000852446,10.033333333333333,31
xiaomi,Android,16.94,yes,yes,13.0,16.0,128.0,6.0,4800.0,208.0,2020,319,5.120923648,5.523139508,15074.100000145028,22537.79999457286,10.633333333333333,31
xiaomi,Android,16.94,yes,yes,13.0,16.0,128.0,6.0,4500.0,208.0,2020,184,5.026246142,5.563792173,13712.400005342302,23472.900002918053,6.133333333333334,31
xiaomi,Android,16.94,yes,no,13.0,32.0,64.0,6.0,5020.0,209.0,2020,256,4.966753066,5.198718001,12920.399996389955,16293.59999469998,8.533333333333333,31
xiaomi,Android,15.8,yes,no,13.0,8.0,32.0,2.0,5000.0,188.0,2020,265,4.344065128,4.49535532,6931.79999731904,8064.000000154143,8.833333333333334,31
xiaomi,Android,15.8,yes,no,13.0,8.0,32.0,2.0,5000.0,188.0,2020,321,3.421000009,4.39222446,2754.0000001147455,7273.800002543449,10.7,31
xiaomi,Android,16.94,yes,no,13.0,16.0,64.0,6.0,4500.0,208.0,2020,169,4.967310169,5.295513439,12927.599995373446,17949.5999961354,5.633333333333334,31
xiaomi,Android,20.12,yes,yes,12.0,20.0,512.0,12.0,4050.0,241.0,2019,478,6.619433002,7.823341763,67456.80002408661,224841.60001530588,15.933333333333334,31
xiaomi,Android,16.23,yes,no,12.0,20.0,128.0,8.0,4000.0,196.0,2019,382,5.360587692,6.211302641,19156.499994748032,44851.49998145545,12.733333333333333,31
xiaomi,Android,16.23,yes,no,12.0,16.0,128.0,8.0,4000.0,191.0,2019,374,5.192289962,6.107267847,16189.200001578343,40419.90001610631,12.466666666666667,31
xiaomi,Android,15.27,yes,no,12.0,32.0,64.0,4.0,4030.0,173.8,2019,396,4.792396362,5.129188404,10853.099998746453,15199.200006990637,13.2,31
xiaomi,Android,16.23,yes,no,12.0,32.0,64.0,6.0,4030.0,179.0,2019,406,4.886280713,5.56819182,11921.399999322462,23576.39999175173,13.533333333333333,31
xiaomi,Android,15.32,yes,no,12.0,13.0,32.0,3.0,4000.0,186.0,2019,338,4.687395126,4.939282497,9771.299997618144,12570.299996006665,11.266666666666667,31
zte,Android,16.89,yes,yes,13.0,12.0,256.0,8.0,5100.0,215.0,2020,235,5.390850968,6.394693824,19745.100000968105,53879.39998520633,7.833333333333333,33
zte,Android,16.89,yes,yes,13.0,12.0,128.0,6.0,5100.0,210.0,2020,278,4.652053772,5.740146547,9432.000001066368,27999.89998902049,9.266666666666667,33
zte,Android,15.24,yes,no,14.5,8.0,32.0,3.0,4000.0,160.0,2019,386,4.272211769,4.493232533,6451.200002150347,8046.900002034038,12.866666666666667,33
zte,Android,15.47,yes,no,16.0,5.0,32.0,3.0,3200.0,165.0,2019,325,4.408059812,4.485936098,7389.900002064021,7988.399999485599,10.833333333333334,33
zte,Android,15.32,yes,no,14.5,16.0,64.0,3.0,3200.0,165.0,2019,347,4.498697941,5.080658745,8090.999996135942,14479.199993275908,11.566666666666666,33
zte,Android,16.48,yes,no,14.5,8.0,128.0,4.0,5000.0,190.0,2019,343,4.57316339,4.872292344,8716.500001281287,11755.799994421743,11.433333333333334,33
zte,Android,16.89,yes,no,48.0,16.0,128.0,8.0,5000.0,215.0,2019,336,5.668051665,6.708779812,26052.300007805214,73761.29996505583,11.2,33
zte,Android,16.31,yes,no,14.5,8.0,128.0,6.0,4000.0,186.0,2019,330,5.243913978,6.312478634,17046.900005648487,49626.89999603258,11.0,33
zte,Android,13.84,yes,no,13.0,8.0,16.0,2.0,2600.0,157.0,2019,474,4.297421451,4.383650316,6615.899997446287,7211.700001514605,15.8,33
zte,Android,12.7,yes,no,8.0,5.0,16.0,1.0,2000.0,144.0,2019,349,3.803992261,4.120986493,4039.19999913383,5545.7999990654125,11.633333333333333,33
zte,Android,12.7,no,no,8.0,5.0,16.0,1.0,2000.0,144.0,2019,385,3.931433399,4.102643365,4588.200000238727,5444.999999799645,12.833333333333334,33
zte,Android,16.89,yes,no,48.0,16.0,64.0,6.0,5000.0,215.0,2019,506,5.263725922,6.217723241,17388.000003852874,45140.39998544956,16.866666666666667,33
zte,Android,16.43,yes,no,14.5,20.0,128.0,6.0,4000.0,175.0,2019,333,5.029718709,6.15296671,13760.100005882134,42309.90000534756,11.1,33
zte,Android,13.84,yes,no,13.0,8.0,16.0,2.0,3200.0,135.0,2018,595,4.450152464,5.002468705,7707.600002146708,13390.200003170863,19.833333333333332,33
zte,Android,15.27,yes,no,16.0,5.0,32.0,2.0,3200.0,146.0,2019,420,4.339249605,4.412192049,6898.4999978074975,7420.499999958385,14.0,33
honor,Android,14.5,yes,no,13.0,5.0,64.0,3.0,3020.0,146.0,2020,138,4.466367783,4.695467824,7833.599999156849,9850.500000306623,4.6,9
honor,Android,17.3,yes,yes,13.0,16.0,128.0,8.0,4300.0,213.0,2020,268,5.051905188,5.520660598,14068.799995857125,22482.00000693621,8.933333333333334,9
honor,Android,16.69,yes,yes,13.0,8.0,128.0,8.0,4200.0,213.0,2020,195,5.018008048,5.884157694,13599.899994210953,32336.99999613659,6.5,9
honor,Android,25.5,yes,yes,13.0,8.0,64.0,6.0,7250.0,480.0,2020,272,4.903346996,5.634075062,12126.600005669015,25181.999994173366,9.066666666666666,9
honor,Android,15.32,yes,no,13.0,8.0,64.0,3.0,5000.0,185.0,2020,346,4.477791257,4.943355241,7923.600002707802,12621.600004884824,11.533333333333333,9
honor,Android,16.23,yes,no,13.0,8.0,64.0,4.0,4000.0,176.0,2020,362,4.466597536,5.076423035,7835.399999027224,14418.000005273261,12.066666666666666,9
honor,Android,13.84,yes,no,8.0,5.0,32.0,2.0,3020.0,144.0,2020,355,3.961574784,4.507116246,4728.599998782888,8159.400003976048,11.833333333333334,9
honor,Android,15.77,yes,no,13.0,8.0,64.0,4.0,3400.0,164.0,2020,202,4.776093698,5.202852175,10677.60000181865,16361.100004417987,6.733333333333333,9
honor,Android,15.32,yes,no,13.0,16.0,128.0,6.0,4000.0,165.0,2020,310,4.803775113,5.297717186,10977.3000015901,17989.19999143706,10.333333333333334,9
honor,Android,16.23,yes,no,13.0,8.0,128.0,6.0,4000.0,176.0,2020,141,4.831747834,5.067456614,11288.69999958702,14289.299998722252,4.7,9
honor,Android,15.47,yes,no,13.0,8.0,64.0,3.0,3020.0,150.0,2020,228,4.476199805,4.689695141,7911.000002443461,9793.799999434117,7.6,9
honor,Android,15.32,yes,no,13.0,8.0,64.0,4.0,5000.0,185.0,2020,213,4.609859175,4.781892764,9042.299995711937,10739.699995902116,7.1,9
honor,Android,16.69,yes,yes,13.0,16.0,128.0,8.0,4100.0,206.0,2019,504,5.17252736,6.211262508,15872.399992226701,44849.69999232643,16.8,9
honor,Android,15.32,yes,no,13.0,16.0,64.0,4.0,4000.0,171.5,2019,371,4.797194518,5.391352233,10905.299997345315,19755.00000957671,12.366666666666667,9
honor,Android,14.5,yes,no,13.0,5.0,32.0,2.0,3020.0,146.0,2019,201,4.220095768,4.49635928,6123.600002892415,8072.099998951339,6.7,9
honor,Android,16.23,yes,no,13.0,8.0,64.0,4.0,4000.0,176.0,2019,354,4.415944853,4.86753445,7448.400000913604,11699.999994669684,11.8,9
honor,Android,15.9,yes,no,13.0,32.0,128.0,6.0,3750.0,172.0,2019,311,5.180209278,5.515845179,15994.799998917033,22373.999998285915,10.366666666666667,9
honor,Android,16.74,yes,no,13.0,16.0,64.0,4.0,4000.0,206.0,2019,524,4.679349584,5.188167623,9692.999998426407,16122.599999241444,17.466666666666665,9
honor,Android,14.5,yes,no,13.0,5.0,32.0,2.0,3020.0,146.0,2019,388,4.055776969,4.793059547,5195.699999621534,10860.299999071347,12.933333333333334,9
honor,Android,25.43,yes,no,5.0,2.0,32.0,3.0,5100.0,173.0,2019,234,4.53999146,5.523937848,8432.100000311173,22555.800005929043,7.8,9
honor,Android,20.32,yes,no,8.0,8.0,32.0,3.0,5100.0,173.0,2019,251,4.294560609,5.296114943,6597.000000708481,17960.40000012866,8.366666666666667,9
others,Android,20.32,no,no,8.0,0.3,16.0,1.0,5680.0,453.6,2013,1048,4.899852698,5.488152294,12084.299998977467,21762.900003949842,34.93333333333333,24
htc,Android,15.29,yes,no,13.0,16.0,32.0,3.0,3850.0,170.0,2019,194,4.829033478,5.185652461,11258.099997448355,16082.100001759867,6.466666666666667,10
htc,Android,12.88,yes,no,13.0,13.0,64.0,4.0,3075.0,150.0,2019,385,4.860277413,5.392080896,11615.400005718338,19769.399992879073,12.833333333333334,10
htc,Android,15.29,yes,no,13.0,8.0,32.0,3.0,3300.0,160.0,2019,323,4.388008706,5.009100784,7243.199997454528,13479.299999941984,10.766666666666667,10
htc,Android,15.24,yes,no,13.0,14.5,128.0,6.0,3930.0,180.0,2019,489,4.633951987,6.033589692,9262.799996169428,37548.89999404363,16.3,10
htc,Android,15.29,yes,no,13.0,16.0,64.0,4.0,3850.0,170.0,2019,392,5.041552397,5.641694282,13923.900003745848,25374.5999913021,13.066666666666666,10
huawei,Android,15.37,yes,yes,10.5,16.0,128.0,6.0,4000.0,192.0,2020,204,4.865455368,5.522939824,11675.70000486969,22533.30000582157,6.8,11
huawei,Android,15.37,yes,yes,10.5,16.0,64.0,6.0,4000.0,182.0,2020,328,4.971686544,5.388889065,12984.30000054948,19706.400005272964,10.933333333333334,11
huawei,Android,15.32,yes,no,10.5,16.0,128.0,4.0,4000.0,163.0,2020,134,5.058980915,5.568535325,14168.699999624,23584.49999414691,4.466666666666667,11
huawei,Android,15.32,yes,no,10.5,16.0,128.0,4.0,4000.0,163.0,2020,127,4.980931815,5.48309424,13104.900003632505,21653.100001795992,4.233333333333333,11
huawei,Android,20.32,yes,no,5.0,2.0,16.0,2.0,5100.0,310.0,2020,240,4.218183299,4.609460967,6111.899999231732,9038.69999633709,8.0,11
huawei,Android,15.37,yes,yes,10.5,16.0,128.0,8.0,4000.0,189.0,2020,102,4.916690848,5.766412927,12289.500000986676,28745.100011872746,3.4,11
huawei,Android,25.5,yes,no,8.0,8.0,64.0,4.0,7250.0,450.0,2020,305,5.097485547,5.521900821,14724.90000007384,22509.89999795989,10.166666666666666,11
huawei,Android,16.71,yes,yes,10.5,16.0,256.0,8.0,4200.0,226.0,2020,215,5.49380191,7.243134061,21886.200002883023,125862.30001803751,7.166666666666667,11
huawei,Android,16.23,yes,no,10.5,8.0,64.0,4.0,4000.0,176.0,2020,133,4.365643155,5.080161357,7082.999997001359,14472.000003692296,4.433333333333334,11
huawei,Android,25.6,yes,yes,13.0,8.0,128.0,6.0,7250.0,460.0,2020,181,5.359976747,6.309245325,19144.800001248925,49466.70002120822,6.033333333333333,11
huawei,Android,16.23,yes,no,10.5,8.0,64.0,4.0,4000.0,176.0,2020,202,4.651003602,4.942570563,9422.099996878804,12611.69999770308,6.733333333333333,11
huawei,Android,16.74,yes,no,13.0,16.0,128.0,6.0,4000.0,206.0,2019,433,5.071354029,5.674010316,14345.099998121346,26207.999991547123,14.433333333333334,11
huawei,Android,15.34,yes,no,13.0,16.0,128.0,8.0,4200.0,183.0,2019,505,4.99531859,5.635789104,13294.8000002079,25225.200012553738,16.833333333333332,11
huawei,Android,25.6,yes,no,13.0,8.0,128.0,6.0,7250.0,460.0,2019,406,4.978869391,6.109825194,13077.89999565023,40523.40001244766,13.533333333333333,11
huawei,Android,15.9,yes,no,13.0,32.0,64.0,6.0,4000.0,178.0,2019,351,5.037147389,5.299716387,13862.70000504095,18025.199991676975,11.7,11
huawei,Android,15.32,yes,no,13.0,16.0,64.0,6.0,4000.0,163.0,2019,364,4.949043538,5.294660689,12693.599998862463,17934.29999920205,12.133333333333333,11
huawei,Android,16.23,yes,no,13.0,8.0,64.0,4.0,4000.0,176.0,2019,253,4.403054002,5.016219672,7353.0000009856185,13575.599994703394,8.433333333333334,11
huawei,Android,16.59,yes,yes,13.0,16.0,512.0,12.0,4500.0,198.0,2019,488,5.995954452,7.439289002,36161.99998622829,153138.59994893472,16.266666666666666,11
huawei,Android,16.81,yes,yes,13.0,16.0,128.0,6.0,4200.0,196.0,2019,269,5.530103463,6.478140911,22695.299994471687,58568.40002102781,8.966666666666667,11
huawei,Android,16.81,yes,no,13.0,16.0,128.0,6.0,4200.0,196.0,2019,207,5.345344072,6.311517,18866.700000456734,49579.200020316894,6.9,11
huawei,Android,15.9,yes,no,13.0,32.0,128.0,6.0,4000.0,178.0,2019,223,5.214772701,5.666841827,16557.300002687385,26020.800004061366,7.433333333333334,11
huawei,Android,16.74,yes,no,13.0,16.0,128.0,4.0,4000.0,163.5,2019,181,4.894401058,5.242434609,12018.59999483533,17021.699994887313,6.033333333333333,11
huawei,Android,25.6,yes,no,13.0,8.0,64.0,4.0,7500.0,498.0,2019,518,5.025589586,5.698970918,13703.400001670898,26870.400009163364,17.266666666666666,11
huawei,Android,20.42,yes,no,13.0,8.0,128.0,6.0,6100.0,340.0,2019,307,4.943212618,5.86144128,12619.80000279122,31610.700015013153,10.233333333333333,11
huawei,Android,20.42,yes,no,13.0,8.0,64.0,4.0,6100.0,320.0,2019,274,5.017147378,5.55971963,13588.20000392048,23377.500000483054,9.133333333333333,11
huawei,Android,16.23,yes,no,13.0,32.0,128.0,8.0,3500.0,171.0,2019,520,5.372914505,5.969730055,19394.100004755044,35226.00000133945,17.333333333333332,11
huawei,Android,16.23,yes,no,13.0,32.0,128.0,8.0,3500.0,171.0,2019,210,5.366396487,5.883935014,19268.09999308987,32329.799994655386,7.0,11
huawei,Android,15.34,yes,no,13.0,24.0,128.0,6.0,4000.0,178.0,2019,539,5.180209278,5.55898789,15994.799998917033,23360.400005770774,17.966666666666665,11
huawei,Android,15.34,yes,no,13.0,16.0,64.0,4.0,4000.0,178.0,2019,244,4.837313121,5.635146682,11351.699998875029,25208.999993292826,8.133333333333333,11
huawei,Android,16.74,yes,no,13.0,16.0,64.0,4.0,4000.0,196.8,2019,330,4.861671141,5.638069931,11631.600000508335,25282.799992647277,11.0,11
huawei,Android,10.16,no,no,5.0,2.0,16.0,4.0,1700.0,136.1,2014,610,3.959097413,4.701025672,4716.900000876989,9905.400003649023,20.333333333333332,11
huawei,Android,17.78,no,no,3.15,0.3,8.0,1.0,4100.0,350.0,2013,835,4.335197047,5.012034315,6870.599997821448,13518.899999865313,27.833333333333332,11
infinix,Android,17.32,yes,no,8.0,8.0,32.0,2.0,6000.0,209.0,2020,320,4.405132623,4.605370166,7368.299997138472,9001.8000000832,10.666666666666666,12
infinix,Android,15.39,yes,no,8.0,8.0,64.0,4.0,5000.0,185.0,2020,173,4.4959132,4.702115392,8068.499999587364,9916.199999558026,5.766666666666667,12
infinix,Android,15.39,yes,no,8.0,8.0,32.0,2.0,5000.0,185.0,2020,329,4.370712875,4.487287145,7119.000001611682,7999.1999973492675,10.966666666666667,12
infinix,Android,15.39,yes,no,8.0,16.0,32.0,3.0,4000.0,178.0,2019,356,4.417996878,4.605969866,7463.699996543471,9007.199998570954,11.866666666666667,12
infinix,Android,15.29,yes,no,8.0,16.0,32.0,2.0,4000.0,165.0,2019,497,4.423288532,4.866071843,7503.29999682969,11682.900001111011,16.566666666666666,12
lava,Android,14.5,yes,no,8.0,5.0,32.0,2.0,3200.0,150.0,2020,359,3.918203865,4.381276353,4527.900002249338,7194.599997962649,11.966666666666667,14
lava,Android,12.7,no,no,5.0,0.3,8.0,0.5,3000.0,147.6,2016,704,3.509154523,4.102478062,3007.7999994969523,5444.099999353118,23.466666666666665,14
lenovo,Android,25.43,yes,no,8.0,5.0,32.0,3.0,7000.0,520.0,2020,212,4.683426684,5.189171919,9732.60000044907,16138.799995364305,7.066666666666666,15
lenovo,Android,25.43,no,no,8.0,5.0,64.0,4.0,7000.0,580.0,2019,429,5.053758638,5.768070965,14094.899993257804,28792.80001328606,14.3,15
lenovo,Android,15.47,yes,no,8.0,5.0,16.0,2.0,4000.0,172.0,2019,531,4.145196092,4.602165677,5681.6999978436,8973.000000289,17.7,15
lenovo,Android,20.32,yes,no,13.0,5.0,16.0,2.0,5100.0,305.0,2019,233,4.515245478,5.077795376,8225.99999621518,14437.800000883904,7.766666666666667,15
lenovo,Android,20.32,yes,no,5.0,2.0,16.0,2.0,5000.0,305.0,2019,349,4.390366759,4.947198388,7260.300000371125,12670.199997719552,11.633333333333333,15
lenovo,Android,17.78,yes,no,2.0,2.0,32.0,1.0,3590.0,236.0,2019,524,3.806440243,4.595523809,4049.10000059489,8913.600000567923,17.466666666666665,15
lenovo,Android,16.23,yes,no,8.0,16.0,64.0,6.0,4000.0,159.0,2019,426,4.447228998,5.523818137,7685.100000618536,22553.09999016855,14.2,15
lenovo,Android,16.23,yes,yes,8.0,32.0,128.0,6.0,4000.0,185.0,2019,401,5.347964306,5.996626203,18916.199991725094,36186.30000674879,13.366666666666667,15
lenovo,Android,15.32,yes,no,8.0,16.0,64.0,4.0,4050.0,164.0,2019,424,4.541058241,5.06594385,8441.100004044578,14267.700002066871,14.133333333333333,15
lenovo,Android,25.43,yes,no,8.0,8.0,16.0,2.0,8400.0,655.0,2016,902,4.866995844,5.188335076,11693.700001231988,16125.300003034681,30.066666666666666,15
lg,Android,16.59,yes,no,5.0,16.0,64.0,4.0,4000.0,196.5,2020,195,4.739963282,5.595157377,10298.699996605304,24220.800005217556,6.5,16
lg,Android,15.44,yes,no,5.0,13.0,64.0,3.0,4000.0,219.0,2020,126,4.720550337,5.296916386,10100.699999715516,17974.800006607387,4.2,16
lg,Others,5.28,yes,no,2.0,13.0,8.0,1.0,1470.0,127.0,2020,202,3.758405517,5.021377391,3859.2000009163803,13645.800005074081,6.733333333333333,16
lg,Android,15.44,yes,yes,5.0,10.0,128.0,8.0,5000.0,218.0,2020,234,5.412047757,6.768504706,20168.100002519815,78300.90001288483,7.8,16
lg,Android,15.44,yes,yes,5.0,10.0,128.0,8.0,5000.0,213.0,2020,248,4.633951987,6.550094135,9262.799996169428,62937.90002379828,8.266666666666667,16
lg,Android,15.37,yes,no,5.0,13.0,32.0,3.0,4000.0,196.5,2020,205,4.232801305,5.483218926,6201.899997710774,21655.800008545848,6.833333333333333,16
lg,Android,14.5,yes,no,8.0,8.0,32.0,3.0,3450.0,170.0,2020,196,4.319752215,4.862908382,6765.299998718807,11645.99999922204,6.533333333333333,16
lg,Android,25.43,yes,no,8.0,5.0,32.0,4.0,8200.0,498.0,2019,392,5.021970804,5.832234322,13653.900003276924,30700.800014201413,13.066666666666666,16
lg,Android,15.34,yes,yes,8.0,32.0,256.0,8.0,4000.0,192.0,2019,471,5.789103535,7.003347237,29404.800000696865,99027.89997375803,15.7,16
lg,Android,15.34,yes,no,8.0,16.0,64.0,4.0,4000.0,198.0,2019,517,4.955756633,5.772655339,12779.100005287146,28925.10000166098,17.233333333333334,16
lg,Android,13.84,yes,no,8.0,5.0,16.0,2.0,3000.0,148.0,2019,438,4.367800927,4.93691699,7098.299997090411,12540.600004991502,14.6,16
lg,Android,13.84,yes,no,8.0,5.0,16.0,1.0,3000.0,152.0,2019,393,4.043752776,4.635020208,5133.59999945563,9272.700000398945,13.1,16
lg,Android,15.27,yes,no,8.0,13.0,32.0,2.0,3500.0,186.0,2019,273,4.396299294,5.080285727,7303.500000287759,14473.799998263095,9.1,16
lg,Android,15.37,yes,no,8.0,13.0,32.0,3.0,4000.0,194.0,2019,344,4.707997496,5.301562097,9974.700002119007,18058.500005184123,11.466666666666667,16
lg,Android,15.8,yes,no,8.0,16.0,64.0,4.0,4050.0,172.0,2019,289,4.541484634,5.24676088,8444.69999745005,17095.5000062632,9.633333333333333,16
lg,Android,15.9,yes,no,8.0,16.0,32.0,3.0,4000.0,175.0,2019,482,4.48661185,4.86190324,7993.800001087507,11634.29999655792,16.066666666666666,16
lg,Android,15.72,yes,no,8.0,8.0,32.0,3.0,4000.0,164.0,2019,516,4.105943698,4.692539832,5462.999999642432,9821.699998772297,17.2,16
lg,Android,15.29,yes,no,13.0,5.0,32.0,3.0,3500.0,179.0,2019,463,4.170688129,5.297617121,5828.400001110694,17987.399992199884,15.433333333333334,16
lg,Android,15.29,yes,no,16.0,5.0,64.0,4.0,3300.0,172.0,2018,693,4.989411658,5.701112246,13216.500004696758,26927.999997298528,23.1,16
lg,Android,12.83,yes,no,13.0,5.0,16.0,2.0,4500.0,171.0,2018,393,4.539564429,5.194511198,8428.500000926317,16225.200002880822,13.1,16
lg,Android,7.62,no,no,2.0,1.3,4.0,0.5,1540.0,140.45,2014,965,3.131136911,3.931041011,2061.00000090644,4586.399998789613,32.166666666666664,16
meizu,Android,15.39,yes,yes,13.0,20.0,128.0,8.0,4500.0,199.0,2020,318,5.15358057,6.271536486,15574.499998732963,47636.100009142116,10.6,17
meizu,Android,15.37,yes,no,13.0,16.0,128.0,6.0,4500.0,183.0,2019,348,4.74927053,5.526209625,10395.000000396592,22607.100002612242,11.6,17
meizu,Android,15.37,yes,no,13.0,8.0,32.0,2.0,4000.0,184.0,2019,198,4.31935304,5.191622628,6762.59999901386,16178.400001988752,6.6,17
meizu,Android,15.29,yes,no,13.0,20.0,128.0,6.0,3600.0,166.0,2019,405,4.874891933,5.832351575,11786.399999258874,30704.39998615511,13.5,17
meizu,Android,15.29,yes,no,13.0,16.0,64.0,6.0,4000.0,165.0,2019,499,4.80557721,5.395625549,10997.099996388213,19839.59999970172,16.633333333333333,17
meizu,Android,15.29,yes,no,13.0,20.0,128.0,6.0,3600.0,165.0,2019,226,5.218841165,6.042917829,16624.799999231265,37900.80001148783,7.533333333333333,17
micromax,Android,10.16,no,no,2.0,0.3,0.5,0.25,1500.0,146.5,2014,900,3.118834471,3.891820298,2035.8000006352215,4409.999999512136,30.0,18
micromax,Android,7.75,no,no,0.3,0.3,0.5,0.25,1500.0,89.0,2014,757,1.572773928,3.686125666,433.79999997288354,3590.1000002968467,25.233333333333334,18
micromax,Android,10.03,no,no,2.0,0.3,0.2,0.25,2000.0,85.0,2013,652,3.404857342,4.268997904,2709.8999986622784,6430.499997582926,21.733333333333334,18
micromax,Android,10.16,no,no,2.0,0.3,16.0,4.0,2000.0,89.0,2013,1051,3.302481409,4.083957469,2446.200000677603,5344.199998206411,35.03333333333333,18
micromax,Android,7.75,no,no,0.3,0.3,16.0,4.0,2000.0,89.0,2013,897,2.853015971,3.87036733,1560.5999994500512,4316.39999931234,29.9,18
motorola,Android,15.37,yes,no,13.0,16.0,128.0,6.0,5000.0,210.0,2020,92,5.034156489,5.697294809,13821.299998098166,26825.400012858834,3.066666666666667,20
motorola,Android,15.42,yes,yes,13.0,25.0,256.0,12.0,5000.0,203.0,2020,188,5.639812681,7.087982979,25326.900008824425,107774.10005178401,6.266666666666667,20
nokia,Android,16.56,yes,no,0.3,8.0,64.0,3.0,4000.0,200.0,2020,296,4.160756328,4.996468754,5770.800001492604,13310.099997621786,9.866666666666667,21
nokia,Android,13.84,yes,no,0.3,5.0,16.0,2.0,3000.0,180.0,2020,293,3.690627925,4.087487775,3606.3000012692255,5363.100001293108,9.766666666666667,21
nokia,Android,13.84,yes,no,0.3,5.0,16.0,2.0,3000.0,180.0,2020,260,3.988243031,4.617888958,4856.399998350985,9115.199996391602,8.666666666666666,21
nokia,Others,5.18,no,no,0.3,0.0,0.06,0.03,1020.0,90.5,2020,322,2.519308077,3.386422096,1117.8000005529389,2660.399999787165,10.733333333333333,21
nokia,Others,5.18,no,no,0.3,0.0,0.1,0.03,1020.0,91.3,2020,148,2.564949357,3.011605623,1169.9999994600023,1828.8000005298377,4.933333333333334,21
nokia,Android,17.3,yes,yes,0.3,24.0,64.0,6.0,4500.0,220.0,2020,127,4.602667056,6.214388074,8977.500002065066,44990.0999901633,4.233333333333333,21
nokia,Others,5.18,no,no,0.3,0.0,0.1,4.0,1200.0,88.2,2020,327,3.062923523,3.689129423,1925.0999998184352,3600.9000004711997,10.9,21
nokia,Others,5.18,yes,no,0.3,0.0,0.1,0.03,1200.0,86.5,2019,414,2.789322921,3.684620397,1464.2999996618253,3584.6999993061713,13.8,21
oneplus,Android,16.64,yes,yes,13.0,16.0,128.0,8.0,4300.0,180.0,2020,186,5.482927968,6.605054319,21649.49999685081,66493.80000768004,6.2,22
oneplus,Android,16.64,yes,yes,13.0,16.0,128.0,8.0,4300.0,180.0,2020,232,5.235164552,6.478525003,16898.400007726483,58590.899995682215,7.733333333333333,22
oneplus,Android,16.94,yes,yes,13.0,16.0,256.0,12.0,4085.0,206.0,2019,280,5.079850363,6.685761067,14467.499998296764,72082.80000544591,9.333333333333334,22
oneplus,Android,16.94,yes,yes,13.0,16.0,128.0,6.0,4000.0,206.0,2019,523,5.342525621,6.684361696,18813.5999960048,71981.99997029173,17.433333333333334,22
oppo,Android,16.64,yes,yes,13.0,32.0,128.0,8.0,4000.0,172.0,2020,293,5.269969331,6.154454616,17496.89999943051,42372.900016849664,9.766666666666667,23
oppo,Android,16.33,yes,yes,13.0,32.0,128.0,8.0,4000.0,183.0,2020,281,5.047866851,5.911609322,14012.100004181448,33237.00000470246,9.366666666666667,23
oppo,Android,16.69,yes,yes,13.0,32.0,128.0,6.0,4000.0,184.0,2020,122,5.126045146,5.668017118,15151.500005953274,26051.39999454331,4.066666666666666,23
oppo,Android,16.64,yes,yes,13.0,16.0,128.0,8.0,4000.0,186.0,2020,200,5.094302196,6.254136457,14678.100004861,46814.40002080456,6.666666666666667,23
oppo,Android,15.29,yes,no,13.0,8.0,64.0,3.0,4230.0,168.0,2020,267,4.515026636,4.785907155,8224.199998888702,10782.900003754527,8.9,23
oppo,Android,15.34,yes,yes,13.0,32.0,128.0,8.0,4025.0,180.0,2020,218,5.307177995,5.990338914,18160.200000358967,35959.50000645573,7.266666666666667,23
oppo,Android,15.34,yes,yes,8.0,32.0,128.0,8.0,4025.0,181.0,2019,330,4.900225013,6.085250839,12088.800002789061,39539.699995565825,11.0,23
oppo,Android,15.37,yes,no,8.0,8.0,128.0,4.0,4230.0,180.0,2019,277,4.514369822,5.006894974,8218.800002781285,13449.599993537027,9.233333333333333,23
oppo,Android,15.34,yes,no,8.0,25.0,128.0,6.0,3600.0,169.5,2019,344,5.037212309,5.638141123,13863.600000738817,25284.59998981627,11.466666666666667,23
oppo,Android,15.34,yes,no,8.0,32.0,128.0,4.0,4035.0,186.0,2019,463,5.093320661,5.793196518,14663.700004181153,29525.39998569968,15.433333333333334,23
oppo,Android,16.59,yes,no,8.0,16.0,128.0,6.0,4020.0,190.0,2019,336,5.032266314,5.56202688,13795.199996929874,23431.500009163876,11.2,23
oppo,Android,15.39,yes,yes,8.0,16.0,256.0,8.0,4065.0,215.0,2019,232,5.598384921,6.779649143,24299.099993306823,79178.3999997879,7.733333333333333,23
oppo,Android,15.27,yes,no,8.0,5.0,32.0,2.0,4000.0,170.0,2019,282,4.022848561,4.61244367,5027.4000024280795,9065.700000411678,9.4,23
oppo,Android,15.29,yes,no,13.0,8.0,32.0,3.0,4230.0,168.0,2018,587,4.273745191,5.440337627,6461.100002659441,20746.800008952956,19.566666666666666,23
oppo,Android,10.29,yes,no,8.0,5.0,8.0,1.0,2000.0,135.0,2015,917,4.09700768,4.991928067,5414.400001940606,13249.800004895007,30.566666666666666,23
others,Android,16.43,yes,yes,8.0,20.0,128.0,6.0,4000.0,171.0,2019,486,4.701661486,6.803039,9911.699998247088,81052.19998349732,16.2,24
realme,Android,15.37,yes,no,13.0,16.0,64.0,4.0,4300.0,191.0,2020,97,4.798514106,5.299916088,10919.69999930352,18028.80000159133,3.2333333333333334,26
realme,Android,15.37,yes,no,13.0,16.0,128.0,4.0,5000.0,199.0,2020,362,4.932169121,5.010768619,12481.200002286278,13501.80000619071,12.066666666666666,26
realme,Android,15.37,yes,no,13.0,5.0,32.0,3.0,5000.0,195.0,2020,321,4.383151002,4.600459106,7208.099997581026,8957.69999768916,10.7,26
realme,Android,15.27,yes,no,13.0,5.0,32.0,3.0,4000.0,166.0,2020,247,2.667228207,3.709906821,1296.0000005417862,3676.4999988749482,8.233333333333333,26
realme,Android,15.27,yes,no,13.0,5.0,32.0,2.0,4000.0,166.0,2019,450,4.335720882,4.601061758,6874.200001392921,8963.100000505985,15.0,26
samsung,Android,12.88,yes,no,8.0,5.0,32.0,3.0,4000.0,168.0,2020,120,4.151669629,4.716979861,5718.6000009071395,10064.69999959644,4.0,27
samsung,Android,12.7,yes,no,8.0,5.0,16.0,1.0,2600.0,154.0,2020,226,4.08142817,4.792147554,5330.699998460099,10850.399996546965,7.533333333333333,27
samsung,Android,15.42,yes,yes,8.0,32.0,128.0,8.0,4500.0,185.0,2020,258,5.514194582,6.218878965,22337.10000289933,45192.59998766975,8.6,27
samsung,Android,15.37,yes,yes,8.0,32.0,128.0,6.0,4500.0,187.0,2020,248,5.126282718,6.06194631,15155.100005725324,38628.900013661005,8.266666666666667,27
samsung,Android,25.5,yes,no,8.0,5.0,64.0,4.0,7040.0,467.0,2020,310,5.28755971,5.935528915,17807.400001868416,34041.600007568166,10.333333333333334,27
samsung,Android,15.29,yes,yes,8.0,13.0,128.0,8.0,4000.0,168.1,2020,282,5.678498854,6.7807284,26325.89999679609,79263.89997215912,9.4,27
samsung,Android,25.53,yes,yes,8.0,8.0,128.0,6.0,7040.0,420.0,2020,321,5.083699865,6.685673664,14523.300000678802,72076.50002779957,10.7,27
samsung,Android,12.73,yes,no,12.0,8.0,64.0,4.0,4500.0,256.0,2019,320,4.59036107,6.927597121,8867.699997034792,91803.59998203619,10.666666666666666,27
samsung,Android,15.42,yes,no,12.0,32.0,128.0,6.0,4500.0,187.0,2019,325,4.955756633,5.936110387,12779.100005287146,34061.40000082074,10.833333333333334,27
samsung,Android,25.43,yes,no,13.0,8.0,64.0,4.0,7600.0,653.0,2019,430,4.989071116,6.396179374,13211.99999761635,53959.50000941905,14.333333333333334,27
samsung,Android,15.32,yes,yes,12.0,10.0,256.0,12.0,3500.0,168.0,2019,190,4.997685135,7.003628936,13326.300001057743,99055.7999636679,6.333333333333333,27
samsung,Android,25.53,yes,no,12.0,8.0,128.0,6.0,7040.0,420.0,2019,517,5.438209735,6.396729635,20702.699995860963,53989.199988474415,17.233333333333334,27
samsung,Android,20.32,yes,no,8.0,2.0,32.0,2.0,5100.0,169.0,2019,313,3.984343667,4.866148876,4837.499999962402,11683.800004611328,10.433333333333334,27
samsung,Android,12.7,yes,no,16.0,5.0,32.0,3.0,2800.0,172.0,2019,222,4.454579827,5.557098295,7741.79999724709,23316.299989428913,7.4,27
samsung,Android,20.32,yes,no,5.0,2.0,16.0,2.0,4200.0,338.0,2015,852,4.7051965,5.401640809,9946.799999450775,19959.300004392288,28.4,27
others,Android,16.59,yes,no,2.0,16.0,64.0,4.0,4000.0,193.0,2020,168,4.314015424,5.435990172,6726.599999614311,20656.80000675252,5.6,24
others,Android,15.77,yes,no,2.0,5.0,64.0,4.0,4000.0,184.7,2020,299,4.358246106,4.871219958,7030.799999940393,11743.199996327217,9.966666666666667,24
others,Android,20.32,no,no,0.3,2.0,16.0,1.0,3600.0,330.0,2020,290,4.053522568,4.488411625,5184.000001545633,8008.199996973737,9.666666666666666,24
others,Android,15.44,yes,no,2.0,8.0,32.0,2.0,3500.0,191.6,2020,243,3.990279503,5.140434732,4866.299998083099,15371.100005670398,8.1,24
others,Android,17.78,no,no,8.0,0.3,8.0,1.0,2000.0,242.0,2019,513,2.822568655,3.873905683,1513.8000006890786,4331.699998635436,17.1,24
others,Android,25.43,no,no,0.3,2.0,16.0,1.0,4000.0,505.2,2019,452,4.538068382,4.604770106,8415.899996235097,8996.400000299116,15.066666666666666,24
others,Android,12.88,yes,no,8.0,5.0,16.0,2.0,2700.0,138.0,2019,440,4.175002465,4.626050664,5853.599998597741,9189.900003975123,14.666666666666666,24
others,Android,16.23,yes,no,8.0,16.0,64.0,4.0,3450.0,176.6,2019,335,4.995657011,5.882458506,13299.30000112322,32282.10000969536,11.166666666666666,24
others,Android,20.32,no,no,2.0,2.0,32.0,3.0,4000.0,355.0,2020,221,4.42424765,4.605969866,7510.499999190036,9007.199998570954,7.366666666666666,24
others,Android,20.32,no,no,2.0,2.0,32.0,2.0,4000.0,355.0,2020,276,4.210645018,4.386640972,6066.000000495828,7233.299998375207,9.2,24
others,Android,20.55,yes,no,8.0,0.3,16.0,2.0,2000.0,374.0,2013,1064,4.414977735,5.63917284,7441.200001387281,25310.700003062488,35.46666666666667,24
apple,Others,30.71,yes,no,12.0,7.0,128.0,6.0,9720.0,641.0,2020,220,5.847392078,6.907335191,31169.7000079257,89962.2000218218,7.333333333333333,2
apple,Others,27.94,yes,no,12.0,7.0,128.0,6.0,5770.5,471.0,2020,248,5.691237447,6.684724221,26663.399995896336,72008.09997549729,8.266666666666667,2
apple,Others,25.45,yes,no,8.0,1.2,32.0,3.0,8827.0,483.0,2019,313,5.204446151,5.8518001,16387.20000101656,31307.400000625927,10.433333333333334,2
apple,iOS,27.94,yes,no,12.0,7.0,64.0,4.0,7812.0,468.0,2018,601,5.359835707,6.779603675,19142.100009064674,79174.79999813973,20.033333333333335,2
apple,iOS,18.01,yes,no,8.0,1.2,16.0,2.0,5124.0,299.0,2015,827,4.562680134,5.891809944,8625.599996833202,32585.40000170104,27.566666666666666,2
asus,Android,15.24,no,no,13.0,2.0,16.0,2.0,3230.0,196.0,2014,840,4.539564429,5.307078872,8428.500000926317,18158.399996066717,28.0,3
asus,Android,15.24,no,no,13.0,2.0,16.0,2.0,3300.0,196.0,2014,1073,4.327966358,5.521220889,6821.100001200941,22494.599998703474,35.766666666666666,3
others,Android,15.24,no,no,8.0,8.0,32.0,1.0,2800.0,185.0,2019,513,4.304335327,4.351438553,6661.800000279733,6983.100000657406,17.1,24
others,Android,12.83,no,no,8.0,8.0,32.0,1.0,2200.0,158.0,2019,213,4.170842533,4.222737777,5829.299998864302,6139.800000058329,7.1,24
others,Android,12.7,no,no,5.0,5.0,32.0,1.0,3400.0,146.0,2019,184,3.764218811,3.896300045,3881.700001320742,4429.800000164301,6.133333333333334,24
others,Android,10.29,no,no,5.0,0.3,4.0,0.5,1760.0,136.0,2013,1091,4.05386973,5.303901745,5185.80000178193,18100.800002861066,36.36666666666667,24
others,Android,12.83,yes,no,13.0,5.0,32.0,3.0,4200.0,206.5,2020,214,4.796864349,5.704815274,10901.699999687,27027.89998734688,7.133333333333334,24
others,Android,14.35,yes,no,12.0,8.0,64.0,4.0,3100.0,210.0,2019,247,4.476882166,6.08201341,7916.400002481314,39411.90000746476,8.233333333333333,24
coolpad,Android,16.59,yes,yes,13.0,16.0,64.0,4.0,4000.0,195.0,2020,252,5.174226981,5.885464938,15899.399994960115,32379.29998754071,8.4,6
coolpad,Android,16.15,yes,no,13.0,13.0,32.0,3.0,4000.0,170.0,2019,342,4.588329169,5.085186025,8849.700001840161,14544.899994755799,11.4,6
acer,Android,25.43,no,no,5.0,2.0,16.0,1.0,2700.0,508.0,2014,578,4.836599317,5.257755755,11343.600001258303,17284.500003596662,19.266666666666666,0
acer,Android,25.43,no,no,5.0,2.0,32.0,2.0,2700.0,508.0,2014,918,4.691072615,5.438296677,9807.300000109897,20704.500008251212,30.6,0
alcatel,Others,5.18,yes,no,2.0,5.0,4.0,0.5,3230.0,90.0,2019,356,3.247268899,3.918998619,2314.799999144869,4531.499999254244,11.866666666666667,1
alcatel,Android,17.78,yes,no,5.0,2.0,8.0,1.0,3240.0,295.1,2016,662,4.182202803,4.867688285,5895.900001510618,11701.800002617425,22.066666666666666,1
alcatel,Android,20.32,no,no,0.3,0.3,16.0,0.5,3240.0,325.0,2014,1050,3.848230872,4.600860914,4221.899998563005,8961.299996415544,35.0,1
alcatel,Android,17.78,yes,no,3.0,0.3,4.0,1.0,3240.0,279.0,2014,1046,4.46326094,5.253372301,7809.300001519699,17208.90000852067,34.86666666666667,1
alcatel,Android,17.78,no,no,0.3,0.3,16.0,0.5,2840.0,285.0,2014,770,3.713572067,4.39592954,3690.0000010911035,7300.800001147153,25.666666666666668,1
alcatel,Android,17.78,no,no,2.0,0.3,4.0,1.0,3240.0,285.0,2014,759,3.989354348,5.080410082,4861.799998228022,14475.59999957915,25.3,1
alcatel,Android,17.78,no,no,0.3,0.3,4.0,1.0,1800.0,390.0,2013,1041,4.307303088,4.604169686,6681.599996806563,8991.000003106317,34.7,1
alcatel,Android,17.78,no,no,3.0,0.3,4.0,1.0,1800.0,350.0,2013,932,4.432244351,4.949823155,7570.800001252972,12703.500003817418,31.066666666666666,1
alcatel,Android,20.32,no,no,2.0,0.3,8.0,1.0,1800.0,400.0,2013,836,4.357990057,4.941285216,7029.000001084996,12595.500000485396,27.866666666666667,1
alcatel,Android,17.78,no,no,0.3,0.3,4.0,1.0,3240.0,350.0,2013,737,4.124226937,4.609859175,5563.800001647052,9042.299995711937,24.566666666666666,1
alcatel,Android,17.78,no,no,2.0,0.3,8.0,1.0,3300.0,350.0,2013,1057,4.129550818,4.709800435,5593.5000002420875,9992.69999933874,35.233333333333334,1
alcatel,Android,16.56,yes,no,5.0,8.0,64.0,4.0,4000.0,178.0,2019,187,4.297149343,5.016020766,6614.100003037328,13572.899994942818,6.233333333333333,1
alcatel,Android,12.83,yes,no,5.0,5.0,16.0,1.0,2460.0,153.2,2019,473,3.78487122,4.404154987,3962.700000920683,7361.100001863222,15.766666666666667,1
alcatel,Android,20.32,yes,no,5.0,2.0,16.0,1.0,4080.0,279.0,2018,726,4.363862664,4.944851554,7070.399999673274,12640.500005685037,24.2,1
acer,Others,23.04,no,no,5.0,2.0,32.0,4.0,4500.0,544.3,2018,699,5.066006927,5.793988743,14268.599994164004,29548.800013523007,23.3,0
acer,Android,17.78,yes,no,13.0,2.0,16.0,4.0,3400.0,260.0,2016,1085,4.632298853,5.128951521,9247.499996519758,15195.600001302299,36.166666666666664,0
acer,Android,12.83,yes,no,13.0,5.0,32.0,4.0,4080.0,169.0,2016,1079,4.710160633,5.52684639,9996.299998210377,22621.499996865023,35.96666666666667,0
acer,Android,12.7,yes,no,8.0,2.0,32.0,4.0,2000.0,126.0,2016,617,3.781686504,4.784737955,3950.100001184467,10770.300004465096,20.566666666666666,0
acer,Android,25.43,no,no,5.0,2.0,16.0,4.0,6100.0,147.5,2016,570,4.337682821,5.439773525,6887.700001227181,20735.09999788438,19.0,0
acer,Android,12.83,yes,no,13.0,13.0,32.0,4.0,4020.0,166.0,2015,714,4.368307963,5.434376811,7101.9000033169905,20623.500000925313,23.8,0
acer,Android,12.83,yes,no,13.0,5.0,16.0,4.0,5000.0,147.5,2016,549,4.430935839,5.303304908,7560.899997151388,18089.999998931326,18.3,0
acer,Android,12.7,yes,no,8.0,5.0,32.0,4.0,2000.0,125.0,2016,893,4.070564034,4.69701984,5273.100002337581,9865.80000376903,29.766666666666666,0
acer,Android,20.32,no,no,5.0,2.0,32.0,4.0,4420.0,353.8,2015,767,4.998832582,5.862095907,13341.600000305469,31631.400007379587,25.566666666666666,0
acer,Windows,12.83,yes,no,21.0,8.0,32.0,4.0,2870.0,150.0,2015,824,4.590969837,5.391215549,8873.100003665037,19752.300001683543,27.466666666666665,0
acer,Android,10.29,yes,no,5.0,5.0,32.0,4.0,2000.0,142.0,2015,988,3.781686504,4.710610698,3950.100001184467,10000.79999553876,32.93333333333333,0
acer,Android,10.29,no,no,5.0,2.0,32.0,4.0,2000.0,142.0,2015,961,3.616577542,4.507226542,3348.899998799315,8160.3000027911075,32.03333333333333,0
acer,Android,12.83,yes,no,8.0,8.0,32.0,4.0,4000.0,165.0,2015,942,4.556295018,5.294710871,8570.699998234826,17935.20000082637,31.4,0
acer,Android,12.7,yes,no,8.0,8.0,32.0,4.0,2420.0,145.0,2015,874,4.354141431,5.017941869,7001.999998709212,13598.999996210048,29.133333333333333,0
acer,Android,25.43,no,no,5.0,2.0,16.0,4.0,5910.0,540.0,2015,899,4.624188192,5.517854422,9172.80000161576,22418.99999398869,29.966666666666665,0
acer,Android,20.32,no,no,5.0,0.3,16.0,4.0,4550.0,355.0,2015,994,4.226687749,5.188390887,6164.099998706685,16126.199997267697,33.13333333333333,0
acer,Android,12.7,yes,no,13.0,5.0,32.0,4.0,2300.0,110.0,2015,592,4.488524004,5.301910902,8009.10000105103,18064.799998949235,19.733333333333334,0
acer,Android,12.7,no,no,8.0,2.0,32.0,4.0,2000.0,118.0,2015,934,3.721104601,4.862676516,3717.8999984805937,11643.300000817233,31.133333333333333,0
acer,Android,10.16,no,no,5.0,2.0,32.0,4.0,1300.0,120.0,2015,603,3.89914038,4.493232533,4442.4000017897,8046.900002034038,20.1,0
acer,Windows,10.16,no,no,5.0,2.0,16.0,4.0,1300.0,119.0,2015,697,3.755369195,4.377767578,3847.4999985272957,7169.400001767272,23.233333333333334,0
acer,Android,10.29,yes,no,5.0,2.0,32.0,4.0,2000.0,145.0,2015,1044,3.642049867,4.859812404,3435.3000008343024,11609.99999580099,34.8,0
acer,Android,12.7,yes,no,13.0,5.0,16.0,4.0,2300.0,116.0,2014,579,4.028916757,5.303503893,5058.000000507594,18093.599995741915,19.3,0
acer,Android,12.7,no,no,8.0,2.0,16.0,4.0,2000.0,150.0,2014,569,4.348728349,5.014693714,6964.199998103182,13554.899996966991,18.966666666666665,0
acer,Android,12.88,yes,no,13.0,2.0,16.0,4.0,2700.0,164.0,2014,723,4.342375829,5.560412364,6920.099999694896,23393.70000006581,24.1,0
acer,Android,12.7,no,no,13.0,2.0,32.0,4.0,2100.0,110.0,2014,899,4.154969184,5.192345553,5737.4999997789,16190.100000411312,29.966666666666665,0
acer,Android,12.7,no,no,8.0,2.0,16.0,4.0,3500.0,155.0,2014,886,4.405010471,5.300564839,7367.399999526592,18040.499998403124,29.533333333333335,0
acer,Android,12.7,yes,no,8.0,2.0,16.0,4.0,2500.0,155.0,2014,936,4.49903159,5.307128435,8093.700000595505,18159.300003149066,31.2,0
acer,Android,10.16,no,no,2.0,2.0,16.0,4.0,1300.0,130.0,2014,685,3.840312158,4.509429914,4188.6000005271535,8178.300002394152,22.833333333333332,0
acer,Android,20.32,no,no,5.0,2.0,16.0,4.0,4600.0,360.0,2014,611,4.66334475,5.29576411,9539.099999626418,17954.100004303255,20.366666666666667,0
acer,Android,17.78,no,no,2.0,0.3,16.0,4.0,3400.0,298.0,2014,920,4.094344562,4.707546253,5399.999998800656,9970.200003938651,30.666666666666668,0
acer,Android,17.78,no,no,5.0,0.3,16.0,4.0,3400.0,298.0,2014,1007,4.063369758,5.009834974,5235.300000404847,13489.200001005129,33.56666666666667,0
acer,Android,17.78,no,no,5.0,0.3,32.0,4.0,3700.0,159.5,2014,724,4.065945088,4.497584975,5248.800001572527,8081.999997509497,24.133333333333333,0
acer,Android,10.34,no,no,13.0,2.0,16.0,4.0,2500.0,134.0,2014,642,4.294424174,5.307623926,6596.100000410552,18168.3000023921,21.4,0
acer,Android,10.16,no,no,5.0,1.3,16.0,4.0,1630.0,122.0,2014,719,3.63758616,4.600961341,3420.000000935761,8962.199998081756,23.966666666666665,0
acer,Android,17.78,no,no,0.3,2.0,16.0,4.0,2955.0,323.0,2014,1082,4.405254761,4.863835309,7369.200001524771,11656.799995694213,36.06666666666667,0
acer,Android,17.78,no,no,0.3,2.0,32.0,4.0,2955.0,315.0,2014,690,4.040943785,4.585477553,5119.199997466068,8824.500003156032,23.0,0
acer,Android,18.01,no,no,5.0,2.0,16.0,4.0,4000.0,380.0,2014,801,4.433788569,4.856706812,7582.499998237287,11574.000002274066,26.7,0
acer,Android,12.7,no,no,5.0,0.3,16.0,4.0,2000.0,150.0,2014,1015,3.470723444,5.138441999,2894.3999991005194,15340.500006383001,33.833333333333336,0
acer,Android,15.24,yes,no,13.0,2.0,16.0,4.0,3300.0,229.0,2013,635,4.631617356,5.826914144,9241.19999997283,30537.900006133652,21.166666666666668,0
acer,Android,7.75,no,no,3.15,0.3,16.0,4.0,1500.0,120.0,2013,901,3.041661205,4.610356713,1884.5999991662702,9046.800002936667,30.033333333333335,0
acer,Android,12.88,no,no,8.0,2.0,32.0,4.0,2400.0,195.0,2013,946,4.060270582,5.764846216,5219.100000582718,28700.10000769349,31.533333333333335,0
acer,Android,25.43,no,no,5.0,0.3,16.0,4.0,7300.0,560.0,2013,656,4.611549793,5.242963206,9057.600000433584,17030.69999291592,21.866666666666667,0
acer,Android,18.01,no,no,5.0,0.3,32.0,4.0,4960.0,410.0,2013,905,4.513712575,4.793059547,8213.399995899403,10860.299999071347,30.166666666666668,0
acer,Android,10.29,no,no,8.0,2.0,16.0,4.0,2000.0,140.0,2013,562,4.254193263,5.201035244,6335.999998960919,16331.400004221945,18.733333333333334,0
acer,Android,7.75,no,no,3.0,0.3,16.0,4.0,1300.0,110.0,2013,942,3.485844856,4.611052849,2938.50000081561,9053.099998676013,31.4,0
acer,Android,10.24,no,no,8.0,0.3,16.0,4.0,2000.0,140.0,2013,761,4.343805422,5.199601394,6930.00000101397,16308.000006378403,25.366666666666667,0
acer,Android,10.29,no,no,5.0,0.3,16.0,4.0,1760.0,130.0,2013,825,3.757238792,5.145748768,3854.7000014367245,15453.000001492297,27.5,0
acer,Android,17.78,no,no,0.3,0.3,32.0,4.0,2640.0,339.9,2013,558,4.126004715,4.709890497,5573.700000278853,9993.60000241351,18.6,0
acer,Android,17.78,no,no,0.3,0.3,32.0,4.0,2710.0,320.0,2013,592,4.291965156,4.595927605,6579.899997991652,8917.200003378202,19.733333333333334,0
alcatel,Android,12.83,yes,no,5.0,5.0,16.0,4.0,3230.0,130.0,2019,302,3.832763324,4.786574656,4157.0999981604255,10790.100003025951,10.066666666666666,1
alcatel,Android,12.7,no,no,5.0,2.0,32.0,4.0,3230.0,148.0,2019,211,3.997650091,4.257454983,4902.299998060734,6356.699997324902,7.033333333333333,1
alcatel,Android,15.29,no,no,8.0,8.0,32.0,4.0,4000.0,158.0,2018,670,4.065945088,5.190676475,5248.800001572527,16163.09999950468,22.333333333333332,1
alcatel,Android,12.88,yes,no,12.0,5.0,32.0,4.0,3000.0,144.0,2018,591,4.721885986,5.440033919,10114.200003195561,20740.49999654635,19.7,1
alcatel,Android,15.24,yes,no,8.0,5.0,16.0,4.0,3000.0,155.0,2018,586,3.952588967,5.065249734,4686.299999180798,14257.799999484814,19.533333333333335,1
alcatel,Android,12.83,yes,no,13.0,5.0,16.0,4.0,3000.0,145.0,2018,538,4.537961436,5.130904126,8414.999997520592,15225.299992582224,17.933333333333334,1
alcatel,Android,12.78,yes,no,8.0,5.0,16.0,4.0,3000.0,151.0,2018,600,4.105119635,4.61045619,5458.499997870864,9047.699996224133,20.0,1
alcatel,Android,15.24,yes,no,8.0,5.0,16.0,4.0,3000.0,169.0,2018,707,4.428074948,4.850153504,7539.2999987506,11498.400001072141,23.566666666666666,1
alcatel,Android,25.43,no,no,2.0,2.0,16.0,4.0,4000.0,415.0,2018,636,4.338727617,4.594008121,6894.900003249362,8900.099997491066,21.2,1
alcatel,Android,17.78,no,no,2.0,0.3,32.0,4.0,2580.0,245.0,2018,564,4.013857311,4.248209487,4982.399998458373,6298.200000380773,18.8,1
alcatel,Android,12.75,yes,no,12.0,8.0,32.0,4.0,2850.0,147.0,2017,716,4.560800238,4.929280615,8609.39999782913,12445.199999335127,23.866666666666667,1
alcatel,Android,12.75,yes,no,13.0,5.0,16.0,4.0,2800.0,155.0,2017,751,4.284689402,4.787991618,6532.200001404916,10805.400001905029,25.033333333333335,1
alcatel,Android,15.24,yes,no,12.0,5.0,32.0,4.0,4000.0,175.0,2017,823,4.6404408,5.557599964,9323.099999347287,23327.999988846415,27.433333333333334,1
alcatel,Android,12.83,yes,no,16.0,8.0,32.0,4.0,4000.0,164.0,2017,839,4.651767471,5.24549659,9429.2999965595,17073.89999377735,27.966666666666665,1
alcatel,Android,12.7,yes,no,5.0,2.0,32.0,4.0,2050.0,159.5,2017,687,3.934371409,4.6025668,4601.699999577068,8976.599998940972,22.9,1
alcatel,Android,12.75,yes,no,8.0,5.0,32.0,4.0,2800.0,159.5,2017,619,4.410614092,5.299266916,7408.800003513298,18017.100007501867,20.633333333333333,1
alcatel,Android,12.7,yes,no,13.0,5.0,16.0,4.0,2460.0,159.5,2017,866,4.371218436,5.006894974,7122.600000304293,13449.599993537027,28.866666666666667,1
alcatel,Android,15.24,yes,no,8.0,5.0,32.0,4.0,3000.0,159.5,2017,884,4.543720224,5.193456726,8463.600002777173,16208.100001104396,29.466666666666665,1
alcatel,Android,12.7,yes,no,13.0,5.0,16.0,4.0,2460.0,156.0,2016,754,4.07973841,5.295312858,5321.700000890116,17946.000008475214,25.133333333333333,1
alcatel,Android,12.83,yes,no,8.0,5.0,16.0,4.0,2500.0,163.9,2016,1063,3.998567607,4.389002248,4906.800000842341,7250.399997025109,35.43333333333333,1
alcatel,Android,12.7,yes,no,13.0,5.0,16.0,4.0,2150.0,140.0,2015,769,4.632396172,5.306731865,9248.39999776482,18152.099997294335,25.633333333333333,1
alcatel,Android,12.7,no,no,8.0,5.0,32.0,4.0,2000.0,148.0,2016,989,3.013572192,4.097672352,1832.4000005821129,5417.999998294547,32.96666666666667,1
alcatel,Android,12.83,yes,no,13.0,5.0,32.0,4.0,3000.0,159.95,2016,811,4.332442405,4.942855972,6851.69999782033,12615.300004100402,27.033333333333335,1
alcatel,Android,12.83,yes,no,13.0,5.0,16.0,4.0,2960.0,159.95,2016,911,4.390118805,5.002871903,7258.500003112316,13395.599993591255,30.366666666666667,1
alcatel,Android,12.83,yes,no,8.0,5.0,16.0,4.0,2500.0,159.95,2016,987,4.026422546,4.706733501,5045.400001328745,9962.099996039746,32.9,1
alcatel,Android,12.7,yes,no,8.0,5.0,32.0,4.0,2500.0,159.95,2016,649,3.999484281,4.372481222,4911.299999026872,7131.600001209876,21.633333333333333,1
alcatel,Android,12.83,yes,no,16.0,8.0,32.0,4.0,3000.0,149.0,2016,1006,4.555664766,5.389938934,8565.299999278353,19727.100007984336,33.53333333333333,1
alcatel,Android,12.75,yes,no,13.0,8.0,16.0,4.0,2610.0,135.0,2016,708,4.351180755,5.301113454,6981.300003471239,18050.40000270688,23.6,1
alcatel,Android,17.78,no,no,2.0,0.3,32.0,4.0,2580.0,159.95,2016,813,3.850360345,4.384274107,4230.899999847521,7216.199998453132,27.1,1
alcatel,Android,15.24,no,no,13.0,8.0,32.0,4.0,2580.0,179.0,2016,770,4.268717949,4.796699224,6428.699998927172,10899.9000050907,25.666666666666668,1
alcatel,Android,15.24,yes,no,8.0,5.0,32.0,4.0,2580.0,159.95,2016,780,4.35850209,4.619467491,7032.600002623691,9129.600002840074,26.0,1
alcatel,Android,10.16,no,no,2.0,0.3,16.0,4.0,1500.0,159.95,2016,893,3.674526948,4.085303818,3548.7000003920043,5351.40000230136,29.766666666666666,1
alcatel,Android,12.83,yes,no,5.0,2.0,32.0,4.0,2580.0,174.0,2016,622,4.138999203,4.78857449,5646.600001340887,10811.70000288366,20.733333333333334,1
alcatel,Android,12.83,yes,no,8.0,2.0,16.0,4.0,2500.0,173.0,2015,1040,4.129550818,4.880982086,5593.5000002420875,11858.400001548891,34.666666666666664,1
alcatel,Android,12.7,yes,no,13.0,5.0,16.0,4.0,3000.0,140.0,2015,566,4.288539792,5.441161511,6557.400002751368,20763.900008772387,18.866666666666667,1
alcatel,Android,12.83,yes,no,13.0,8.0,16.0,4.0,3500.0,147.0,2015,1041,4.475744639,4.862908382,7907.400003577044,11645.99999922204,34.7,1
alcatel,Android,10.29,yes,no,5.0,0.3,16.0,4.0,2000.0,144.9,2015,562,3.955465563,4.872445449,4699.799998726436,11757.6000039716,18.733333333333334,1
alcatel,Android,12.83,yes,no,13.0,8.0,16.0,4.0,2910.0,141.0,2015,1073,4.261552481,5.527085073,6382.799998685096,22626.900008768658,35.766666666666666,1
alcatel,Android,10.34,yes,no,13.0,5.0,32.0,4.0,2000.0,110.0,2015,736,4.577593418,5.306384738,8755.199998092621,18145.800006790247,24.533333333333335,1
alcatel,Android,12.83,yes,no,5.0,2.0,32.0,4.0,2800.0,142.95,2015,658,4.135806352,4.780718858,5628.59999983286,10727.099994694194,21.933333333333334,1
alcatel,Android,20.32,no,no,2.0,0.3,16.0,4.0,3240.0,335.0,2015,686,4.385894146,4.602667056,7227.89999855174,8977.500002065066,22.866666666666667,1
alcatel,Android,17.78,yes,no,2.0,0.3,16.0,4.0,2820.0,260.0,2015,893,4.244917421,4.870453263,6277.500001873991,11734.199994175222,29.766666666666666,1
alcatel,Android,17.78,no,no,2.0,0.3,16.0,4.0,2820.0,260.0,2015,917,4.097340071,4.602265973,5416.199998906472,8973.900001429525,30.566666666666666,1
alcatel,Android,17.78,no,no,2.0,0.3,16.0,4.0,2820.0,260.0,2015,976,3.974246349,4.377139713,4788.900001875918,7164.899999280022,32.53333333333333,1
alcatel,Android,23.01,yes,no,5.0,2.0,32.0,4.0,4600.0,380.0,2015,713,4.911404104,5.524177225,12224.700002024414,22561.1999919575,23.766666666666666,1
alcatel,Android,12.7,yes,no,5.0,2.0,16.0,4.0,2820.0,142.95,2015,732,3.961955374,4.377642036,4730.399999165769,7168.499997447602,24.4,1
alcatel,Android,10.29,yes,no,5.0,0.3,16.0,4.0,2820.0,125.0,2015,629,3.341801172,4.064057161,2544.3000007492983,5238.899998514017,20.966666666666665,1
alcatel,Android,10.16,yes,no,2.0,0.3,16.0,4.0,2820.0,110.0,2015,1092,3.021887231,3.919197209,1847.6999999430127,4532.399999201633,36.4,1
alcatel,Others,7.75,no,no,2.0,0.3,512.0,0.25,2820.0,98.0,2015,786,2.863343086,3.67832394,1576.8000007753985,3562.1999993786817,26.2,1
alcatel,Android,10.16,no,no,5.0,0.3,16.0,4.0,1400.0,114.0,2014,829,3.927699485,4.86190324,4571.100000854094,11634.29999655792,27.633333333333333,1
alcatel,Android,7.75,no,no,2.0,0.3,16.0,4.0,1300.0,101.0,2014,803,3.539508997,4.362206507,3100.4999985748004,7058.699998414791,26.766666666666666,1
alcatel,Android,12.7,no,no,5.0,0.3,16.0,4.0,2000.0,149.0,2014,702,3.586292865,4.795873187,3248.999998899124,10890.900002069691,23.4,1
alcatel,Others,7.75,no,no,1.3,0.3,256.0,0.25,1000.0,93.0,2014,672,2.506341931,3.323956301,1103.4000005428009,2499.2999992034524,22.4,1
alcatel,Android,10.29,yes,no,5.0,0.3,32.0,4.0,2000.0,147.0,2014,929,3.90499839,5.183467525,4468.499997805154,16047.000002100638,30.966666666666665,1
alcatel,Android,10.29,yes,no,5.0,0.3,32.0,4.0,2000.0,147.0,2014,658,4.160912273,4.865378281,5771.699999072075,11674.799994873392,21.933333333333334,1
alcatel,Android,12.7,no,no,5.0,0.3,16.0,4.0,2000.0,149.1,2014,718,3.927305629,4.51338379,4569.300000185958,8210.699997065632,23.933333333333334,1
alcatel,Android,10.16,no,no,5.0,0.3,16.0,4.0,1400.0,121.1,2014,969,3.645449896,4.115942962,3446.9999993567894,5517.900001243754,32.3,1
alcatel,Android,20.32,yes,no,5.0,3.0,32.0,4.0,4100.0,327.0,2014,794,4.596230344,5.516850305,8919.89999626598,22396.499993178855,26.466666666666665,1
alcatel,Android,20.32,yes,no,5.0,2.0,32.0,4.0,4060.0,310.0,2014,892,4.554718642,5.634146539,8557.199995789917,25183.79999231541,29.733333333333334,1
alcatel,Android,15.24,yes,no,13.1,5.0,16.0,4.0,3100.0,175.0,2014,654,4.536248741,6.127938481,8400.600004018259,41264.09999142307,21.8,1
alcatel,Android,7.75,no,no,2.0,0.3,16.0,4.0,1300.0,100.0,2014,921,2.779440197,4.394572604,1449.8999997261383,7290.90000114905,30.7,1
alcatel,Android,10.29,no,no,5.0,0.3,16.0,4.0,1800.0,150.0,2014,632,3.921775297,4.590259573,4544.100000586986,8866.799997762577,21.066666666666666,1
alcatel,Android,10.16,no,no,3.15,0.3,16.0,4.0,1300.0,116.0,2014,867,3.385745277,3.685373315,2658.599999725542,3587.4000007725517,28.9,1
alcatel,Others,5.28,no,no,3.15,0.3,16.0,4.0,750.0,98.0,2014,1029,3.314549575,3.932413695,2475.9000001572613,4592.699999651506,34.3,1
alcatel,Others,5.18,no,no,2.0,0.3,128.0,0.25,750.0,95.0,2014,787,3.601413428,3.907613297,3298.4999989027187,4480.200000271295,26.233333333333334,1
alcatel,Others,5.18,no,no,0.3,0.3,16.0,0.25,850.0,77.9,2014,809,1.617406082,3.371768571,453.5999999622254,2621.7000000751295,26.966666666666665,1
alcatel,Others,5.18,no,no,2.0,0.3,128.0,4.0,850.0,85.0,2014,656,2.335052283,3.01406323,929.6999998777005,1833.299999562365,21.866666666666667,1
alcatel,Android,12.93,yes,no,8.0,2.0,32.0,4.0,3400.0,182.0,2014,578,4.742755849,5.637820719,10327.50000061289,25276.500000544907,19.266666666666666,1
alcatel,Android,12.7,yes,no,5.0,0.3,16.0,4.0,3000.0,162.0,2014,753,4.162781724,4.940641922,5782.50000129916,12587.399996529395,25.1,1
alcatel,Android,10.16,yes,no,5.0,0.3,16.0,4.0,2000.0,130.0,2014,951,3.56671182,4.799008503,3185.9999995548246,10925.100000986398,31.7,1
alcatel,Others,17.78,no,no,0.3,0.3,16.0,4.0,2000.0,285.0,2014,701,3.994708372,4.38887811,4887.899999771471,7249.5000027331835,23.366666666666667,1
alcatel,Others,10.29,no,no,5.0,0.3,16.0,4.0,1700.0,103.0,2014,955,3.268808194,4.224787858,2365.2000009072676,6152.3999984779575,31.833333333333332,1
alcatel,Others,7.75,no,no,0.3,0.3,16.0,4.0,1300.0,100.0,2014,785,3.02431973,3.525183361,1852.1999992481858,3056.399998645566,26.166666666666668,1
alcatel,Android,12.7,yes,no,8.0,1.3,32.0,4.0,2150.0,126.0,2014,653,4.411706789,5.637108341,7416.900001666636,25258.499990194447,21.766666666666666,1
alcatel,Android,12.7,no,no,8.0,2.0,32.0,4.0,2000.0,128.0,2014,834,3.943134,5.298867215,4642.199997896161,18009.899993633993,27.8,1
alcatel,Android,10.29,yes,no,8.0,2.0,16.0,4.0,2000.0,116.0,2014,568,4.222884351,5.291292752,6140.700001060303,17874.0000069517,18.933333333333334,1
alcatel,Android,10.29,no,no,8.0,0.3,16.0,4.0,1700.0,110.0,2014,571,3.998384171,5.07567369,4905.899999626223,14407.199996031139,19.033333333333335,1
alcatel,Others,5.18,no,no,2.0,0.3,16.0,4.0,1000.0,89.0,2013,606,2.83085763,4.104954741,1526.3999994447613,5457.599998176529,20.2,1
alcatel,Android,12.7,no,no,13.1,2.0,16.0,4.0,2500.0,125.0,2014,540,4.004055091,5.671155972,4933.800000618501,26133.300004466004,18.0,1
alcatel,Android,12.83,no,no,8.0,2.0,16.0,4.0,2500.0,189.0,2014,906,4.234251422,4.954770161,6210.900002282439,12766.499996746323,30.2,1
alcatel,Android,10.29,no,no,5.0,0.3,16.0,4.0,1800.0,130.0,2013,967,3.715277928,4.701752284,3696.3000001165547,9912.60000164217,32.233333333333334,1
alcatel,Android,10.16,no,no,5.0,0.3,16.0,4.0,1400.0,136.5,2013,904,3.711618941,4.255754544,3682.7999996927592,6345.90000170737,30.133333333333333,1
alcatel,Android,12.7,no,no,5.0,0.3,16.0,4.0,1800.0,162.0,2013,684,3.912422925,4.870376562,4501.799997976562,11733.300003816987,22.8,1
alcatel,Android,10.29,no,no,5.0,0.3,16.0,4.0,1800.0,157.0,2013,921,3.937495801,4.60366906,4616.099998148125,8986.500001241713,30.7,1
alcatel,Android,10.16,no,no,5.0,0.3,16.0,4.0,1300.0,110.0,2013,764,3.557346064,4.3797741,3156.299999519968,7183.8000027256185,25.466666666666665,1
alcatel,Android,7.75,no,no,2.0,0.3,16.0,4.0,1300.0,100.0,2013,837,3.215670694,4.264087337,2242.8000001811006,6399.000001220962,27.9,1
alcatel,Android,10.34,no,no,13.0,1.3,16.0,4.0,2000.0,117.4,2013,692,4.793805105,5.888268354,10868.400001753742,32470.199990923535,23.066666666666666,1
alcatel,Android,15.24,no,no,13.0,2.0,32.0,4.0,3400.0,177.6,2013,817,4.55744945,5.911798852,8580.600001916224,33243.30001031453,27.233333333333334,1
alcatel,Android,10.34,yes,no,8.0,1.3,16.0,4.0,2000.0,110.0,2013,586,3.643620548,5.068212139,3440.7000010035786,14300.100001426066,19.533333333333335,1
alcatel,Android,10.24,no,no,5.0,0.3,16.0,4.0,1700.0,96.0,2013,831,3.156148995,4.866995844,2113.2000000847484,11693.700001231988,27.7,1
alcatel,Android,7.75,no,no,2.0,0.3,512.0,0.25,1300.0,118.0,2013,858,2.842581094,3.934957977,1544.3999999076195,4604.400001332319,28.6,1
alcatel,Android,12.7,no,no,13.1,2.1,32.0,4.0,2000.0,130.0,2013,608,4.674696249,5.913421921,9648.000003505103,33297.29999101172,20.266666666666666,1
alcatel,Others,7.75,no,no,3.15,0.3,16.0,0.25,1400.0,108.0,2013,858,3.526654599,4.801969762,3060.8999999415246,10957.50000040872,28.6,1
alcatel,Android,10.16,no,no,5.0,0.3,16.0,4.0,1500.0,119.5,2013,1084,3.609294975,5.390075792,3324.600000761021,19729.80000419106,36.13333333333333,1
alcatel,Android,12.7,no,no,5.0,0.3,16.0,4.0,2500.0,163.0,2013,789,3.667144962,5.136621628,3522.6000001129696,15312.600006925308,26.3,1
alcatel,Android,11.81,no,no,8.0,1.3,16.0,4.0,1800.0,115.0,2013,585,3.54702783,5.589044797,3123.9000003945653,24073.199995527728,19.5,1
alcatel,Android,11.84,no,no,8.0,2.0,16.0,4.0,1800.0,109.0,2013,898,3.996731733,5.435467205,4897.799998260789,20646.00000629145,29.933333333333334,1
alcatel,Android,7.75,no,no,2.0,0.3,512.0,0.25,1400.0,118.0,2013,911,3.63968921,4.602065371,3427.2000002633295,8972.099999689453,30.366666666666667,1
alcatel,Android,7.75,no,no,3.15,0.3,16.0,4.0,1400.0,122.0,2013,597,3.387774361,4.610257225,2663.9999991208406,9045.89999966848,19.9,1
alcatel,Android,10.16,no,no,5.0,0.3,16.0,4.0,1400.0,136.5,2013,900,3.756538103,4.953782716,3852.0000015879828,12753.900002081704,30.0,1
alcatel,Android,10.29,no,no,5.0,0.3,16.0,4.0,1800.0,139.0,2013,573,4.123093976,5.010835274,5557.500002733808,13502.699998664282,19.1,1
alcatel,Android,12.7,yes,no,8.0,1.3,16.0,4.0,2500.0,135.0,2013,1042,4.234541193,5.862067454,6212.700001768233,31630.500011959037,34.733333333333334,1
alcatel,Android,12.7,no,no,12.0,1.0,16.0,4.0,2500.0,130.0,2013,733,4.812997033,6.430783428,11078.999997890474,55859.400001527436,24.433333333333334,1
alcatel,Android,12.7,no,no,8.0,0.3,16.0,4.0,2500.0,135.0,2013,847,4.365643155,5.398117452,7082.999997001359,19889.100007454166,28.233333333333334,1
others,Android,15.29,yes,no,12.0,8.0,32.0,4.0,4000.0,168.0,2018,396,4.491441421,5.391488897,8032.5000027330725,19757.699991388978,13.2,24
others,Android,15.29,yes,no,12.0,16.0,32.0,4.0,3000.0,210.0,2018,616,4.930870326,5.803265753,12465.000004644544,29824.199995790274,20.533333333333335,24
others,Android,15.24,yes,no,13.0,13.0,64.0,4.0,3050.0,156.0,2017,681,5.185540529,6.106866974,16080.300000883193,40403.70001681524,22.7,24
others,Android,12.83,yes,no,13.0,13.0,32.0,4.0,3000.0,143.6,2018,492,4.829273277,5.395897695,11260.800002285936,19845.000002244466,16.4,24
others,Android,12.7,yes,no,8.0,8.0,16.0,4.0,2500.0,145.0,2017,683,4.050044303,5.00428182,5165.99999831836,13414.499998335525,22.766666666666666,24
others,Android,12.83,yes,no,13.0,13.0,64.0,4.0,3000.0,167.5,2017,825,5.181839728,6.039015849,16020.899992160306,37753.2000012759,27.5,24
others,Android,12.83,yes,no,16.0,8.0,64.0,4.0,3000.0,144.0,2016,601,4.863758098,6.105997864,11655.899997255083,40368.60001218554,20.033333333333335,24
others,Android,15.24,yes,no,13.0,5.0,64.0,4.0,5020.0,209.8,2016,636,4.617395156,6.039015849,9110.700003547154,37753.2000012759,21.2,24
others,Android,12.83,yes,no,13.0,5.0,32.0,4.0,3150.0,147.6,2016,1046,4.534425781,5.704948461,8385.299996123198,27031.499991994067,34.86666666666667,24
others,Android,12.7,yes,no,13.0,5.0,16.0,4.0,2350.0,128.0,2015,725,4.628984364,5.297967305,9216.899999194937,17993.69999489445,24.166666666666668,24
others,Android,12.7,yes,no,13.0,5.0,16.0,4.0,2350.0,128.0,2015,636,4.323205074,5.185428584,6788.700000912809,16078.499992452453,21.2,24
others,Android,12.7,yes,no,8.0,5.0,16.0,4.0,2400.0,137.0,2015,1048,4.072439727,5.084319367,5283.000000876709,14532.300001547257,34.93333333333333,24
others,Android,12.83,yes,no,13.0,5.0,16.0,4.0,3150.0,155.3,2015,879,4.649952329,5.704915166,9412.200002259076,27030.599993184653,29.3,24
others,Android,12.83,yes,no,13.0,5.0,16.0,4.0,3150.0,155.3,2015,816,4.277915338,5.525492779,6488.099997297787,22590.900000550842,27.2,24
others,Android,10.34,yes,no,8.0,5.0,16.0,4.0,2000.0,143.0,2015,1044,3.860519163,5.302259586,4274.100001876201,18071.100003963704,34.8,24
others,Android,12.7,no,no,5.0,2.0,16.0,4.0,2000.0,153.0,2015,580,3.663561646,4.781976562,3509.99999954494,10740.599998991069,19.333333333333332,24
others,Android,12.7,no,no,8.0,5.0,16.0,4.0,4000.0,200.0,2016,1050,4.052654135,5.124261554,5179.499999130406,15124.499997411982,35.0,24
others,Android,10.29,yes,no,5.0,0.3,32.0,4.0,1700.0,118.5,2016,650,3.529004086,4.860432367,3068.0999995403627,11617.199997865207,21.666666666666668,24
others,Android,12.7,yes,no,8.0,5.0,32.0,4.0,3140.0,154.0,2015,974,3.983971505,4.617395156,4835.700001253751,9110.700003547154,32.46666666666667,24
others,Android,12.83,yes,no,13.0,5.0,16.0,4.0,6000.0,212.0,2015,1042,4.720550337,5.700276335,10100.699999715516,26905.49999120423,34.733333333333334,24
others,Android,10.29,yes,no,5.0,2.0,16.0,4.0,4000.0,156.5,2015,672,3.716737782,4.947482479,3701.699999102957,12673.799998846844,22.4,24
others,Android,12.7,yes,no,13.0,5.0,16.0,4.0,2100.0,130.0,2015,805,4.308110952,5.478094021,6687.000001847527,21545.099996616704,26.833333333333332,24
others,Android,10.29,yes,no,8.0,2.0,32.0,4.0,1850.0,135.5,2015,664,4.266756065,4.944424264,6416.099999168878,12635.100000203935,22.133333333333333,24
others,Android,15.24,yes,no,24.0,8.0,64.0,4.0,3500.0,204.4,2015,924,5.053439323,6.19068419,14090.399998762572,43936.1999866953,30.8,24
others,Android,10.16,no,no,3.15,0.3,16.0,4.0,1400.0,118.5,2014,758,3.564449376,4.396545721,3178.8000008399677,7305.300001657686,25.266666666666666,24
others,Android,10.29,yes,no,5.0,0.3,32.0,4.0,1800.0,150.0,2014,945,3.664074335,4.941356667,3511.7999993153217,12596.399993708257,31.5,24
others,Android,10.16,no,no,3.15,0.3,16.0,4.0,1350.0,119.8,2014,1047,3.268808194,4.509649984,2365.2000009072676,8180.099998931034,34.9,24
others,Android,12.7,no,no,8.0,2.0,32.0,4.0,1920.0,149.7,2014,614,3.809103951,5.438905055,4059.8999982936057,20717.10000294839,20.466666666666665,24
others,Android,12.83,no,no,8.0,2.0,32.0,4.0,2400.0,146.4,2014,689,3.957760897,5.441551535,4710.59999951952,20772.00000760371,22.966666666666665,24
others,Android,10.34,no,no,16.0,4.0,16.0,4.0,2200.0,139.2,2014,786,4.326249619,5.703449086,6809.399998604871,26991.000006613784,26.2,24
others,Android,10.36,no,no,8.0,5.0,16.0,4.0,2050.0,97.0,2014,957,3.852485293,5.441291535,4239.900001221304,20766.59998963449,31.9,24
others,Windows,10.16,no,no,5.0,0.3,16.0,4.0,1420.0,110.0,2014,706,3.276389731,4.482889551,2383.1999998360184,7964.099997775958,23.533333333333335,24
others,Windows,12.7,no,no,8.0,2.0,32.0,4.0,2000.0,156.2,2014,643,3.89324785,5.12942523,4416.299999550367,15202.799999000523,21.433333333333334,24
others,Windows,10.34,no,no,8.0,2.0,32.0,4.0,1750.0,98.9,2014,1085,3.971988587,5.079725939,4778.100001932358,14465.700006060413,36.166666666666664,24
others,Android,10.16,no,no,5.0,0.3,16.0,4.0,1500.0,118.7,2014,635,3.462292481,4.867226711,2870.0999999369546,11696.400002328757,21.166666666666668,24
others,Android,12.7,no,no,13.0,5.0,16.0,4.0,2300.0,129.0,2014,965,4.421728002,5.828268918,7491.6000035552615,30579.29999655971,32.166666666666664,24
others,Android,10.34,no,no,13.0,2.0,16.0,4.0,2100.0,143.1,2014,739,4.414009681,5.669260041,7434.000003516782,26083.800009969804,24.633333333333333,24
others,Android,12.83,no,no,16.0,8.0,32.0,4.0,2500.0,150.5,2014,609,5.009301071,6.153795959,13481.999998879392,42344.999998922984,20.3,24
others,Android,12.7,no,no,13.0,5.0,16.0,4.0,2500.0,143.5,2014,563,4.045504397,5.734667258,5142.600001015012,27846.899993394112,18.766666666666666,24
others,Android,17.78,no,no,0.3,0.3,32.0,4.0,3000.0,402.0,2013,646,4.378144107,4.505460342,7172.0999970619,8145.900001310844,21.533333333333335,24
others,Android,23.04,no,no,2.0,0.3,32.0,4.0,8000.0,645.4,2013,579,4.829992328,5.06940722,11268.900003596402,14317.199995139461,19.3,24
others,Android,17.78,no,no,0.3,0.3,32.0,4.0,3000.0,282.0,2013,571,3.880738715,4.242620879,4361.399998306121,6263.100000897138,19.033333333333335,24
others,Android,20.32,no,no,2.0,0.3,32.0,4.0,4400.0,472.4,2013,833,4.629472479,4.795625243,9221.40000450875,10888.200003497635,27.766666666666666,24
others,Android,17.78,no,no,0.3,0.3,32.0,4.0,3000.0,289.0,2013,578,4.197953545,4.395312979,5989.500000951607,7296.300000002801,19.266666666666666,24
others,Android,18.01,no,no,5.0,2.0,32.0,4.0,4000.0,374.0,2013,724,4.292375413,5.241217775,6582.600001835,17001.000008373605,24.133333333333333,24
others,Android,18.01,no,no,5.0,0.3,32.0,4.0,4000.0,357.0,2013,960,4.324662317,5.016219672,6798.599998067081,13575.599994703394,32.0,24
others,Others,5.18,no,no,0.08,2.0,16.0,4.0,1000.0,80.0,2014,1008,2.630448955,2.942331497,1249.1999999017396,1706.4000002954194,33.6,24
others,Android,11.81,no,no,8.0,1.0,16.0,4.0,2100.0,131.9,2014,556,4.338988645,5.396940235,6896.70000012198,19865.699996958152,18.533333333333335,24
others,Android,10.24,no,no,5.0,0.3,16.0,4.0,1700.0,153.7,2014,1048,3.568969157,4.852811209,3193.19999859059,11529.000001121907,34.93333333333333,24
others,Android,11.76,no,no,5.0,0.3,16.0,4.0,1700.0,147.7,2013,661,3.655064106,5.0681492,3480.300001325279,14299.199995755102,22.033333333333335,24
others,Android,10.29,no,no,8.0,2.0,16.0,4.0,3000.0,147.7,2013,783,4.137563681,5.596531284,5638.499998071195,24254.100002201667,26.1,24
others,Android,12.7,no,no,13.0,5.0,32.0,4.0,2000.0,129.4,2013,998,4.589447226,5.885631698,8859.600004227312,32384.700009847977,33.266666666666666,24
others,Android,7.75,no,no,2.0,0.3,16.0,4.0,1200.0,110.6,2013,695,3.360028105,4.399620943,2591.1000009740346,7327.799999451644,23.166666666666668,24
others,Android,10.16,no,no,3.15,0.3,16.0,4.0,1700.0,137.7,2013,1091,3.510350696,4.614129927,3011.400001328998,9080.999996734801,36.36666666666667,24
others,Android,10.29,no,no,5.0,0.3,16.0,4.0,1800.0,142.0,2013,1085,3.743841012,4.800572482,3803.3999992853,10942.199996492185,36.166666666666664,24
others,Android,10.34,no,no,8.0,2.0,32.0,4.0,1800.0,143.0,2014,617,4.34549231,5.304349139,6941.700000375492,18108.900003988387,20.566666666666666,24
others,Android,10.34,no,no,8.0,2.0,16.0,4.0,1800.0,124.9,2013,601,3.606584211,5.436861176,3315.5999987165105,20674.800000080715,20.033333333333335,24
others,Android,12.78,no,no,8.0,1.0,16.0,4.0,3000.0,176.9,2013,1088,4.033000932,5.436904706,5078.700000096249,20675.699993712944,36.266666666666666,24
others,Others,5.28,no,no,2.0,0.3,16.0,4.0,1280.0,113.6,2013,1046,2.915606229,3.047850228,1661.3999998758836,1896.300000348734,34.86666666666667,24
others,Android,7.75,no,no,2.0,0.3,512.0,0.25,1500.0,122.7,2013,977,3.314549575,4.249066507,2475.9000001572613,6303.599997367296,32.56666666666667,24
others,Android,10.29,no,no,8.0,1.0,16.0,4.0,2100.0,140.7,2013,822,4.035478809,5.134856817,5091.29999819226,15285.59999396218,27.4,24
others,Android,25.43,no,no,2.0,0.3,32.0,4.0,3830.0,500.0,2017,878,4.672641901,5.127884854,9628.199999007298,15179.39999777629,29.266666666666666,24
others,Android,20.32,no,no,2.0,0.3,16.0,4.0,3210.0,369.0,2017,790,4.154655409,4.699479865,5735.699998128999,9890.099995462097,26.333333333333332,24
others,Android,17.78,no,no,2.0,0.3,32.0,4.0,2980.0,295.0,2017,552,4.082777926,4.207822046,5337.900000797295,6048.900000109642,18.4,24
others,Android,17.78,no,no,2.0,0.3,32.0,4.0,2980.0,313.0,2015,821,2.888147063,3.925728652,1616.4000002035796,4562.099997790768,27.366666666666667,24
others,Android,17.78,no,no,2.0,0.3,32.0,4.0,2100.0,337.0,2014,925,4.157319361,4.784737955,5750.999997794554,10770.300004465096,30.833333333333332,24
others,Android,15.24,no,no,2.0,0.3,32.0,4.0,2100.0,290.0,2014,1032,3.998751009,4.514698283,4907.700000304423,8221.500001446859,34.4,24
others,Others,10.34,yes,no,13.0,2.1,32.0,4.0,2400.0,160.0,2014,988,4.216857137,5.068589687,6103.8000018464445,14305.499994895632,32.93333333333333,24
others,Android,17.78,yes,no,1.3,0.3,16.0,4.0,2000.0,303.0,2013,1016,3.925728652,5.137679021,4562.099997790768,15328.800006358022,33.86666666666667,24
others,Android,17.78,no,no,5.0,0.3,32.0,4.0,2000.0,345.0,2013,836,4.261693475,4.585987367,6383.699998633921,8829.000003784842,27.866666666666667,24
apple,iOS,25.53,yes,no,8.0,7.0,64.0,4.0,3969.0,456.0,2019,496,4.937060513,6.310081901,12542.399998693169,49508.099989940776,16.533333333333335,2
apple,iOS,18.01,yes,no,8.0,7.0,64.0,4.0,5124.0,300.5,2019,250,4.794632851,6.110158279,10877.400000724303,40536.89999733724,8.333333333333334,2
apple,iOS,30.71,yes,no,12.0,7.0,1024.0,4.0,9720.0,631.0,2018,543,5.808022363,7.003846972,29966.400010628357,99077.40004878126,18.1,2
apple,iOS,27.94,yes,no,12.0,7.0,1024.0,4.0,7812.0,468.0,2018,525,6.158968531,6.778898657,42564.60001908968,79119.0000113035,17.5,2
apple,iOS,15.37,yes,no,12.0,7.0,64.0,4.0,3174.0,208.0,2018,583,5.57059388,7.131154798,23633.099990252373,112528.80005244537,19.433333333333334,2
apple,iOS,12.9,yes,no,12.0,7.0,64.0,4.0,2658.0,177.0,2018,641,5.583458714,7.047795444,23939.099997843918,103528.80004974711,21.366666666666667,2
apple,iOS,15.27,yes,no,12.0,7.0,64.0,4.0,2942.0,194.0,2018,673,5.492649836,6.74521282,21860.99999982234,76498.20001562273,22.433333333333334,2
apple,iOS,23.04,yes,no,8.0,1.2,32.0,4.0,5493.0,469.0,2018,673,4.923478452,5.859075359,12373.20000022726,31535.99999803732,22.433333333333334,2
apple,iOS,12.9,yes,no,12.0,7.0,64.0,4.0,2716.0,174.0,2017,629,4.522114611,6.906754779,8282.700001236064,89910.00003159855,20.966666666666665,2
apple,iOS,12.83,yes,no,12.0,7.0,64.0,4.0,2691.0,202.0,2017,815,5.175414999,6.644830858,15918.29999288926,69192.0000237963,27.166666666666668,2
apple,iOS,10.34,yes,no,12.0,7.0,64.0,4.0,1821.0,148.0,2017,604,5.120684799,6.554659636,15070.499996379862,63225.90000113613,20.133333333333333,2
apple,iOS,30.71,yes,no,12.0,7.0,64.0,4.0,2256.0,677.0,2017,541,5.759185645,6.803094518,28538.0999927538,81056.69996444983,18.033333333333335,2
apple,iOS,25.53,yes,no,12.0,7.0,64.0,4.0,8134.0,469.0,2017,629,5.2907891,6.594071404,17864.999997726758,65767.50000056856,20.966666666666665,2
apple,iOS,23.04,yes,no,8.0,1.2,32.0,4.0,8827.0,469.0,2017,578,4.669458676,5.966505649,9597.600001243334,35112.59999765495,19.266666666666666,2
apple,iOS,12.83,yes,no,12.0,7.0,32.0,4.0,2900.0,188.0,2016,833,4.750568389,6.534979989,10408.500003357276,61993.800018807044,27.766666666666666,2
apple,iOS,10.34,yes,no,12.0,7.0,32.0,4.0,1960.0,138.0,2016,1026,4.68111219,6.309081565,9710.100004240901,49458.60001765912,34.2,2
apple,iOS,23.04,yes,no,12.0,5.0,32.0,4.0,7306.0,437.0,2016,704,5.37347122,6.535546014,19404.89999711913,62028.89999225683,23.466666666666665,2
apple,iOS,10.16,yes,no,12.0,1.2,16.0,4.0,1624.0,113.0,2016,894,4.437461342,5.707840895,7610.400003333489,27109.800005863788,29.8,2
apple,iOS,12.83,yes,no,12.0,5.0,16.0,4.0,2750.0,192.0,2015,667,4.633077139,6.152605027,9254.6999977687,42294.60000082647,22.233333333333334,2
apple,iOS,10.34,yes,no,12.0,5.0,16.0,4.0,1715.0,143.0,2015,778,5.170370352,6.217503902,15838.199996556543,45130.500021021,25.933333333333334,2
apple,iOS,30.71,yes,no,8.0,1.2,32.0,4.0,3937.0,713.0,2015,572,5.558872303,6.744671484,23357.700003260914,76456.79999269152,19.066666666666666,2
apple,iOS,18.01,yes,no,8.0,1.2,16.0,4.0,5124.0,299.0,2015,547,4.463145686,5.886187361,7808.400000322691,32402.699989907873,18.233333333333334,2
apple,iOS,23.04,yes,no,8.0,1.2,16.0,4.0,7340.0,437.0,2014,914,4.591983624,6.086706543,8882.099998366442,39597.30000912167,30.466666666666665,2
apple,iOS,18.01,yes,no,5.0,1.2,16.0,4.0,6470.0,331.0,2014,719,4.37298589,5.991739509,7135.199999844933,36009.899989110156,23.966666666666665,2
apple,iOS,12.83,yes,no,8.0,1.2,16.0,4.0,2915.0,172.0,2014,1082,4.25177557,6.040944949,6320.699998919611,37826.099992477204,36.06666666666667,2
apple,iOS,10.34,yes,no,8.0,1.2,16.0,4.0,1810.0,129.0,2014,877,3.93064847,5.890262042,4584.60000205706,32535.000013052406,29.233333333333334,2
apple,iOS,23.04,yes,no,5.0,1.2,16.0,4.0,8600.0,469.0,2013,995,4.628398312,5.857075644,9211.499999011618,31472.999997817973,33.166666666666664,2
apple,iOS,18.01,yes,no,5.0,1.2,16.0,4.0,6470.0,331.0,2013,945,4.42208834,5.601417468,7494.299998143453,24372.900000531987,31.5,2
apple,iOS,10.16,yes,no,8.0,1.2,16.0,4.0,1560.0,112.0,2013,1070,3.879706404,5.800031607,4356.900000210862,29727.899986754303,35.666666666666664,2
apple,iOS,10.16,yes,no,8.0,1.2,32.0,4.0,1510.0,132.0,2013,712,4.666359354,5.703148941,9567.899997124712,26982.90000856457,23.733333333333334,2
others,Android,16.23,yes,no,8.0,16.0,128.0,4.0,3400.0,166.0,2019,399,4.573576314,5.696824994,8720.099996538884,26812.79999762164,13.3,24
others,Android,17.4,yes,no,8.0,5.0,32.0,4.0,5000.0,214.0,2019,317,4.411828126,5.016948656,7417.80000066262,13585.49999792349,10.566666666666666,24
others,Android,15.9,yes,no,8.0,5.0,64.0,4.0,3000.0,162.0,2019,257,4.289637185,4.863680881,6564.599997501947,11654.999998373047,8.566666666666666,24
others,Android,14.5,yes,no,8.0,5.0,32.0,4.0,2800.0,150.0,2019,499,4.332573751,4.605370166,6852.600000312812,9001.8000000832,16.633333333333333,24
others,Android,12.7,yes,no,8.0,2.0,16.0,4.0,4000.0,210.0,2018,516,3.976686519,5.002132582,4800.6000011815795,13385.700005293953,17.2,24
others,Android,14.55,yes,no,13.0,5.0,128.0,4.0,3100.0,170.0,2017,635,4.687303016,5.704715373,9770.400004625177,27025.200007977794,21.166666666666668,24
others,Android,12.75,yes,no,13.0,16.0,128.0,4.0,3000.0,155.0,2017,783,5.257599533,5.991739509,17281.799995342935,36009.899989110156,26.1,24
others,Android,25.43,yes,no,13.0,5.0,64.0,4.0,6600.0,510.0,2017,727,5.225854195,5.70388247,16741.800003108605,27002.7000092745,24.233333333333334,24
others,Android,12.75,yes,no,13.0,16.0,64.0,4.0,2950.0,155.0,2017,769,5.050881123,5.857561657,14054.400004711282,31488.300002665368,25.633333333333333,24
others,Android,12.75,yes,no,8.0,5.0,16.0,4.0,3000.0,130.0,2017,665,4.11038194,5.525652122,5487.300000440494,22594.499989138505,22.166666666666668,24
others,Android,12.83,yes,no,13.0,5.0,32.0,4.0,3000.0,167.5,2017,604,4.244056835,5.303155643,6272.099997174875,18087.29999659442,20.133333333333333,24
others,Android,12.7,yes,no,8.0,3.0,32.0,4.0,3500.0,223.0,2017,669,4.42604352,5.140083361,7523.999999317907,15365.699995649326,22.3,24
others,Android,12.83,yes,no,13.0,5.0,16.0,4.0,3000.0,167.5,2017,624,4.616209033,5.21123326,9099.899999059908,16498.80000592434,20.8,24
others,Android,12.7,yes,no,13.0,5.0,16.0,4.0,2400.0,160.0,2017,773,4.322409318,4.862908382,6783.300000981011,11645.99999922204,25.766666666666666,24
others,Android,12.83,yes,no,20.7,8.0,64.0,4.0,2950.0,193.0,2016,608,4.824225391,5.519939761,11204.099995589002,22465.799988984843,20.266666666666666,24
others,Android,12.7,yes,no,13.0,5.0,32.0,4.0,2100.0,154.0,2015,594,4.231784971,4.934401988,6195.59999787281,12509.099998790789,19.8,24
others,Android,12.7,yes,no,8.0,2.0,32.0,4.0,2000.0,160.0,2014,565,4.306494572,5.013564334,6676.199999589783,13539.60000538692,18.833333333333332,24
others,Android,12.7,yes,no,16.0,8.0,16.0,4.0,2700.0,142.0,2014,1007,4.322939892,5.294861402,6786.899998543832,17937.90000762996,33.56666666666667,24
others,Windows,10.16,no,no,5.0,2.0,16.0,4.0,1700.0,150.0,2014,951,3.658162481,4.347693956,3491.099998422457,6957.000002828878,31.7,24
others,Android,20.32,yes,no,5.0,2.0,32.0,4.0,3500.0,150.0,2014,872,4.333623895,5.63045881,6859.799996942488,25091.099994044445,29.066666666666666,24
others,Android,15.34,no,no,8.0,2.0,16.0,4.0,2800.0,232.0,2014,714,4.424487286,5.480930547,7512.300001031847,21606.299989581337,23.8,24
others,Android,12.7,no,no,8.0,2.0,32.0,4.0,2000.0,140.0,2014,551,4.029094677,5.484838426,5058.899999929257,21690.899991199,18.366666666666667,24
others,Android,10.16,no,no,5.0,0.3,16.0,4.0,1400.0,115.0,2014,676,3.336125385,4.774406503,2529.900000206337,10659.599997512149,22.533333333333335,24
others,Android,12.7,yes,no,8.0,2.0,32.0,4.0,2000.0,160.0,2014,985,4.476086033,5.632608655,7910.100003349498,25145.09999492884,32.833333333333336,24
others,Android,10.29,yes,no,5.0,0.3,16.0,4.0,1850.0,140.0,2014,691,3.824065727,5.437470428,4121.100001364067,20687.400001228572,23.033333333333335,24
asus,Android,15.9,yes,no,13.0,8.0,32.0,4.0,4000.0,165.0,2019,524,4.727918651,5.701346176,10175.399997485209,26934.30000118913,17.466666666666665,3
asus,Android,15.9,yes,no,13.0,8.0,64.0,4.0,4000.0,165.0,2019,397,4.462799845,5.738280515,7805.700002370089,27947.699998217806,13.233333333333333,3
asus,Android,13.84,yes,no,13.0,8.0,32.0,4.0,4000.0,150.0,2018,575,4.383151002,4.787491743,7208.099997581026,10800.000002353907,19.166666666666668,3
asus,Android,13.84,yes,no,13.0,5.0,16.0,4.0,3000.0,140.0,2018,370,4.203497876,4.386018656,6022.7999992855575,7228.800000409013,12.333333333333334,3
asus,Android,15.24,yes,no,13.0,8.0,128.0,4.0,4000.0,200.0,2018,535,4.614724399,6.855693268,9086.400001881766,85434.29998674337,17.833333333333332,3
asus,Android,12.83,yes,no,13.0,5.0,32.0,4.0,3000.0,140.0,2018,667,4.194642284,4.62045281,5969.700002761199,9138.600004393395,22.233333333333334,3
asus,Android,15.21,yes,no,13.0,8.0,64.0,4.0,5000.0,180.0,2018,386,4.399129543,5.075173815,7324.200003123449,14399.999996632896,12.866666666666667,3
asus,Android,15.29,yes,no,13.0,8.0,256.0,4.0,3300.0,165.0,2018,482,4.727299319,6.217184776,10169.099997751055,45116.10000290359,16.066666666666666,3
asus,Android,15.29,yes,no,13.0,8.0,64.0,4.0,3300.0,165.0,2018,438,5.152597712,5.990363942,15559.199996909474,35960.40001208453,14.6,3
asus,Android,15.24,yes,no,13.0,8.0,64.0,4.0,3300.0,168.0,2018,511,4.548599834,5.523818137,8504.999995750077,22553.09999016855,17.033333333333335,3
asus,Android,12.83,yes,no,13.0,8.0,32.0,4.0,4000.0,150.0,2018,516,4.573576314,5.070914758,8720.099996538884,14338.799995505593,17.2,3
asus,Android,12.88,yes,no,13.0,8.0,64.0,4.0,4130.0,160.0,2017,585,4.465103197,5.51765368,7823.6999992882575,22414.500010774813,19.5,3
asus,Android,12.83,yes,no,13.0,8.0,64.0,4.0,3600.0,175.0,2017,592,4.935049307,5.964350255,12517.19999825184,35037.00001343985,19.733333333333334,3
asus,Android,12.83,yes,no,13.0,8.0,64.0,4.0,3300.0,165.0,2017,722,4.993828176,5.991339539,13275.000002922166,35995.49998938742,24.066666666666666,3
asus,Android,12.83,yes,no,13.0,13.0,16.0,4.0,3000.0,144.0,2017,708,4.57460788,5.191733881,8729.099996460776,16180.199997649777,23.6,3
asus,Android,12.83,yes,no,13.0,13.0,32.0,4.0,3000.0,144.0,2017,781,4.507336826,5.020849617,8161.200002943518,13638.60000677528,26.033333333333335,3
asus,Android,12.83,yes,no,16.0,8.0,64.0,4.0,3000.0,147.0,2017,868,4.608464753,5.516850305,9029.700000564162,22396.499993178855,28.933333333333334,3
asus,Android,12.83,yes,no,16.0,8.0,64.0,4.0,3000.0,144.0,2017,818,4.600559573,5.666115221,8958.599996144145,26001.90000191263,27.266666666666666,3
asus,Android,12.75,yes,no,13.0,8.0,32.0,4.0,4100.0,156.0,2017,542,4.677490848,5.202356975,9675.00000418233,16352.999993424039,18.066666666666666,3
asus,Android,12.83,yes,no,13.0,8.0,32.0,4.0,5000.0,181.0,2017,754,4.739089004,5.396396437,10289.700004590457,19854.900005804146,25.133333333333333,3
asus,Android,12.83,yes,no,16.0,16.0,32.0,4.0,5000.0,181.0,2017,797,4.999911331,5.5139125,13356.000003562309,22330.799997657123,26.566666666666666,3
asus,Android,12.83,yes,no,13.0,8.0,32.0,4.0,5000.0,181.0,2017,612,4.342895917,5.600272098,6923.699996740022,24344.999993024267,20.4,3
asus,Android,18.01,yes,no,13.0,5.0,64.0,4.0,4680.0,168.0,2017,847,4.841901011,5.704582155,11403.900002157425,27021.600004681073,28.233333333333334,3
asus,Android,12.83,yes,no,13.0,5.0,16.0,4.0,3000.0,168.0,2017,755,4.456902169,4.769497479,7759.799997524714,10607.399995653434,25.166666666666668,3
asus,Android,12.7,yes,no,13.0,5.0,16.0,4.0,2650.0,120.0,2017,617,4.08311508,5.00816558,5339.699998555333,13466.699997369577,20.566666666666666,3
asus,Android,12.75,yes,no,13.0,8.0,32.0,4.0,5000.0,175.0,2017,858,4.258587006,5.192845734,6363.900002442787,16198.200006385283,28.6,3
asus,Android,23.04,yes,no,8.0,5.0,32.0,4.0,7800.0,490.0,2017,588,5.172584061,5.993287884,15873.299998694056,36065.70000653355,19.6,3
asus,Android,12.88,yes,no,23.0,8.0,64.0,4.0,3300.0,170.0,2017,796,5.034807446,6.08893149,13830.299999070043,39685.49998673752,26.533333333333335,3
asus,Android,12.83,yes,no,13.0,13.0,32.0,4.0,5000.0,170.0,2017,582,4.967379785,5.768633447,12928.499994501533,28809.000000696677,19.4,3
asus,Android,15.47,no,no,5.0,2.0,32.0,4.0,3480.0,270.0,2016,835,4.082103276,4.796038449,5334.30000106821,10892.700002717595,27.833333333333332,3
asus,Android,18.01,yes,no,8.0,2.0,32.0,4.0,4680.0,320.0,2016,1055,4.837709459,5.634253745,11356.200000651126,25186.499991502857,35.166666666666664,3
asus,Android,12.7,yes,no,13.0,5.0,16.0,4.0,2600.0,150.0,2016,981,4.137882864,4.860897087,5640.299998665594,11622.599997694992,32.7,3
asus,Android,12.83,yes,no,16.0,8.0,32.0,4.0,4100.0,175.0,2016,862,4.392348184,5.242117317,7274.700001849572,17016.300002385047,28.733333333333334,3
asus,Android,12.83,yes,no,16.0,8.0,64.0,4.0,3000.0,151.0,2016,801,4.462453884,5.636716317,7803.000001665972,25248.599992639403,26.7,3
asus,Android,23.04,yes,no,8.0,5.0,32.0,4.0,7800.0,490.0,2016,566,5.092522454,5.697227706,14652.00000632322,26823.600008435296,18.866666666666667,3
asus,Android,23.04,no,no,8.0,5.0,32.0,4.0,5900.0,430.0,2016,1063,5.008900457,5.825675571,13476.600002661104,30500.100001574174,35.43333333333333,3
asus,Android,12.75,yes,no,13.0,5.0,32.0,4.0,4130.0,148.0,2016,927,4.487062098,5.436512865,7997.40000393662,20667.59999381138,30.9,3
asus,Android,12.83,yes,no,13.0,8.0,16.0,4.0,3000.0,150.0,2016,669,4.333755086,5.078356246,6860.699999998748,14445.90000108162,22.3,3
asus,Android,12.75,yes,no,16.0,8.0,64.0,4.0,2600.0,144.0,2016,553,4.911477723,5.639137281,12225.60000534213,25309.799995882862,18.433333333333334,3
asus,Android,12.75,yes,no,13.0,5.0,32.0,4.0,4100.0,158.4,2016,599,4.388257184,5.3378265,7244.999996924373,18725.40000668967,19.966666666666665,3
asus,Android,15.44,yes,no,23.0,8.0,32.0,4.0,4600.0,233.0,2016,980,5.054141682,5.701078823,14100.299994283798,26927.099997795027,32.666666666666664,3
asus,Android,12.88,yes,no,23.0,8.0,64.0,4.0,3000.0,170.0,2016,676,4.749443675,5.438296677,10396.799998497498,20704.500008251212,22.533333333333335,3
asus,Android,12.83,yes,no,16.0,8.0,64.0,4.0,3000.0,155.0,2016,578,4.670021158,5.797272818,9602.999997045083,29646.000007603005,19.266666666666666,3
asus,Android,12.83,yes,no,13.0,5.0,32.0,4.0,5000.0,202.0,2016,928,4.446760449,5.140844508,7681.499998152986,15377.40000425227,30.933333333333334,3
asus,Android,10.29,yes,no,8.0,2.0,32.0,4.0,2070.0,135.0,2016,866,3.87036733,4.681297546,4316.39999931234,9711.899996351798,28.866666666666667,3
asus,Android,10.29,no,no,5.0,0.3,32.0,4.0,2070.0,125.0,2016,545,3.822973189,4.503801692,4116.600001668724,8132.400003254564,18.166666666666668,3
asus,Android,12.83,yes,no,8.0,5.0,16.0,4.0,3010.0,160.0,2016,1003,4.210645018,5.01349786,6066.000000495828,13538.70000392985,33.43333333333333,3
asus,Android,12.7,yes,no,8.0,5.0,16.0,4.0,2500.0,153.0,2016,624,3.985273467,4.700934808,4841.9999991878085,9904.500000272668,20.8,3
asus,Android,10.29,no,no,5.0,0.3,32.0,4.0,1600.0,133.5,2015,727,3.822973189,4.264087337,4116.600001668724,6399.000001220962,24.233333333333334,3
asus,Android,12.7,no,no,8.0,2.0,16.0,4.0,2070.0,140.0,2016,571,3.994708372,5.067456614,4887.899999771471,14289.299998722252,19.033333333333335,3
asus,Android,12.83,yes,no,13.0,5.0,16.0,4.0,3000.0,170.1,2015,862,4.421367533,5.191177491,7488.900000656486,16171.200000159566,28.733333333333334,3
asus,Android,12.83,yes,no,13.0,5.0,32.0,4.0,3000.0,185.0,2015,700,4.787658396,5.52469568,10801.800004738032,22572.89999159891,23.333333333333332,3
asus,Android,25.43,no,no,5.0,2.0,32.0,4.0,4890.0,510.0,2015,999,4.783483721,5.080036971,10756.799995863928,14470.200001449703,33.3,3
asus,Android,12.7,no,no,8.0,2.0,32.0,4.0,2070.0,135.0,2015,840,3.8019849,4.85624014,4031.099999116347,11568.600000657785,28.0,3
asus,Android,12.83,yes,no,13.0,5.0,32.0,4.0,5000.0,202.0,2015,1089,4.658521361,5.134915695,9493.199995394982,15286.500006013817,36.3,3
asus,Android,12.83,yes,no,13.0,5.0,64.0,4.0,3000.0,170.0,2015,715,4.799502655,5.857675979,10930.499995101156,31491.90001387459,23.833333333333332,3
asus,Android,15.24,yes,no,13.0,5.0,16.0,4.0,3000.0,190.0,2015,997,4.457018145,5.597532675,7760.700000277578,24278.40000452815,33.233333333333334,3
asus,Android,15.24,yes,no,13.0,5.0,16.0,4.0,3000.0,190.0,2015,1014,4.309590341,5.734117674,6696.8999972598285,27831.599987412494,33.8,3
asus,Android,12.83,yes,no,13.0,5.0,32.0,4.0,3000.0,170.0,2015,880,4.657762636,5.402001478,9485.999998982514,19966.50000349576,29.333333333333332,3
asus,Android,12.7,no,no,8.0,5.0,32.0,4.0,2040.0,140.0,2015,989,4.358374106,5.299366816,7031.699999939157,18018.900005701034,32.96666666666667,3
asus,Android,12.7,yes,no,13.0,5.0,32.0,4.0,2400.0,140.0,2015,592,4.450736133,5.354508646,7712.100002459951,19040.39999623421,19.733333333333334,3
asus,Android,17.78,no,no,8.0,2.0,16.0,4.0,3500.0,272.0,2015,885,4.565389316,5.071604954,8649.000000205442,14348.699993983959,29.5,3
asus,Android,12.7,yes,no,8.0,2.0,32.0,4.0,2500.0,155.1,2015,568,4.193435465,4.690797272,5962.500000796999,9804.600000436027,18.933333333333334,3
asus,Android,12.83,yes,no,13.0,8.0,32.0,4.0,3030.0,156.0,2015,777,4.337421451,5.704215714,6885.899998321489,27011.69999654898,25.9,3
asus,Android,20.32,yes,no,5.0,2.0,32.0,4.0,4000.0,350.0,2015,747,4.529476342,5.6327876,8343.900003179933,25149.599987461006,24.9,3
asus,Android,17.78,no,no,5.0,0.3,32.0,4.0,3450.0,265.0,2015,934,4.135166557,4.958569772,5625.000001449247,12815.100002653962,31.133333333333333,3
asus,Android,12.83,yes,no,13.0,13.0,16.0,4.0,3000.0,170.0,2015,794,4.831986983,5.635682062,11291.400003742003,25222.500001203887,26.466666666666665,3
asus,Android,12.7,yes,no,8.0,2.0,16.0,4.0,2500.0,155.0,2015,953,3.777119243,5.199325417,3932.100000144133,16303.499994439098,31.766666666666666,3
asus,Android,12.83,yes,no,13.0,5.0,16.0,4.0,3000.0,170.0,2015,685,4.547223226,5.52058053,8493.299999717667,22480.199990222485,22.833333333333332,3
asus,Android,12.83,yes,no,13.0,5.0,16.0,4.0,3000.0,170.0,2015,749,4.75272775,5.702681869,10430.99999639394,26970.299994277768,24.966666666666665,3
asus,Android,17.78,yes,no,5.0,2.0,32.0,4.0,3950.0,299.0,2015,970,4.703928958,5.393491173,9934.19999988719,19797.29999173202,32.333333333333336,3
asus,Android,10.29,no,no,5.0,0.3,32.0,4.0,2100.0,150.0,2015,547,3.678829118,4.503801692,3563.9999990718093,8132.400003254564,18.233333333333334,3
asus,Android,17.78,no,no,5.0,2.0,32.0,4.0,3950.0,280.0,2015,557,4.518195172,5.080472254,8250.300000217117,14476.500004559586,18.566666666666666,3
asus,Android,12.83,yes,no,13.0,5.0,16.0,4.0,3000.0,185.0,2015,626,4.271932712,5.991164502,6449.400000794515,35989.1999964378,20.866666666666667,3
asus,Android,12.7,yes,no,8.0,5.0,32.0,4.0,2500.0,140.0,2014,857,4.17699924,4.373490304,5865.29999798064,7138.80000248719,28.566666666666666,3
asus,Android,12.7,no,no,8.0,0.3,1024.0,4.0,2500.0,160.0,2014,860,3.523119986,4.594412529,3050.100001162211,8903.699997016096,28.666666666666668,3
asus,Android,25.43,no,no,5.0,0.3,32.0,4.0,5000.0,525.0,2014,1059,4.727387819,5.297917287,10170.000002925492,17992.800008516042,35.3,3
asus,Android,10.29,yes,no,5.0,2.0,32.0,4.0,2060.0,148.8,2014,1023,4.219654753,5.078729985,6120.899998852044,14451.300006335545,34.1,3
asus,Android,17.78,yes,no,5.0,2.0,16.0,4.0,3950.0,279.0,2014,583,4.191773708,5.482553756,5952.6000026569645,21641.400009808676,19.433333333333334,3
asus,Android,17.78,no,no,5.0,2.0,16.0,4.0,3950.0,269.0,2014,1022,4.226249633,5.480555587,6161.399999371295,21598.20001001631,34.06666666666667,3
asus,Android,12.7,yes,no,8.0,2.0,32.0,4.0,2110.0,145.0,2014,595,4.397653891,5.344246298,7313.400003220963,18845.999991774916,19.833333333333332,3
asus,Android,10.29,no,no,8.0,0.3,32.0,4.0,1750.0,134.0,2014,772,3.976123931,4.606669062,4797.900000793239,9013.499998992043,25.733333333333334,3
asus,Android,20.32,yes,no,5.0,1.2,16.0,4.0,4000.0,299.0,2014,801,4.597541159,5.483011107,8931.600001575536,21651.299989454805,26.7,3
asus,Android,20.32,no,no,5.0,2.0,16.0,4.0,4000.0,320.0,2014,846,4.494015137,5.010368592,8053.200003044682,13496.40000178542,28.2,3
asus,Android,17.78,no,no,5.0,2.0,32.0,4.0,3950.0,295.0,2014,731,4.357990057,4.868380247,7029.000001084996,11709.9000056748,24.366666666666667,3
asus,Android,20.32,no,no,5.0,2.0,32.0,4.0,2865.0,328.0,2014,645,4.374624305,5.297567085,7146.900000663808,17986.499997170136,21.5,3
asus,Android,17.78,no,no,2.0,0.3,32.0,4.0,2865.0,299.0,2014,766,4.151197374,4.87458645,5715.900001058106,11782.800004324525,25.533333333333335,3
asus,Android,17.78,no,no,5.0,2.0,32.0,4.0,2865.0,299.0,2014,705,4.252202647,5.345010095,6323.400001026407,18860.400008675428,23.5,3
asus,Android,25.43,yes,no,5.0,1.2,16.0,4.0,6600.0,595.0,2014,1013,5.262690189,5.991939434,17370.000001652134,36017.09998807138,33.766666666666666,3
asus,Android,25.43,no,no,2.0,0.3,32.0,4.0,5000.0,550.0,2014,800,4.811126886,5.395398704,11058.300001332751,19835.09999606074,26.666666666666668,3
asus,Android,17.78,no,no,2.0,0.3,16.0,4.0,3910.0,290.0,2014,679,4.073971772,4.61244367,5291.09999780862,9065.700000411678,22.633333333333333,3
asus,Android,12.7,yes,no,13.0,2.0,16.0,4.0,2300.0,150.0,2014,1081,4.474377896,5.772997544,7896.600002068372,28935.000009326493,36.03333333333333,3
asus,Android,12.7,yes,no,13.0,2.0,16.0,4.0,2300.0,150.0,2014,1013,4.700207601,5.524177225,9897.299996804722,22561.1999919575,33.766666666666666,3
asus,Android,12.7,yes,no,13.0,2.0,16.0,4.0,2400.0,145.0,2014,956,4.242620879,6.235586505,6263.100000897138,45954.000008851486,31.866666666666667,3
asus,Android,10.34,no,no,13.0,1.2,1024.0,4.0,1820.0,126.0,2014,772,5.494952658,5.555011741,21911.400000406447,23267.69999131352,25.733333333333334,3
asus,Android,15.24,no,no,13.0,2.0,16.0,4.0,3230.0,196.0,2014,947,4.419924358,5.301362725,7478.100002416251,18054.900004802654,31.566666666666666,3
asus,Android,15.24,no,no,13.0,2.0,16.0,4.0,3300.0,196.0,2014,665,4.567468319,5.53057922,8667.000001698036,22706.100011199233,22.166666666666668,3
asus,Android,12.7,no,no,8.0,2.0,32.0,4.0,2110.0,145.0,2015,583,3.75630443,4.780551045,3851.099998348936,10725.299998898354,19.433333333333334,3
asus,Android,12.7,no,no,8.0,2.0,32.0,4.0,2110.0,145.0,2014,794,4.253482784,4.859657354,6331.500002783339,11608.200004849547,26.466666666666665,3
asus,Android,10.16,no,no,5.0,0.3,16.0,4.0,2865.0,115.0,2014,910,4.012411179,4.86591776,4975.1999977143205,11681.100003508214,30.333333333333332,3
asus,Android,10.29,yes,no,5.0,2.0,32.0,4.0,2060.0,150.0,2014,635,4.365388994,5.707176708,7081.200003392897,27091.80000747148,21.166666666666668,3
asus,Android,10.16,no,no,8.0,2.0,32.0,4.0,1170.0,116.0,2014,824,4.284551613,5.34958066,6531.299998105624,18946.799990799846,27.466666666666665,3
asus,Android,10.24,no,no,8.0,2.0,16.0,4.0,1500.0,105.0,2013,604,4.594210346,5.668224379,8901.900002209899,26056.799993342822,20.133333333333333,3
asus,Android,12.7,yes,no,13.0,2.0,16.0,4.0,2400.0,145.0,2013,654,5.187720945,6.592989738,16115.399996680062,65696.39999207607,21.8,3
asus,Android,25.43,no,no,2.0,1.2,32.0,4.0,5070.0,522.0,2013,754,4.59036107,5.525612289,8867.699997034792,22593.600000345166,25.133333333333333,3
asus,Android,20.32,no,no,5.0,1.2,16.0,4.0,3950.0,350.0,2013,847,4.469694046,5.015092015,7859.699996654584,13560.300002533097,28.233333333333334,3
asus,Android,17.78,yes,no,5.0,1.2,32.0,4.0,3950.0,328.0,2013,550,4.584252938,5.404612445,8813.70000235587,20018.69999268038,18.333333333333332,3
asus,Android,17.78,yes,no,5.0,1.2,16.0,4.0,3950.0,290.0,2013,1083,4.400480313,5.442461,7334.099997564138,20790.9000077322,36.1,3
asus,Android,15.24,no,no,8.0,1.2,16.0,4.0,3200.0,210.0,2013,1040,4.730392151,5.858932655,10200.600002637131,31531.50000578469,34.666666666666664,3
asus,Android,25.43,no,no,5.0,1.2,32.0,4.0,3950.0,585.0,2013,549,5.275355755,5.992988385,17591.400001571084,36054.89998282619,18.3,3
asus,Android,17.78,no,no,2.0,0.3,32.0,4.0,3950.0,302.0,2013,643,4.327834406,4.601664047,6820.200002793181,8968.500003060019,21.433333333333334,3
asus,Android,17.78,no,no,5.0,1.2,16.0,4.0,3950.0,302.0,2013,674,4.273605886,4.859967431,6460.200001812338,11611.799998791266,22.466666666666665,3
asus,Android,17.78,no,no,3.15,1.2,32.0,4.0,4270.0,340.0,2013,869,4.226541732,5.561335264,6163.200001026256,23415.30001158805,28.966666666666665,3
asus,Android,12.7,yes,no,13.0,2.0,32.0,4.0,2400.0,141.0,2013,614,5.698535399,6.908245159,26858.699987397602,90044.10000258074,20.466666666666665,3
asus,Android,25.43,no,no,5.0,1.2,16.0,4.0,3950.0,580.0,2013,887,4.987912407,5.431973751,13196.70000014532,20573.99999257875,29.566666666666666,3
asus,Android,17.78,no,no,1.0,1.2,32.0,4.0,4270.0,370.0,2013,753,4.162781724,4.695741884,5782.50000129916,9853.199998300539,25.1,3
asus,Android,12.75,yes,no,13.0,8.0,32.0,4.0,5000.0,168.0,2017,593,4.961094849,5.797970813,12847.500005959704,29666.69999078029,19.766666666666666,3
others,Android,10.29,yes,no,8.0,0.3,16.0,4.0,1840.0,128.0,2014,710,3.925136645,4.385395952,4559.40000194445,7224.299998963415,23.666666666666668,24
others,Android,12.7,yes,no,13.0,2.0,16.0,4.0,2520.0,135.0,2014,933,4.12341781,4.6025668,5559.300001624386,8976.599998940972,31.1,24
others,Android,10.29,no,no,13.0,2.0,16.0,4.0,2100.0,119.0,2013,704,4.287166354,5.300564839,6548.400002292454,18040.499998403124,23.466666666666665,24
others,Android,10.29,no,no,8.0,2.0,16.0,4.0,2000.0,135.0,2013,1011,3.930255774,5.011301739,4582.800001424307,13509.000004871128,33.7,24
blackberry,Android,10.29,yes,no,8.0,8.0,32.0,4.0,3000.0,156.0,2018,552,4.061304708,5.802299628,5224.49999924819,29795.400005005053,18.4,4
blackberry,Android,15.21,yes,no,8.0,16.0,64.0,4.0,4000.0,170.0,2018,629,4.693913396,5.853035466,9835.200001745947,31346.099997543515,20.966666666666665,4
blackberry,Android,15.21,yes,no,8.0,16.0,64.0,4.0,4000.0,170.0,2018,383,4.946274535,5.709300555,12658.500000811839,27149.39999076633,12.766666666666667,4
blackberry,Android,10.29,yes,no,8.0,8.0,64.0,4.0,3500.0,168.0,2018,471,4.107918682,6.217444073,5473.799998635828,45127.79998910617,15.7,4
blackberry,Android,12.83,yes,no,12.0,8.0,32.0,4.0,4000.0,167.0,2017,561,4.578518155,5.966274936,8763.300000081808,35104.49999879512,18.7,4
blackberry,Android,12.83,yes,no,13.0,8.0,32.0,4.0,3000.0,178.0,2017,607,4.475175389,5.301562097,7902.89999706088,18058.500005184123,20.233333333333334,4
blackberry,Android,10.29,yes,no,12.0,8.0,64.0,4.0,3500.0,180.0,2017,554,4.682131227,5.671982162,9719.999998792586,26154.899997217035,18.466666666666665,4
blackberry,Android,12.83,yes,no,21.0,8.0,32.0,4.0,3000.0,165.0,2016,560,5.008098746,5.701312761,13465.799994017698,26933.40000659131,18.666666666666668,4
blackberry,Android,12.75,yes,no,13.0,8.0,16.0,4.0,2610.0,135.0,2016,920,4.346269915,5.299117047,6947.100000265638,18014.400005069238,30.666666666666668,4
blackberry,Android,12.8,yes,no,18.0,2.0,32.0,4.0,3410.0,192.0,2015,805,4.513054897,5.601306683,8207.999999341015,24370.199998368047,26.833333333333332,4
blackberry,Others,12.7,yes,no,8.0,2.0,16.0,4.0,2800.0,170.0,2015,1094,4.085471984,4.385894146,5352.300001506659,7227.89999855174,36.46666666666667,4
blackberry,Others,7.75,yes,no,13.0,2.0,16.0,4.0,2500.0,178.0,2015,903,4.250350663,5.198773236,6311.700002847717,16294.499996551267,30.1,4
blackberry,Others,7.65,yes,no,8.0,2.0,64.0,4.0,2100.0,140.0,2014,617,4.214495163,6.063994489,6089.399997853104,38708.0999956448,20.566666666666666,4
blackberry,Others,10.29,yes,no,13.0,2.0,32.0,4.0,3450.0,196.0,2014,582,4.335982696,5.136268915,6875.999998814065,15307.200006220262,19.4,4
blackberry,Others,7.75,yes,no,8.0,2.0,16.0,4.0,2515.0,177.0,2014,831,3.798406279,4.781054401,4016.700001441278,10730.700001952546,27.7,4
blackberry,Others,12.7,no,no,5.0,1.1,32.0,4.0,2500.0,164.0,2014,696,3.739572568,4.495801649,3787.1999983735695,8067.600000542735,23.2,4
blackberry,Others,10.21,yes,no,8.0,2.0,64.0,4.0,1800.0,140.0,2013,625,4.549128795,5.964966556,8509.49999911104,35058.60000695024,20.833333333333332,4
blackberry,Others,12.7,yes,no,8.0,2.0,16.0,4.0,2880.0,170.0,2013,574,4.085640122,4.953782716,5353.2000021843505,12753.900002081704,19.133333333333333,4
blackberry,Others,5.28,no,no,5.0,2.0,512.0,0.25,1450.0,120.0,2013,774,4.852264611,4.869378902,11522.69999472159,11721.599997020017,25.8,4
blackberry,Others,7.65,yes,no,5.0,2.0,32.0,4.0,2180.0,120.0,2013,760,3.602776755,4.234106505,3302.9999998000867,6210.000002501018,25.333333333333332,4
blackberry,Others,10.21,yes,no,8.0,2.0,16.0,4.0,1800.0,137.5,2013,932,4.014940539,4.790819533,4987.7999978311445,10836.000001357523,31.066666666666666,4
blackberry,Others,7.65,yes,no,8.0,2.0,16.0,4.0,2100.0,139.0,2013,814,3.969725716,4.6987516,4767.300002114606,9882.900003858063,27.133333333333333,4
others,Android,12.88,yes,no,12.0,5.0,16.0,4.0,4180.0,165.0,2018,531,4.042700329,4.574195382,5128.199999642244,8725.500002716592,17.7,24
others,Android,12.88,yes,no,13.0,5.0,64.0,4.0,3180.0,167.5,2017,784,4.55008022,5.138617988,8517.600002809688,15343.200003216523,26.133333333333333,24
others,Android,12.83,yes,no,13.0,8.0,64.0,4.0,6180.0,167.5,2017,720,4.422208424,5.515241618,7495.199997701121,22360.49999891933,24.0,24
others,Android,12.7,no,no,13.0,5.0,16.0,4.0,2800.0,169.0,2017,751,3.196221134,4.256746818,2199.599999332653,6352.199998430218,25.033333333333335,24
others,Android,12.7,yes,no,13.0,5.0,16.0,4.0,2800.0,176.0,2017,872,4.132282402,4.369954053,5608.800002453892,7113.599996872772,29.066666666666666,24
others,Android,12.7,no,no,13.0,2.0,32.0,4.0,2800.0,176.0,2017,565,3.04594999,4.069710281,1892.7000005401605,5268.59999861046,18.833333333333332,24
others,Android,12.88,no,no,13.0,5.0,16.0,4.0,3000.0,174.0,2018,597,4.099497927,4.61005822,5427.899997487449,9044.09999944951,19.9,24
others,Android,12.7,yes,no,13.0,8.0,64.0,4.0,3000.0,152.0,2017,895,4.715995741,5.126995095,10054.799999226027,15165.899996777986,29.833333333333332,24
others,Android,12.7,no,no,8.0,2.0,16.0,4.0,2000.0,150.0,2016,1083,3.917010547,4.376385755,4522.500000275035,7159.5000015479145,36.1,24
others,Android,12.83,yes,no,13.0,5.0,32.0,4.0,3150.0,142.6,2016,599,4.541591204,5.48147191,8445.599997084413,21618.000007655293,19.966666666666665,24
others,Android,15.24,yes,no,24.0,8.0,64.0,4.0,3500.0,207.0,2015,858,4.646695933,5.738538106,9381.600001720684,27954.900001496273,28.6,24
others,Android,15.24,no,no,8.0,2.0,32.0,4.0,3000.0,177.0,2015,569,4.243339115,4.707185111,6267.600000626836,9966.599996064979,18.966666666666665,24
others,Android,12.7,no,no,8.0,2.0,32.0,4.0,5000.0,180.0,2015,862,3.995260604,4.941356667,4890.600000008794,12596.399993708257,28.733333333333334,24
others,Android,12.7,no,no,5.0,0.3,16.0,4.0,2000.0,156.0,2015,572,3.916015027,4.371597439,4518.0000013658655,7125.299998693633,19.066666666666666,24
others,Android,12.7,no,no,8.0,2.0,32.0,4.0,2100.0,154.0,2015,789,3.903990834,4.803365092,4464.000001201343,10972.800000676625,26.3,24
others,Android,10.36,no,no,8.0,5.0,16.0,4.0,2100.0,97.0,2015,889,3.827771453,5.243808381,4136.400000080433,17045.099999187903,29.633333333333333,24
others,Android,15.24,yes,no,13.0,5.0,16.0,4.0,3200.0,177.0,2014,740,4.159195535,5.355642433,5761.800002640537,19061.99999681081,24.666666666666668,24
others,Android,12.7,yes,no,13.0,5.0,32.0,4.0,2200.0,164.0,2014,608,4.356452384,5.007630785,7018.200003126948,13459.499998977655,20.266666666666666,24
others,Android,17.78,no,no,5.0,2.0,32.0,4.0,3000.0,299.0,2014,1090,4.373112017,4.876417952,7136.099997971156,11804.40000027802,36.333333333333336,24
others,Android,10.16,no,no,3.15,0.3,16.0,4.0,1400.0,106.0,2014,856,3.064325065,4.263665307,1927.7999999622095,6396.300001031061,28.533333333333335,24
others,Windows,12.7,no,no,8.0,2.0,32.0,4.0,2200.0,139.0,2014,637,4.260000234,5.003610679,6372.900002143315,13405.499997864625,21.233333333333334,24
others,Android,12.7,no,no,8.0,2.0,16.0,4.0,2000.0,166.0,2014,1042,4.001315113,4.703747749,4920.3000004580435,9932.399996532742,34.733333333333334,24
others,Android,12.7,no,no,5.0,0.3,16.0,4.0,1800.0,170.0,2014,874,3.798630318,4.391481793,4017.5999997064914,7268.399996768199,29.133333333333333,24
others,Android,12.7,no,no,13.0,5.0,16.0,4.0,2300.0,129.0,2014,959,4.394819456,5.563370321,7292.6999965532195,23463.00000142054,31.966666666666665,24
others,Android,12.7,no,no,8.0,2.0,32.0,4.0,2000.0,136.0,2014,979,4.027670429,5.009301071,5051.700000231831,13481.999998879392,32.63333333333333,24
others,Android,12.83,no,no,16.0,8.0,32.0,4.0,2500.0,152.0,2014,696,4.694919478,5.670914871,9845.099998703407,26126.99999920092,23.2,24
others,Android,15.24,no,no,8.0,2.0,16.0,4.0,3000.0,206.0,2014,632,4.038831852,5.190787834,5108.399998509157,16164.90000637915,21.066666666666666,24
others,Android,10.29,no,no,3.15,0.3,16.0,4.0,1800.0,135.0,2014,980,3.301008654,4.231639696,2442.599999006538,6194.699997458485,32.666666666666664,24
others,Android,7.75,no,no,1.3,2.0,512.0,0.25,1300.0,101.0,2014,1056,3.268808194,4.262398147,2365.2000009072676,6388.199998605132,35.2,24
others,Android,12.7,no,no,8.0,2.0,16.0,4.0,2000.0,155.0,2014,571,4.235265253,4.782814153,6217.199998268645,10749.599997517545,19.033333333333335,24
others,Android,12.7,no,no,3.15,2.0,16.0,4.0,2100.0,174.0,2014,616,3.713572067,4.268017718,3690.0000010911035,6424.19999960161,20.533333333333335,24
others,Android,12.83,no,no,8.0,2.0,16.0,4.0,2350.0,166.0,2014,976,3.936130081,4.872139217,4609.800001053896,11754.000001853245,32.53333333333333,24
others,Android,10.29,no,no,8.0,2.0,16.0,4.0,3000.0,149.0,2014,790,4.224202549,5.242328856,6148.7999970466435,17019.89999422717,26.333333333333332,24
others,Android,10.36,no,no,8.0,5.0,16.0,4.0,2000.0,135.0,2014,1024,4.057507672,5.074173315,5204.699999114539,14385.600001435063,34.13333333333333,24
others,Android,20.32,no,no,5.0,5.0,32.0,4.0,4500.0,404.0,2014,614,4.431649785,5.885298151,7566.299998886201,32373.899991570757,20.466666666666665,24
others,Android,10.34,no,no,8.0,5.0,16.0,4.0,1800.0,109.0,2014,725,3.768614422,4.860819649,3898.79999948228,11621.700001643767,24.166666666666668,24
others,Android,12.7,no,no,13.0,5.0,16.0,4.0,2000.0,133.0,2014,639,4.504244267,5.349485653,8135.999996760806,18944.999997680454,21.3,24
others,Android,12.7,no,no,12.0,2.0,16.0,4.0,2000.0,144.0,2014,988,4.24506078,4.93820796,6278.400002506814,12556.799997982502,32.93333333333333,24
others,Android,10.34,no,no,8.0,2.0,16.0,4.0,1800.0,125.0,2013,581,3.586569835,5.306434335,3249.8999990595885,18146.700006351624,19.366666666666667,24
others,Android,12.7,no,no,13.0,5.0,32.0,4.0,2020.0,128.0,2013,1038,4.220242729,5.484215852,6124.499999403011,21677.40000363457,34.6,24
others,Android,12.7,no,no,5.0,0.3,16.0,4.0,2000.0,155.0,2013,909,3.621938048,4.489983776,3366.8999987877314,8020.799998564486,30.3,24
others,Android,10.16,no,no,5.0,0.3,16.0,4.0,1600.0,124.0,2013,782,3.670460869,4.381776603,3534.300001449351,7198.19999698631,26.066666666666666,24
others,Android,12.7,no,no,12.0,5.0,16.0,4.0,2500.0,158.0,2013,729,4.0084235,5.346011692,4955.40000141496,18879.29999224631,24.3,24
others,Android,12.83,no,no,5.0,0.3,16.0,4.0,2250.0,184.0,2013,728,3.664842876,4.774406503,3514.499998995924,10659.599997512149,24.266666666666666,24
others,Others,5.08,no,no,1.3,0.3,128.0,0.25,820.0,80.0,2013,905,2.212660385,3.041183536,822.5999996166202,1883.6999991374382,30.166666666666668,24
others,Others,5.08,no,no,0.3,0.3,32.0,0.25,820.0,80.0,2013,636,1.53686722,3.042138646,418.50000016770764,1885.4999993058595,21.2,24
others,Others,5.28,no,no,1.3,0.3,32.0,0.25,820.0,90.0,2013,695,2.337952237,3.041183536,932.4000001572615,1883.6999991374382,23.166666666666668,24
others,Android,12.7,no,no,5.0,0.3,16.0,4.0,2000.0,128.0,2013,816,3.555348061,4.615813346,3149.9999984583474,9096.299999212526,27.2,24
others,Android,10.16,no,no,3.15,0.3,16.0,4.0,1500.0,128.0,2013,566,3.215269329,4.379398183,2241.8999993855195,7181.099997700688,18.866666666666667,24
others,Android,7.75,no,no,2.0,0.3,512.0,0.25,1000.0,105.0,2013,897,2.714694744,3.71210758,1359.0000002434258,3684.5999991409594,29.9,24
others,Android,10.29,no,no,5.0,0.3,16.0,4.0,2000.0,144.0,2013,1028,3.847377812,4.623108331,4218.300000275814,9162.899998908659,34.266666666666666,24
others,Android,10.16,no,no,5.0,0.3,16.0,4.0,1600.0,137.0,2013,793,3.888549649,4.606569207,4395.599998934051,9012.600000885046,26.433333333333334,24
others,Android,12.78,no,no,8.0,2.0,16.0,4.0,2800.0,190.0,2013,1006,4.27652722,4.856551279,6479.099996882183,11572.200003314962,33.53333333333333,24
others,Android,12.7,no,no,8.0,2.0,16.0,4.0,2000.0,170.0,2013,855,4.016563185,4.865069877,4995.900001488429,11671.199995011486,28.5,24
others,Android,12.7,no,no,5.0,0.3,16.0,4.0,2000.0,170.0,2013,909,3.929666441,4.611549793,4580.100001828646,9057.600000433584,30.3,24
others,Android,7.75,no,no,2.0,0.3,512.0,0.25,1500.0,120.0,2013,1038,3.405521353,4.397161522,2711.69999961437,7309.799998112964,34.6,24
others,Others,5.28,no,no,1.3,0.3,64.0,0.25,1400.0,95.0,2013,729,2.709382646,3.362802994,1351.7999995458104,2598.3000008448535,24.3,24
others,Others,5.18,no,no,0.3,0.3,32.0,0.25,820.0,90.0,2013,883,2.460443178,3.394843908,1053.900000411415,2682.900000831752,29.433333333333334,24
others,Others,5.08,no,no,1.3,0.3,64.0,0.25,620.0,69.0,2013,990,2.23644529,3.007166651,842.3999995876445,1820.6999996729037,33.0,24
others,Android,12.88,no,no,12.0,5.0,16.0,4.0,2600.0,220.0,2013,689,4.199755077,5.439947129,6000.300002220298,20738.70000666334,22.966666666666665,24
others,Android,12.7,no,no,13.0,5.0,16.0,4.0,2000.0,145.0,2013,745,4.192076051,5.442028024,5954.400001694407,20781.899995545693,24.833333333333332,24
others,Android,10.34,no,no,8.0,2.0,16.0,4.0,1800.0,125.0,2013,902,3.581572601,5.187665096,3233.6999995944057,16114.499992838042,30.066666666666666,24
others,Android,12.78,no,no,8.0,2.0,16.0,4.0,2200.0,210.0,2013,956,4.004602187,5.072545364,4936.500001376101,14362.200001721525,31.866666666666667,24
others,Android,12.88,no,no,8.0,1.3,16.0,4.0,2800.0,243.0,2013,1060,4.416186486,5.398207949,7450.199997611567,19890.89999278294,35.333333333333336,24
others,Android,10.29,no,no,8.0,1.3,16.0,4.0,1800.0,148.0,2013,608,4.153242203,5.562180507,5727.599997310396,23435.099996736342,20.266666666666666,24
others,Android,10.29,no,no,5.0,0.3,16.0,4.0,1800.0,145.0,2013,850,4.231784971,5.195453731,6195.59999787281,16240.499998557878,28.333333333333332,24
others,Android,14.35,yes,no,12.0,8.0,128.0,4.0,3100.0,168.0,2018,578,5.086608193,5.969039986,14565.60000204661,35201.700016042094,19.266666666666666,24
others,Android,14.35,yes,no,12.0,8.0,64.0,4.0,3100.0,163.0,2018,586,4.579339426,5.736894826,8770.500000407214,27908.9999970304,19.533333333333335,24
others,Android,12.83,yes,no,12.0,8.0,64.0,4.0,3400.0,183.0,2018,567,4.464067345,5.440381006,7815.5999999211335,20747.700003910846,18.9,24
others,Android,12.75,yes,no,12.0,8.0,64.0,4.0,3100.0,165.0,2018,454,4.472552661,5.245391161,7882.19999705795,17072.100004462103,15.133333333333333,24
others,Android,12.75,yes,no,8.0,5.0,16.0,4.0,3100.0,155.0,2017,819,4.286753954,5.127825562,6545.699998910472,15178.500007472994,27.3,24
others,Android,12.75,yes,no,13.0,5.0,32.0,4.0,3100.0,155.0,2017,890,4.279024447,5.240158452,6495.299999453216,16982.99999363979,29.666666666666668,24
others,Android,12.83,yes,no,12.0,8.0,64.0,4.0,3400.0,183.0,2017,809,4.722508678,5.560950826,10120.499995897908,23406.30001056423,26.966666666666665,24
others,Android,12.75,yes,no,12.0,8.0,64.0,4.0,3100.0,165.0,2017,756,4.511189123,5.346154696,8192.700003955459,18882.000000713804,25.2,24
others,Android,12.75,yes,no,12.0,8.0,64.0,4.0,3100.0,158.0,2017,564,4.784821514,5.911744704,10771.199997563908,33241.50000083946,18.8,24
others,Android,12.75,yes,no,16.0,8.0,32.0,4.0,3100.0,153.0,2017,843,4.623501143,5.670983763,9166.500002999146,26128.800002487067,28.1,24
others,Android,12.7,yes,no,8.0,5.0,16.0,4.0,3080.0,140.0,2016,789,4.054563692,5.069595787,5189.399998908899,14319.900001148955,26.3,24
others,Android,12.7,yes,no,13.0,5.0,16.0,4.0,3080.0,140.0,2016,992,4.606369467,5.247602852,9010.800003932554,17109.89999993951,33.06666666666667,24
others,Android,12.7,yes,no,16.0,5.0,32.0,4.0,3050.0,139.0,2016,681,4.653579325,5.393536633,9446.399998150593,19798.199997446616,22.7,24
others,Android,12.7,yes,no,16.0,8.0,16.0,4.0,3200.0,145.0,2016,546,4.3447141,5.700978547,6936.3000014573045,26924.39999129085,18.2,24
others,Android,12.7,yes,no,13.0,5.0,16.0,4.0,2850.0,139.0,2015,542,4.604670061,5.336094731,8995.50000048208,18693.00000220453,18.066666666666666,24
others,Android,12.7,yes,no,13.0,5.0,16.0,4.0,2900.0,148.0,2015,863,4.432719749,5.444407072,7574.400000080293,20831.399991252227,28.766666666666666,24
others,Android,12.7,yes,no,13.0,5.0,16.0,4.0,3120.0,144.0,2015,889,4.733827218,5.561911643,10235.699997990188,23428.799988971416,29.633333333333333,24
others,Android,12.83,yes,no,13.0,5.0,16.0,4.0,3620.0,162.0,2015,774,4.765331338,5.694876265,10563.299998816568,26760.599995043824,25.8,24
others,Android,10.29,yes,no,8.0,5.0,32.0,4.0,2470.0,115.0,2015,928,4.127295662,5.190565104,5580.899997980904,16161.299999130419,30.933333333333334,24
others,Android,25.43,no,no,5.0,2.0,16.0,4.0,7280.0,470.0,2015,696,4.484018984,5.439773525,7973.099996619879,20735.09999788438,23.2,24
others,Android,10.16,yes,no,8.0,1.3,16.0,4.0,1800.0,173.8,2013,575,4.069710281,5.597569744,5268.59999861046,24279.299997218735,19.166666666666668,24
others,Others,5.18,yes,no,2.0,8.0,16.0,4.0,2300.0,130.0,2018,723,3.853121898,4.705739241,4242.600002087422,9952.200000897818,24.1,24
others,Android,12.7,yes,no,13.0,8.0,32.0,4.0,5000.0,218.0,2017,745,4.969743853,6.107089701,12959.100003626223,40412.70001394285,24.833333333333332,24
others,Android,10.34,yes,no,8.0,2.0,16.0,4.0,4000.0,200.0,2017,714,4.202301704,5.79963796,6015.600001641098,29716.19999109339,23.8,24
others,Android,12.75,yes,no,16.0,8.0,64.0,4.0,4500.0,250.0,2018,443,4.777020443,6.802339206,10687.500000911099,80995.49998173647,14.766666666666667,24
others,Android,10.34,yes,no,13.0,5.0,32.0,4.0,3800.0,153.0,2016,930,5.260511652,6.476695401,17332.20000325606,58483.79997295215,31.0,24
others,Android,10.29,yes,no,5.0,2.0,32.0,4.0,3000.0,181.0,2015,759,4.81818259,5.828298349,11136.599998854683,30580.199989181678,25.3,24
others,Android,10.34,yes,no,8.0,2.0,16.0,4.0,3000.0,185.0,2015,688,4.618875833,6.087229169,9124.199999596678,39617.99999634085,22.933333333333334,24
others,Others,5.08,no,no,2.0,2.0,24.0,4.0,1000.0,101.0,2015,691,3.151453149,4.948263313,2103.3000009448724,12683.699997419884,23.033333333333335,24
others,Android,10.34,yes,no,8.0,0.3,32.0,4.0,2630.0,185.0,2014,1023,4.306898912,6.130073651,6678.90000011994,41352.29998728605,34.1,24
others,Android,10.16,no,no,5.0,0.3,16.0,4.0,2000.0,170.0,2013,802,3.486151088,5.519819572,2939.4000013453074,22463.10000920716,26.733333333333334,24
others,Others,5.13,no,no,3.15,0.3,128.0,0.25,1150.0,136.0,2013,590,4.149621578,4.942784627,5706.900001643926,12614.399997627466,19.666666666666668,24
others,Others,5.08,no,no,2.0,0.3,16.0,4.0,1300.0,161.0,2013,630,3.193763124,4.940784912,2194.199999883432,12589.199997542899,21.0,24
celkon,Android,10.16,no,no,5.0,1.3,16.0,4.0,1400.0,122.0,2014,549,3.662792119,4.38688979,3507.2999987702783,7235.099997541009,18.3,5
celkon,Android,10.16,no,no,5.0,1.3,16.0,4.0,1400.0,122.0,2014,1035,3.493776563,4.390986376,2961.900000132549,7264.799999670515,34.5,5
celkon,Android,10.16,no,no,5.0,1.3,16.0,4.0,1400.0,122.0,2014,573,3.654288009,4.398023008,3477.599998802603,7316.100001766978,19.1,5
celkon,Android,12.7,no,no,8.0,2.0,16.0,4.0,1400.0,149.0,2014,995,4.085640122,4.786491242,5353.2000021843505,10789.199995161453,33.166666666666664,5
celkon,Android,12.7,no,no,5.0,0.3,32.0,4.0,1400.0,147.0,2014,661,3.950281718,4.474149924,4675.500002126247,7894.800003555126,22.033333333333335,5
celkon,Android,10.16,no,no,3.15,1.3,512.0,0.25,1400.0,115.3,2014,932,3.028683374,4.093177214,1860.3000005698527,5393.699997464453,31.066666666666666,5
celkon,Android,10.29,no,no,8.0,1.3,16.0,4.0,2000.0,130.0,2014,1027,3.537184091,4.608664075,3093.300000427672,9031.499997811243,34.233333333333334,5
celkon,Android,7.75,no,no,3.15,0.3,512.0,4.0,1400.0,102.0,2014,573,2.68988623,3.684118137,1325.6999993709037,3582.899999956196,19.1,5
celkon,Android,10.29,no,no,5.0,1.3,16.0,4.0,1400.0,78.2,2014,985,3.693120448,4.380149875,3615.2999986580344,7186.500002436068,32.833333333333336,5
celkon,Android,12.7,no,no,5.0,0.3,16.0,4.0,1400.0,140.0,2013,1059,3.758172281,4.053001599,3858.300001505177,5181.300001618025,35.3,5
celkon,Android,10.29,no,no,5.0,1.3,16.0,4.0,1400.0,140.0,2013,965,3.765608987,4.505460342,3887.1000001064676,8145.900001310844,32.166666666666664,5
celkon,Android,7.75,no,no,3.15,0.3,512.0,0.25,1400.0,140.0,2013,567,2.911807039,3.905602438,1655.1000006351783,4471.200001675701,18.9,5
celkon,Others,7.75,no,no,1.3,0.3,256.0,0.25,1200.0,140.0,2013,836,2.466403178,3.349553149,1060.1999997631085,2564.100001256879,27.866666666666667,5
celkon,Others,5.18,no,no,1.3,0.3,256.0,0.25,1800.0,140.0,2013,586,2.333114298,2.951780386,927.8999999732129,1722.599999957265,19.533333333333335,5
celkon,Others,5.28,no,no,1.3,0.3,256.0,0.25,1400.0,140.0,2013,561,2.063058062,3.025776395,708.2999996959185,1854.900000181098,18.7,5
celkon,Others,5.23,no,no,1.3,0.3,256.0,0.25,1400.0,140.0,2013,796,2.242835089,3.023347441,847.8000003490633,1850.400000764281,26.533333333333335,5
celkon,Others,5.23,no,no,0.3,0.3,256.0,0.25,1400.0,140.0,2013,687,2.315501318,3.068517943,911.6999997624181,1935.899999458647,22.9,5
celkon,Android,12.7,no,no,8.0,1.3,16.0,4.0,1400.0,140.0,2013,567,3.898532415,4.507005937,4439.699998909401,8158.499998361281,18.9,5
celkon,Android,10.16,no,no,3.15,0.3,512.0,0.25,1400.0,140.0,2013,637,2.800325477,3.884651809,1480.4999996870504,4378.500001611227,21.233333333333334,5
celkon,Android,10.16,no,no,3.15,0.3,256.0,0.25,1400.0,140.0,2013,778,3.116621591,4.070564034,2031.3000003464497,5273.100002337581,25.933333333333334,5
celkon,Android,7.75,no,no,1.3,0.3,256.0,0.25,1400.0,140.0,2013,945,2.884800713,3.934371409,1611.0000002469515,4601.699999577068,31.5,5
celkon,Android,12.7,no,no,12.0,3.0,16.0,4.0,1400.0,177.0,2013,779,4.035478809,5.297116646,5091.29999819226,17978.400000512065,25.966666666666665,5
celkon,Android,10.16,no,no,5.0,0.3,512.0,0.25,1400.0,140.0,2013,942,3.171784217,4.256463412,2146.499999282317,6350.400001914415,31.4,5
celkon,Android,10.34,no,no,8.0,0.3,256.0,0.25,1400.0,140.0,2013,831,4.312408568,4.930870326,6715.800001390094,12465.000004644544,27.7,5
celkon,Others,10.16,no,no,2.0,0.3,256.0,0.25,1200.0,140.0,2013,635,2.85819286,3.639163862,1568.700000734262,3425.4000004521417,21.166666666666668,5
celkon,Others,7.75,no,no,2.0,0.3,256.0,0.25,1200.0,140.0,2013,569,2.877511642,3.659193144,1599.2999997336208,3494.7000008961254,18.966666666666665,5
celkon,Others,5.18,no,no,1.3,0.3,256.0,0.25,1800.0,140.0,2013,899,2.35991016,2.977568303,953.1000003685494,1767.600000130237,29.966666666666665,5
celkon,Others,5.18,no,no,1.3,0.3,256.0,0.25,1500.0,140.0,2013,818,2.429217744,3.383712067,1021.5000000741488,2653.199999147962,27.266666666666666,5
celkon,Others,5.23,no,no,1.3,0.3,256.0,0.25,1400.0,140.0,2013,980,2.621038824,3.683112859,1237.4999998606822,3579.2999992139885,32.666666666666664,5
celkon,Others,5.23,no,no,1.3,0.3,256.0,0.25,3000.0,140.0,2013,787,2.584751985,3.384729189,1193.4000002891412,2655.9000001199197,26.233333333333334,5
celkon,Android,11.76,no,no,5.0,0.3,256.0,0.25,1400.0,140.0,2013,857,4.335720882,4.787825021,6874.200001392921,10803.60000462214,28.566666666666666,5
celkon,Android,11.76,no,no,8.0,0.3,256.0,0.25,1400.0,140.0,2013,563,4.493791598,4.883029169,8051.399999962139,11882.699994164295,18.766666666666666,5
celkon,Android,7.75,no,no,3.15,0.3,256.0,0.25,1400.0,98.0,2013,1034,4.187075661,4.239454497,5924.699997157415,6243.299997520097,34.46666666666667,5
coolpad,Android,15.29,yes,no,13.0,8.0,64.0,4.0,4000.0,177.0,2018,655,4.634146294,5.007095704,9264.599997919091,13452.30000272109,21.833333333333332,6
coolpad,Android,12.83,yes,no,12.0,13.0,64.0,4.0,3200.0,152.0,2017,791,4.564348191,5.85904682,8639.999995957893,31535.10000497587,26.366666666666667,6
coolpad,Android,12.7,yes,no,13.0,8.0,16.0,4.0,2500.0,148.0,2017,671,4.132121927,4.784570814,5607.900002489175,10768.499996183837,22.366666666666667,6
coolpad,Android,12.83,yes,no,13.0,8.0,64.0,4.0,4060.0,167.0,2016,851,4.443004135,5.30420003,7652.69999695651,18106.200005319737,28.366666666666667,6
coolpad,Android,12.7,yes,no,13.0,8.0,16.0,4.0,2500.0,148.0,2017,555,4.527532916,5.344055258,8327.699997826981,18842.39999581905,18.5,6
coolpad,Android,12.83,yes,no,16.0,8.0,128.0,4.0,4070.0,168.0,2016,820,4.53464042,6.04339264,8387.100001697847,37918.80000120048,27.333333333333332,6
coolpad,Android,12.83,yes,no,8.0,8.0,16.0,4.0,3050.0,170.0,2016,646,4.231784971,4.702206148,6195.59999787281,9917.09999504457,21.533333333333335,6
coolpad,Android,12.83,yes,no,13.0,8.0,32.0,4.0,4010.0,173.4,2016,661,4.55039716,5.207133661,8520.299998800345,16431.299997939208,22.033333333333335,6
coolpad,Android,12.83,yes,no,8.0,8.0,16.0,4.0,2500.0,143.0,2016,1078,4.201553369,5.190398024,6011.100001577645,16158.59999469122,35.93333333333333,6
coolpad,Android,12.83,yes,no,8.0,8.0,16.0,4.0,2500.0,143.0,2016,777,4.207226719,4.379523504,6045.299998314735,7181.999996726708,25.9,6
coolpad,Android,12.83,yes,no,13.0,5.0,16.0,4.0,2500.0,163.0,2016,1011,4.146146061,5.299067085,5687.100001220655,18013.499992099587,33.7,6
coolpad,Android,12.83,yes,no,13.0,5.0,16.0,4.0,3000.0,168.0,2016,1028,4.107096246,4.769158036,5469.299999194571,10603.79999900811,34.266666666666666,6
coolpad,Android,12.83,yes,no,13.0,5.0,64.0,4.0,2800.0,170.0,2016,703,4.91125685,5.941748955,12222.899998582425,34254.000004725385,23.433333333333334,6
coolpad,Android,12.7,yes,no,8.0,2.0,32.0,4.0,2000.0,125.0,2016,1040,4.046553898,4.871219958,5147.999998014147,11743.199996327217,34.666666666666664,6
coolpad,Android,10.34,yes,no,8.0,5.0,16.0,4.0,1800.0,120.0,2016,755,4.274858931,5.193567775,6468.299996892943,16209.899994343294,25.166666666666668,6
coolpad,Android,12.7,yes,no,13.0,5.0,16.0,4.0,2500.0,142.0,2016,779,4.204095426,4.686381441,6026.3999989078975,9761.399995969376,25.966666666666665,6
coolpad,Android,12.83,yes,no,13.0,5.0,16.0,4.0,3000.0,138.5,2015,1014,4.131158535,4.774490931,5602.499998068162,10660.500004213087,33.8,6
coolpad,Android,12.83,yes,no,13.0,5.0,32.0,4.0,2500.0,138.5,2015,883,4.590259573,5.301263024,8866.799997762577,18053.100002949763,29.433333333333334,6
coolpad,Android,12.83,yes,no,8.0,2.0,32.0,4.0,2500.0,158.0,2015,725,4.349890765,5.082521753,6972.300002483452,14506.200001503346,24.166666666666668,6
coolpad,Android,10.34,yes,no,8.0,5.0,32.0,4.0,1800.0,119.0,2015,820,4.243339115,5.021179508,6267.600000626836,13643.100000383009,27.333333333333332,6
others,Android,25.53,yes,no,8.0,2.0,32.0,4.0,7000.0,597.0,2015,848,4.964730962,6.129268051,12894.300001221336,41318.99998945638,28.266666666666666,24
others,Android,20.42,yes,no,8.0,2.0,16.0,4.0,5900.0,305.0,2014,939,4.658047226,5.517332407,9488.700003901198,22407.299993760313,31.3,24
others,Android,20.32,no,no,5.0,2.0,16.0,4.0,4100.0,292.0,2013,735,4.273466561,4.865455368,6459.299997145117,11675.70000486969,24.5,24
others,Android,17.78,no,no,3.15,0.3,16.0,4.0,4100.0,234.0,2013,613,3.834061464,4.585171539,4162.500000173018,8821.799995753174,20.433333333333334,24
others,Android,20.35,yes,no,8.0,24.0,256.0,4.0,3400.0,171.0,2019,354,5.820705882,6.801738993,30348.900009757777,80946.90001633047,11.8,24
others,Android,12.57,yes,no,12.0,8.0,16.0,4.0,4000.0,139.0,2018,687,4.14472077,4.874051629,5679.000002571637,11776.500000280814,22.9,24
others,Android,12.57,no,no,12.0,8.0,32.0,4.0,4000.0,139.0,2018,377,4.403910428,4.517758729,7359.299998720319,8246.700000188666,12.566666666666666,24
others,Android,12.7,yes,no,13.0,5.0,16.0,4.0,3000.0,142.5,2018,493,4.395066248,5.43929596,7294.499998674698,20725.200003987342,16.433333333333334,24
others,Others,5.28,no,no,0.3,8.0,32.0,0.25,3100.0,130.0,2018,504,3.277144733,3.693618208,2385.000000018659,3617.0999983321203,16.8,24
others,Android,5.18,yes,no,5.0,8.0,32.0,4.0,2000.0,256.0,2018,711,4.263524591,4.786074072,6395.400002603692,10784.700003295531,23.7,24
others,Android,12.83,yes,no,16.0,8.0,32.0,4.0,4000.0,203.0,2018,645,5.163470824,6.109669716,15729.30000348766,40517.1000050295,21.5,24
others,Android,12.93,yes,no,12.0,8.0,64.0,4.0,4500.0,190.0,2018,608,4.933538244,5.885409346,12498.300003608401,32377.500007528517,20.266666666666666,24
others,Android,12.83,yes,no,13.0,5.0,16.0,4.0,5000.0,203.0,2017,594,4.619368905,5.246286958,9128.699996458938,17087.399992248254,19.8,24
others,Android,12.83,yes,no,13.0,5.0,32.0,4.0,3000.0,180.0,2017,792,4.410006521,4.781976562,7404.299998661012,10740.599998991069,26.4,24
others,Android,12.7,no,no,5.0,2.0,32.0,4.0,2000.0,167.0,2017,715,3.97724879,4.385271365,4803.299998338762,7223.400001164627,23.833333333333332,24
others,Android,12.75,yes,no,13.0,5.0,16.0,4.0,4000.0,206.0,2017,836,4.892902257,5.799122957,12000.599997720923,29700.89999905843,27.866666666666667,24
others,Others,5.18,no,no,0.3,5.0,32.0,4.0,1500.0,112.0,2017,770,3.24376354,3.881976084,2306.699999132727,4366.799999668781,25.666666666666668,24
others,Others,5.18,yes,no,0.3,5.0,32.0,4.0,1000.0,92.0,2017,629,3.259249719,3.667144962,2342.6999999848335,3522.6000001129696,20.966666666666665,24
others,Android,10.16,no,no,2.0,0.3,16.0,4.0,1300.0,105.0,2015,1034,3.055886196,4.05958057,1911.599999285562,5215.500001117363,34.46666666666667,24
others,Android,12.7,no,no,5.0,2.0,32.0,4.0,2100.0,145.0,2015,573,4.037068494,4.388008706,5099.3999979481505,7243.199997454528,19.1,24
others,Android,10.29,no,no,5.0,2.0,32.0,4.0,1600.0,125.0,2015,962,3.88567903,4.270536259,4382.99999961191,6440.400002315206,32.06666666666667,24
others,Android,12.7,no,no,8.0,5.0,32.0,4.0,2000.0,150.0,2015,1031,3.897924081,4.628593701,4436.999999784165,9213.300000629455,34.36666666666667,24
others,Android,12.7,no,no,13.0,5.0,32.0,4.0,2000.0,150.0,2014,944,4.512616204,5.255201075,8204.399996902977,17240.399991821014,31.466666666666665,24
others,Android,10.16,no,no,8.0,0.3,16.0,4.0,1400.0,121.0,2014,1061,3.985830933,4.59643212,4844.700002069336,8921.699999600256,35.36666666666667,24
others,Android,12.7,no,no,13.0,5.0,32.0,4.0,2500.0,154.5,2013,1030,4.355682659,6.089452955,7012.799997655765,39706.1999826807,34.333333333333336,24
others,Android,10.16,no,no,5.0,0.3,16.0,4.0,1400.0,154.5,2013,863,3.902376628,4.949610592,4456.799998322725,12700.799996717082,28.766666666666666,24
others,Android,10.29,no,no,5.0,0.3,16.0,4.0,2000.0,147.7,2013,619,4.140114296,4.997279839,5652.899997364113,13320.899999345978,20.633333333333333,24
others,Android,10.29,no,no,8.0,2.0,16.0,4.0,1700.0,147.0,2013,715,3.664586762,5.302608148,3513.6000015990676,18077.400000629223,23.833333333333332,24
others,Android,12.7,no,no,13.0,2.0,16.0,4.0,2000.0,168.0,2013,994,4.499365127,5.39648709,8096.399999262296,19856.69999364029,33.13333333333333,24
others,Android,12.7,no,no,13.0,2.0,16.0,4.0,1900.0,165.0,2013,966,4.254761284,5.561296826,6339.600002358295,23414.399991583803,32.2,24
others,Android,10.29,no,no,8.0,2.0,16.0,4.0,1700.0,150.5,2013,944,4.484921613,5.39494486,7980.299996872396,19826.09999739031,31.466666666666665,24
others,Android,10.16,no,no,5.0,0.3,16.0,4.0,1500.0,130.5,2013,727,4.143610804,5.011035214,5672.700002694424,13505.399998411995,24.233333333333334,24
gionee,Android,13.84,yes,no,8.0,5.0,16.0,4.0,2670.0,135.6,2018,645,4.351567427,4.879994956,6983.999998678815,11846.699994819246,21.5,7
gionee,Android,15.27,yes,no,13.0,8.0,64.0,4.0,3600.0,177.0,2017,854,4.902975842,6.213807778,12122.10000471885,44963.99998869502,28.466666666666665,7
gionee,Android,15.21,yes,no,13.0,8.0,64.0,4.0,3410.0,165.0,2017,778,4.961655112,5.7676958,12854.700001612786,28781.999988491414,25.933333333333334,7
gionee,Android,12.88,yes,no,13.0,16.0,32.0,4.0,3030.0,141.0,2017,619,4.789073824,5.298367365,10817.10000038187,18000.899994634317,20.633333333333333,7
gionee,Android,16.33,yes,no,13.0,8.0,128.0,4.0,5000.0,241.0,2017,726,4.999506936,6.507695536,13350.599995882521,60325.20002820062,24.2,7
gionee,Android,15.24,yes,no,13.0,8.0,64.0,4.0,5000.0,199.0,2017,847,4.881513214,5.553889385,11864.70000273032,23241.59999810385,28.233333333333334,7
gionee,Android,15.27,yes,no,13.0,8.0,64.0,4.0,4000.0,180.0,2017,603,4.372481222,5.889957708,7131.600001209876,32525.10001288817,20.1,7
gionee,Android,15.24,yes,no,12.0,8.0,64.0,4.0,6020.0,215.0,2017,623,4.991656327,6.131726365,13246.199993397397,41420.70001968344,20.766666666666666,7
gionee,Android,15.24,yes,no,13.0,20.0,64.0,4.0,4550.0,226.0,2017,756,4.825670246,5.915042361,11220.299995995656,33351.3000078866,25.2,7
gionee,Android,12.83,yes,no,13.0,16.0,64.0,4.0,4010.0,182.0,2017,750,4.571303116,5.635503634,8700.299995854186,25218.000002448498,25.0,7
gionee,Android,12.78,yes,no,13.0,8.0,32.0,4.0,4000.0,162.0,2017,660,4.260141447,5.520700629,6373.800002015663,22482.90000189222,22.0,7
gionee,Android,12.88,yes,no,13.0,8.0,128.0,4.0,7000.0,238.0,2016,656,5.674628257,7.047204129,26224.199994077273,103467.60001337864,21.866666666666667,7
gionee,Android,12.7,yes,no,8.0,5.0,16.0,4.0,4000.0,160.0,2016,567,4.195395806,5.347583608,5974.199998256556,18909.000002818295,18.9,7
gionee,Android,12.7,yes,no,8.0,5.0,16.0,4.0,2300.0,167.0,2016,819,4.310262068,4.942713278,6701.399997020753,12613.500004909212,27.3,7
gionee,Android,12.83,yes,no,13.0,13.0,64.0,4.0,3000.0,168.2,2016,992,4.465563232,5.916633236,7827.300003117818,33404.39998379959,33.06666666666667,7
gionee,Android,12.83,yes,no,13.0,5.0,32.0,4.0,3065.0,183.0,2016,819,4.356452384,5.248864483,7018.200003126948,17131.500002937948,27.3,7
gionee,Android,12.83,yes,no,13.0,8.0,32.0,4.0,3150.0,166.0,2016,970,4.645640119,5.63432521,9371.700004294073,25188.30000904312,32.333333333333336,7
gionee,Android,12.83,yes,no,13.0,8.0,64.0,4.0,3130.0,170.0,2016,835,5.007497042,5.971236329,13457.700005440242,35279.0999907925,27.833333333333332,7
gionee,Android,10.29,no,no,5.0,2.0,32.0,4.0,1800.0,153.0,2016,606,3.745968421,4.485485343,3811.499999626232,7984.799999663745,20.2,7
gionee,Android,10.21,yes,no,16.0,5.0,64.0,4.0,2530.0,207.7,2016,873,5.073359671,6.307478942,14373.900004769006,49379.4000085526,29.1,7
gionee,Android,12.83,yes,no,16.0,8.0,64.0,4.0,3000.0,147.2,2016,694,5.161695489,6.110025058,15701.39999992036,40531.4999906878,23.133333333333333,7
gionee,Android,12.7,no,no,8.0,5.0,16.0,4.0,4000.0,167.6,2016,941,4.199905058,4.78574021,6001.20000070458,10781.10000276816,31.366666666666667,7
gionee,Android,12.83,yes,no,8.0,5.0,16.0,4.0,5000.0,200.0,2015,713,4.295106163,5.823726137,6600.600002355225,30440.699986643533,23.766666666666666,7
gionee,Android,15.24,yes,no,13.0,5.0,64.0,4.0,5020.0,208.0,2015,945,4.336898507,6.039516344,6882.29999961367,37772.10001839803,31.5,7
gionee,Android,12.7,yes,no,8.0,5.0,32.0,4.0,4000.0,183.0,2015,779,4.507667605,5.131613221,8163.900003046336,15236.100005345463,25.966666666666665,7
gionee,Android,12.7,no,no,5.0,2.0,16.0,4.0,2000.0,153.0,2015,1069,3.573468603,4.512287059,3207.6000012746717,8201.700004034947,35.63333333333333,7
gionee,Android,12.83,yes,no,13.0,5.0,32.0,4.0,3150.0,147.0,2015,829,4.803036954,5.667740703,10969.199998711032,26044.199991954018,27.633333333333333,7
gionee,Android,12.7,yes,no,8.0,5.0,16.0,4.0,2400.0,136.6,2015,967,4.138520925,4.87557893,5643.900002511933,11794.500002719626,32.233333333333334,7
gionee,Android,15.24,yes,no,24.0,8.0,64.0,4.0,3500.0,210.0,2015,1022,5.3574821,6.174743978,19097.100005423425,43241.39998585796,34.06666666666667,7
gionee,Android,12.7,yes,no,8.0,5.0,16.0,4.0,5000.0,176.0,2015,1054,4.548494009,5.392672545,8504.100001747296,19781.09999942274,35.13333333333333,7
gionee,Android,12.83,yes,no,13.0,5.0,32.0,4.0,6020.0,211.0,2015,892,5.004885462,5.799153259,13422.599998447691,29701.800009366187,29.733333333333334,7
gionee,Android,10.29,no,no,5.0,2.0,32.0,4.0,1800.0,176.0,2015,886,3.883829271,4.791068671,4374.899999749038,10838.699997047659,29.533333333333335,7
gionee,Android,12.75,yes,no,13.0,8.0,16.0,4.0,2700.0,125.3,2015,623,4.904904339,5.985672807,12145.49999436432,35792.09998868355,20.766666666666666,7
gionee,Android,12.7,no,no,8.0,2.0,32.0,4.0,5000.0,180.3,2014,950,4.160912273,5.137737732,5771.699999072075,15329.700001954749,31.666666666666668,7
gionee,Android,10.36,no,no,8.0,5.0,16.0,4.0,2050.0,97.7,2014,911,4.185555442,5.479054335,5915.699998370315,21565.79999543337,30.366666666666667,7
gionee,Android,12.7,no,no,5.0,2.0,32.0,4.0,1950.0,150.0,2015,595,4.033709524,4.802380355,5082.300001602218,10961.999996976721,19.833333333333332,7
gionee,Android,10.29,no,no,5.0,2.0,32.0,4.0,1800.0,88.2,2014,547,3.89324785,4.598246271,4416.299999550367,8937.900000757332,18.233333333333334,7
gionee,Android,12.7,no,no,13.0,5.0,16.0,4.0,2300.0,133.0,2014,699,4.783232686,5.602635293,10754.100001487694,24402.600008510562,23.3,7
gionee,Android,10.34,no,no,13.0,0.3,16.0,4.0,1800.0,142.9,2013,1000,4.461415282,5.427106281,7794.899997326712,20474.09999220032,33.333333333333336,7
gionee,Android,12.83,yes,no,16.0,8.0,16.0,4.0,2500.0,150.0,2013,738,4.632104187,5.831325137,9245.699997890391,30672.899992403065,24.6,7
gionee,Android,12.7,no,no,13.0,5.0,32.0,4.0,2000.0,142.9,2013,632,4.417031744,5.522580291,7456.500000950166,22525.19999706805,21.066666666666666,7
gionee,Android,10.36,no,no,8.0,5.0,16.0,4.0,2000.0,135.0,2013,894,4.360675309,5.297066585,7047.900001671437,17977.500006357124,29.8,7
gionee,Android,10.34,no,no,8.0,2.0,16.0,4.0,1800.0,142.9,2013,753,3.86388263,5.192289962,4288.499999570245,16189.200001578343,25.1,7
gionee,Android,12.7,no,no,8.0,2.0,16.0,4.0,4200.0,115.35,2014,614,3.689129423,4.865532448,3600.9000004711997,11676.600002511525,20.466666666666665,7
gionee,Android,12.88,no,no,13.0,5.0,16.0,4.0,3200.0,115.35,2014,939,4.256179925,5.395534817,6348.600001219525,19837.7999947748,31.3,7
gionee,Android,12.83,no,no,5.0,0.3,16.0,4.0,2250.0,142.9,2013,682,3.660222745,4.699297849,3498.300000475308,9888.30000284002,22.733333333333334,7
gionee,Android,12.78,no,no,8.0,2.0,16.0,4.0,3000.0,142.9,2013,755,3.938664936,5.063923264,4621.499998268937,14238.899993436253,25.166666666666668,7
gionee,Android,12.7,no,no,8.0,0.3,16.0,4.0,2100.0,142.9,2013,541,3.740047741,4.603268379,3789.000001180896,8982.90000270839,18.033333333333335,7
gionee,Android,10.24,no,no,5.0,0.3,16.0,4.0,1700.0,142.9,2013,872,3.374511116,4.524285457,2628.899998949361,8300.699997944523,29.066666666666666,7
gionee,Android,10.16,no,no,5.0,0.3,16.0,4.0,1700.0,142.9,2013,779,3.348850901,4.249209273,2562.299999257071,6304.5000013679755,25.966666666666665,7
gionee,Android,7.75,no,no,2.0,0.3,512.0,0.25,1500.0,142.9,2013,602,3.104586678,4.099166253,2006.9999990645913,5426.100002705919,20.066666666666666,7
gionee,Android,10.03,no,no,2.0,0.3,16.0,4.0,1700.0,142.9,2013,848,3.47010136,4.494908792,2892.5999991051267,8060.400002171845,28.266666666666666,7
gionee,Android,7.75,no,no,3.15,0.3,16.0,4.0,1500.0,142.9,2013,824,3.335057579,4.097173889,2527.1999996016866,5415.299998742238,27.466666666666665,7
gionee,Android,10.24,no,no,5.0,0.3,16.0,4.0,1800.0,142.9,2013,834,3.812865434,4.606968568,4075.200000428191,9016.200000635907,27.8,7
gionee,Android,10.29,no,no,5.0,0.3,16.0,4.0,1800.0,142.9,2013,688,3.535145354,4.698113932,3086.9999994693626,9876.600003646152,22.933333333333334,7
gionee,Android,11.81,no,no,8.0,1.0,16.0,4.0,2100.0,142.9,2013,719,4.346787983,5.140844508,6950.700002911141,15377.40000425227,23.966666666666665,7
google,Android,15.32,yes,no,12.2,8.0,64.0,4.0,3430.0,184.0,2018,475,5.573825638,6.865974492,23709.599998385158,86317.20003162924,15.833333333333334,8
google,Android,12.83,yes,no,12.2,8.0,64.0,4.0,2915.0,148.0,2018,424,4.464988155,6.745083397,7822.799996962965,76488.30002973888,14.133333333333333,8
google,Android,12.7,yes,no,12.2,8.0,64.0,4.0,2700.0,143.0,2017,890,4.825028346,6.310845121,11213.099996515282,49545.89998503632,29.666666666666668,8
google,Android,15.24,yes,no,12.2,8.0,64.0,4.0,3520.0,175.0,2017,554,5.247760643,6.272367443,17112.600001182753,47675.70001056801,18.466666666666665,8
google,Android,12.83,yes,no,12.3,8.0,32.0,4.0,3450.0,168.0,2016,1021,5.042586055,5.936955562,13938.299995427082,34090.20001337735,34.03333333333333,8
google,Android,12.7,yes,no,12.3,8.0,32.0,4.0,2770.0,143.0,2016,848,4.565077092,5.671810095,8646.299996354313,26150.399989201745,28.266666666666666,8
google,Android,25.45,no,no,8.0,2.0,32.0,4.0,9240.0,517.0,2015,584,5.032201072,5.826059103,13794.2999998508,30511.80000944829,19.466666666666665,8
others,Android,12.83,yes,no,13.0,5.0,32.0,4.0,3000.0,160.0,2017,556,4.177306083,4.783734694,5867.100000372869,10759.500001029317,18.533333333333335,24
honor,Android,15.77,yes,no,13.0,32.0,256.0,4.0,3400.0,164.0,2019,372,5.303105883,5.343147318,18086.39999493881,18825.299991230633,12.4,9
honor,Android,15.77,yes,no,13.0,32.0,128.0,4.0,3400.0,164.0,2019,289,4.974178757,5.634396669,13016.699998885239,25190.100004085623,9.633333333333333,9
honor,Android,15.47,yes,no,13.0,8.0,64.0,4.0,3020.0,150.0,2019,431,4.782144136,5.296165052,10742.39999510737,17961.300000361134,14.366666666666667,9
honor,Android,20.32,yes,no,8.0,8.0,64.0,4.0,5100.0,310.0,2019,190,4.789822358,5.295964601,10825.199998697426,17957.70000063858,6.333333333333333,9
honor,Android,15.34,yes,no,13.0,25.0,256.0,4.0,4000.0,180.0,2018,410,5.414677168,6.346828632,20221.20000678963,51361.19998733364,13.666666666666666,9
honor,Android,16.23,yes,no,13.0,16.0,128.0,4.0,3500.0,206.0,2019,396,5.131081447,6.218121918,15227.999997378907,45158.40001255454,13.2,9
honor,Android,16.23,yes,no,13.0,14.5,128.0,4.0,3500.0,206.0,2018,443,4.896570338,6.309263518,12044.700002309173,49467.599977068116,14.766666666666667,9
honor,Android,15.47,yes,no,13.0,8.0,32.0,4.0,3020.0,150.0,2019,283,4.270955399,4.610356713,6443.099997370612,9046.800002936667,9.433333333333334,9
honor,Android,15.77,yes,no,13.0,24.0,64.0,4.0,3400.0,162.0,2018,720,4.743278588,5.345391774,10332.899998907598,18867.60000124592,24.0,9
honor,Android,15.9,yes,no,13.0,8.0,32.0,4.0,4000.0,167.0,2018,680,4.353241283,5.136386499,6995.699998306144,15308.999993848603,22.666666666666668,9
honor,Android,15.37,yes,no,13.0,16.0,64.0,4.0,3750.0,175.0,2018,718,4.961234944,5.602598411,12849.300002555356,24401.700008414056,23.933333333333334,9
honor,Android,18.08,yes,no,13.0,8.0,64.0,4.0,5000.0,210.0,2018,535,4.64851699,5.521660898,9398.699995380943,22504.50000304008,17.833333333333332,9
honor,Android,17.65,yes,no,13.0,13.0,128.0,4.0,5000.0,230.0,2018,557,4.698296164,5.989412443,9878.400000221525,35926.20000065202,18.566666666666666,9
honor,Android,14.83,yes,no,13.0,16.0,64.0,4.0,3000.0,152.0,2018,626,4.938637914,5.390303847,12562.200005162995,19734.299996834423,20.866666666666667,9
honor,Android,15.32,yes,no,13.0,16.0,64.0,4.0,3750.0,176.0,2018,455,5.078667704,5.766381616,14450.399992947008,28744.199988136676,15.166666666666666,9
honor,Android,13.84,yes,no,13.0,5.0,16.0,4.0,3020.0,142.0,2018,697,4.406475315,4.700389453,7378.199999437843,9899.100004266258,23.233333333333334,9
honor,Android,14.83,yes,no,13.0,24.0,64.0,4.0,3400.0,153.0,2018,420,5.302857047,5.993612239,18081.900007412336,36077.399994031315,14.0,9
honor,Android,12.88,yes,no,13.0,8.0,32.0,4.0,3000.0,150.0,2018,663,4.243769809,4.776093698,6270.299999736473,10677.60000181865,22.1,9
honor,Android,15.21,yes,no,13.0,8.0,32.0,4.0,3000.0,164.0,2018,641,4.480400299,5.293103799,7944.2999997446595,17906.399991133658,21.366666666666667,9
honor,Android,14.35,yes,no,13.0,8.0,64.0,4.0,3000.0,149.0,2017,778,4.671613143,5.242170206,9618.300004455146,17017.200001275683,25.933333333333334,9
honor,Android,15.06,yes,no,13.0,8.0,64.0,4.0,3340.0,165.0,2017,628,4.819555496,5.663828159,11151.900004144034,25942.49999613021,20.933333333333334,9
honor,Android,15.21,yes,no,13.0,13.0,128.0,4.0,3750.0,172.0,2017,814,4.687303016,5.917091155,9770.400004625177,33419.69999605155,27.133333333333333,9
honor,Android,12.75,yes,no,13.0,8.0,32.0,4.0,3000.0,145.0,2017,632,4.609759638,5.192734604,9041.399997089584,16196.400000437763,21.066666666666666,9
honor,Android,13.08,yes,no,13.0,8.0,64.0,4.0,3200.0,155.0,2017,751,4.477450444,5.742682624,7920.899996944745,28071.000010842225,25.033333333333335,9
honor,Android,12.7,yes,no,13.0,5.0,32.0,4.0,3020.0,143.0,2017,683,4.177459469,4.856551279,5868.000000395463,11572.200003314962,22.766666666666666,9
honor,Android,12.88,yes,no,12.0,8.0,64.0,4.0,4000.0,184.0,2017,557,4.825670246,5.969448973,11220.299995995656,35216.099998228594,18.566666666666666,9
honor,Android,12.93,yes,no,12.0,8.0,64.0,4.0,2900.0,145.0,2016,729,4.839767887,5.989713014,11379.59999604653,35936.999997514045,24.3,9
honor,Android,12.88,yes,no,12.0,8.0,32.0,4.0,3500.0,170.0,2016,675,4.714114273,5.767038924,10035.90000022811,28763.099991623738,22.5,9
honor,Android,20.32,yes,no,8.0,2.0,16.0,4.0,4800.0,340.0,2016,1027,4.356324137,5.433765671,7017.299997743876,20610.900005707448,34.233333333333334,9
honor,Android,12.83,yes,no,13.0,8.0,64.0,4.0,3300.0,162.0,2016,595,4.703928958,5.187665096,9934.19999988719,16114.499992838042,19.833333333333332,9
honor,Android,12.83,yes,no,13.0,8.0,16.0,4.0,3100.0,168.0,2016,670,4.29374172,4.932169121,6591.600001276727,12481.200002286278,22.333333333333332,9
honor,Android,15.39,yes,no,13.0,5.0,32.0,4.0,4500.0,219.0,2016,1014,4.420405648,5.992014396,7481.7000034191615,36019.80000311869,33.8,9
honor,Android,12.75,yes,no,12.0,8.0,32.0,4.0,3000.0,153.0,2016,1039,4.790487252,5.555630434,10832.400002579798,23282.10000855984,34.63333333333333,9
honor,Android,12.7,yes,no,13.0,5.0,16.0,4.0,2200.0,140.0,2016,672,4.424607082,4.78548974,7513.199998429739,10778.399998799578,22.4,9
honor,Android,12.75,yes,no,13.0,8.0,16.0,4.0,3300.0,156.0,2016,556,4.596835549,5.135739612,8925.299998232487,15299.100003202433,18.533333333333335,9
honor,Android,12.7,yes,no,13.0,5.0,16.0,4.0,4000.0,160.0,2016,1001,4.455393261,4.946416722,7748.100002557933,12660.30000291688,33.36666666666667,9
honor,Android,12.83,yes,no,13.0,5.0,16.0,4.0,3000.0,158.0,2015,826,4.46383701,5.193512252,7813.8000010044825,16208.999997051407,27.533333333333335,9
honor,Android,12.75,yes,no,13.0,13.0,32.0,4.0,3100.0,160.0,2015,592,4.765416535,5.737604023,10564.199998624663,27928.799996321457,19.733333333333334,9
honor,Android,12.75,yes,no,20.0,8.0,16.0,4.0,3100.0,157.0,2015,960,4.405132623,5.705481031,7368.299997138472,27045.899992108472,32.0,9
honor,Android,10.29,no,no,8.0,2.0,32.0,4.0,1730.0,159.0,2015,894,3.883006056,4.248209487,4371.29999843659,6298.200000380773,29.8,9
honor,Android,12.7,no,no,13.0,5.0,32.0,4.0,2550.0,162.0,2015,727,4.315352501,5.137913845,6735.599997266092,15332.399999156522,24.233333333333334,9
honor,Android,12.83,yes,no,8.0,8.0,16.0,4.0,3600.0,165.0,2014,1083,4.321878462,5.765253797,6779.7000011009995,28711.800007341542,36.1,9
honor,Android,12.83,yes,no,13.0,5.0,32.0,4.0,3000.0,165.0,2014,904,4.572337029,5.294409742,8709.30000093319,17929.800005073783,30.133333333333333,9
honor,Android,12.7,no,no,8.0,2.0,16.0,4.0,2000.0,156.0,2014,700,3.981362484,4.62399194,4823.100002378951,9170.999997902782,23.333333333333332,9
honor,Android,12.7,yes,no,8.0,2.0,32.0,4.0,2000.0,160.0,2014,847,3.855875845,4.605070181,4254.300000828971,8999.10000011017,28.233333333333334,9
honor,Android,12.7,no,no,8.0,2.0,16.0,4.0,2000.0,156.0,2014,545,3.872658282,4.862057943,4326.300000407238,11636.099996899422,18.166666666666668,9
honor,Android,12.7,yes,no,13.0,5.0,16.0,4.0,3100.0,130.0,2014,829,4.640151155,5.674628257,9320.400001087346,26224.199994077273,27.633333333333333,9
honor,Android,12.83,no,no,13.0,5.0,32.0,4.0,3000.0,162.0,2014,668,4.142658423,5.297517046,5667.300002829961,17985.599993214622,22.266666666666666,9
honor,Android,12.7,yes,no,8.0,5.0,32.0,4.0,2300.0,140.0,2014,805,4.50821866,5.295062074,8168.40000072175,17941.500003097342,26.833333333333332,9
honor,Android,12.83,no,no,13.0,5.0,32.0,4.0,3000.0,162.0,2013,1083,4.49880917,5.515644033,8091.900000026855,22369.50001027472,36.1,9
honor,Android,12.7,no,no,8.0,5.0,32.0,4.0,2300.0,140.0,2013,1090,4.159195535,4.947198388,5761.800002640537,12670.199997719552,36.333333333333336,9
honor,Android,10.34,no,no,13.0,1.3,32.0,4.0,2150.0,138.0,2013,840,4.390862483,5.433328913,7263.899997557291,20601.899995799,28.0,9
others,Windows,15.14,yes,no,16.0,8.0,64.0,4.0,4150.0,195.0,2016,711,5.427853288,6.550308609,20489.400002108956,62951.40001461474,23.7,24
others,Android,30.56,no,no,8.0,2.0,32.0,4.0,2500.0,850.0,2015,652,5.239310186,6.194772671,16968.600000542923,44116.20001817233,21.733333333333334,24
others,Android,25.43,no,no,5.0,2.0,16.0,4.0,8380.0,855.0,2015,889,5.163585253,5.480263853,15731.099994541384,21591.899999742884,29.633333333333333,24
others,Android,19.96,no,no,8.0,2.0,16.0,4.0,5900.0,350.0,2015,976,4.849135453,5.965608133,11486.700000062032,35081.10001533904,32.53333333333333,24
others,Android,15.24,no,no,8.0,2.0,16.0,4.0,3000.0,160.0,2014,900,4.054216771,5.304050898,5187.599999318758,18103.499992834684,30.0,24
others,Android,17.65,no,no,5.0,0.3,32.0,4.0,3000.0,305.0,2014,806,4.494350351,4.957445466,8055.900000943765,12800.700005348946,26.866666666666667,24
others,Android,17.78,no,no,2.0,0.3,32.0,4.0,2800.0,294.8,2014,634,4.18235544,4.240607069,5896.800002684143,6250.499998747697,21.133333333333333,24
others,Android,19.94,no,no,2.0,0.3,16.0,4.0,3800.0,313.0,2014,664,4.297285406,4.792230497,6614.999998552699,10851.299998597804,22.133333333333333,24
others,Android,17.78,yes,no,13.0,5.0,16.0,4.0,5000.0,239.0,2014,678,5.062088576,5.996277944,14212.800004474591,36173.699996255615,22.6,24
others,Android,17.78,no,no,5.0,2.0,16.0,4.0,4100.0,325.0,2014,601,4.613039144,5.198938923,9071.099996672843,16297.200007044337,20.033333333333335,24
others,Android,15.24,no,no,5.0,2.0,16.0,4.0,3000.0,160.0,2014,930,4.459450532,5.595863132,7779.600002810884,24237.899989415142,31.0,24
others,Android,25.4,no,no,5.0,2.0,16.0,4.0,7000.0,626.0,2013,591,5.02427518,5.391671088,13685.400002733104,19761.29999444222,19.7,24
others,Android,17.78,no,no,5.0,0.3,16.0,4.0,4100.0,319.8,2013,939,4.428790939,5.006627273,7544.700002642408,13446.000004051057,31.3,24
others,Android,17.78,no,no,5.0,0.3,32.0,4.0,4000.0,340.2,2013,621,4.399006655,4.69217323,7323.30000213426,9818.100003832344,20.7,24
others,Android,17.78,no,no,3.15,0.3,32.0,4.0,2000.0,372.0,2013,855,4.418238017,4.862753811,7465.500002714059,11644.200004473245,28.5,24
htc,Android,12.88,yes,no,13.0,13.0,64.0,4.0,3075.0,150.0,2018,687,4.757719584,5.299616522,10483.199995299587,18023.399994959636,22.9,10
htc,Android,15.24,yes,no,13.0,13.0,128.0,4.0,3600.0,175.0,2018,682,4.668426636,5.701813872,9587.700003613549,26946.90001182008,22.733333333333334,10
htc,Android,15.24,yes,no,13.0,10.5,64.0,4.0,3500.0,188.0,2018,384,5.414588148,6.478325293,20219.39999568471,58579.19997538851,12.8,10
htc,Android,15.24,yes,no,13.0,8.0,32.0,4.0,2965.0,157.5,2018,537,4.806640562,5.521940803,11008.800004174462,22510.800006773556,17.9,10
htc,Android,12.83,yes,no,13.0,5.0,32.0,4.0,2730.0,137.0,2018,708,4.065945088,4.864452784,5248.800001572527,11664.000000954416,23.6,10
htc,Android,15.24,yes,no,12.0,10.5,64.0,4.0,3930.0,185.0,2018,426,5.087411133,5.993687075,14577.300001482432,36080.09998336423,14.2,10
htc,Android,15.24,yes,no,12.0,8.0,128.0,4.0,3930.0,188.0,2017,561,4.669364898,6.492724566,9596.699999711256,59428.79999974612,18.7,10
htc,Android,12.75,yes,no,16.0,16.0,64.0,4.0,2600.0,142.0,2017,859,4.664570529,5.34834486,9550.799997425685,18923.399997205302,28.633333333333333,10
htc,Android,12.83,yes,no,12.0,16.0,128.0,4.0,3000.0,169.0,2017,634,5.099744469,5.916309874,14758.199997520154,33393.60001645566,21.133333333333333,10
htc,Android,12.83,yes,no,16.0,8.0,32.0,4.0,3000.0,175.0,2017,669,4.39432569,5.301163313,7289.099998098282,18051.300000036907,22.3,10
htc,Android,12.88,yes,no,12.0,16.0,64.0,4.0,3000.0,170.0,2017,880,4.912140047,5.521020821,12233.699995752993,22490.09999923887,29.333333333333332,10
htc,Android,12.75,yes,no,16.0,16.0,64.0,4.0,2500.0,145.0,2017,774,4.789572909,5.016882407,10822.500000152919,13584.600001946368,25.8,10
htc,Android,12.83,yes,no,16.0,8.0,32.0,4.0,3200.0,174.0,2016,728,4.625364893,5.439426228,9183.599997487272,20727.900010199857,24.266666666666666,10
htc,Android,12.7,yes,no,13.0,5.0,16.0,4.0,2200.0,140.0,2016,744,4.009875406,5.15282906,4962.600002006623,15562.80000312142,24.8,10
htc,Android,12.83,yes,no,20.0,13.0,64.0,4.0,3000.0,165.0,2016,562,4.718409582,5.564903476,10079.100004086042,23499.00000693024,18.733333333333334,10
htc,Android,12.83,yes,no,13.0,5.0,32.0,4.0,2700.0,155.0,2016,682,4.505681287,5.304050898,8147.699996029226,18103.499992834684,22.733333333333334,10
htc,Android,12.7,yes,no,13.0,5.0,32.0,4.0,2300.0,149.8,2016,948,4.562053895,5.019198525,8620.200000737343,13616.100003312207,31.6,10
htc,Android,12.83,yes,no,13.0,5.0,32.0,4.0,2800.0,153.0,2016,714,4.543826556,5.393991117,8464.500002141185,19807.20000759964,23.8,10
htc,Android,12.7,yes,no,13.0,5.0,32.0,4.0,2200.0,142.0,2016,1031,4.259435182,5.304846009,6369.299999441454,18117.900008864424,34.36666666666667,10
htc,Android,12.7,yes,no,13.0,4.0,16.0,4.0,2840.0,158.0,2016,828,4.553771623,5.521540915,8549.100000837036,22501.800007596226,27.6,10
htc,Android,12.83,yes,no,13.0,4.0,32.0,4.0,2800.0,156.0,2016,748,4.439351701,5.294158731,7624.79999776478,17925.29999284461,24.933333333333334,10
htc,Android,12.7,yes,no,13.0,4.0,16.0,4.0,2840.0,158.0,2016,738,4.566325402,5.344437302,8657.0999985757,18849.5999969541,24.6,10
htc,Android,12.75,yes,no,12.0,5.0,32.0,4.0,3000.0,161.0,2016,692,4.175770928,5.523578674,5858.100002435238,22547.70000375989,23.066666666666666,10
htc,Android,12.75,yes,no,12.0,5.0,32.0,4.0,3000.0,161.0,2016,1001,4.746409298,5.698568908,10365.300003308435,26859.60001065485,33.36666666666667,10
htc,Android,12.83,yes,no,13.0,5.0,16.0,4.0,2700.0,155.0,2016,703,4.493456196,5.481513541,8048.699997117846,21618.900005347386,23.433333333333334,10
htc,Android,12.7,yes,no,13.0,5.0,16.0,4.0,2200.0,140.0,2016,597,4.609560534,5.243174567,9039.59999738408,17034.29999913418,19.9,10
htc,Android,12.7,yes,no,8.0,5.0,16.0,4.0,2200.0,140.0,2016,699,4.100326634,5.140024788,5432.400000545151,15364.800006861253,23.3,10
htc,Android,12.7,yes,no,5.0,1.3,32.0,4.0,2000.0,140.1,2016,790,3.852060664,4.237723145,4238.099998917322,6232.499999579633,26.333333333333332,10
htc,Android,12.83,yes,no,13.0,5.0,32.0,4.0,3000.0,170.0,2015,909,4.880526609,5.709996461,11853.000002972318,27168.299996667305,30.3,10
htc,Android,12.7,yes,no,13.0,4.0,16.0,4.0,2840.0,158.0,2015,559,4.131640347,5.601269752,5605.200000191713,24369.29999913096,18.633333333333333,10
htc,Android,12.83,yes,no,13.0,4.0,16.0,4.0,2800.0,155.0,2015,565,4.730745009,5.516367971,10204.200001059624,22385.700004561382,18.833333333333332,10
htc,Android,12.83,yes,no,13.0,5.0,16.0,4.0,2800.0,153.0,2015,921,4.587515251,5.487945499,8842.500002216191,21758.40001034766,30.7,10
htc,Android,12.83,yes,no,13.0,4.0,16.0,4.0,2600.0,165.0,2015,719,4.119524861,5.735830087,5537.700001371142,27879.30001045539,23.966666666666665,10
htc,Android,12.75,yes,no,20.2,13.0,32.0,4.0,2700.0,161.0,2015,574,4.703294584,5.701346176,9927.900000185748,26934.30000118913,19.133333333333333,10
htc,Android,12.7,yes,no,13.0,4.0,16.0,4.0,2150.0,143.0,2015,690,4.666359354,5.700376682,9567.899997124712,26908.20001287912,23.0,10
htc,Android,12.75,yes,no,21.0,4.0,32.0,4.0,2840.0,168.0,2015,895,4.404766122,6.174972899,7365.600002626785,43251.29998349956,29.833333333333332,10
htc,Android,12.7,yes,no,8.0,2.0,32.0,4.0,2000.0,138.9,2015,857,4.256605125,5.254887809,6351.299999919092,17235.00000653723,28.566666666666666,10
htc,Android,10.34,yes,no,8.0,2.0,32.0,4.0,2000.0,156.0,2015,700,3.948354935,4.695193689,4666.500001514109,9847.80000358775,23.333333333333332,10
htc,Android,12.75,yes,no,20.0,4.0,32.0,4.0,2840.0,155.0,2015,863,4.812021741,5.826000107,11068.200005253808,30509.99998839245,28.766666666666666,10
htc,Android,12.83,no,no,13.0,8.0,16.0,4.0,2600.0,154.5,2015,916,4.144879236,5.186603377,5679.900002293841,16097.400001319422,30.533333333333335,10
htc,Android,10.29,no,no,8.0,2.0,32.0,4.0,2000.0,146.0,2015,892,4.227855121,4.879006852,6171.299998171611,11835.000004523106,29.733333333333334,10
htc,Android,12.75,yes,no,13.0,4.0,32.0,4.0,2840.0,168.0,2015,714,4.88741249,5.709333705,11934.900003705696,27150.30000829371,23.8,10
htc,Android,12.7,yes,no,13.0,5.0,16.0,4.0,2840.0,160.0,2015,945,4.92180408,5.798031486,12352.499995186974,29668.500013074656,31.5,10
htc,Android,12.83,yes,no,20.0,13.0,32.0,4.0,2800.0,150.0,2015,795,4.985454229,5.770007074,13164.300001329635,28848.600012536743,26.5,10
htc,Android,12.83,yes,no,13.0,4.0,16.0,4.0,2800.0,147.0,2015,598,4.167285187,5.768320996,5808.600002185104,28800.00000593936,19.933333333333334,10
htc,Android,12.7,yes,no,20.0,4.0,32.0,4.0,2840.0,157.0,2015,604,4.932889945,5.885937351,12490.199994112088,32394.60000346438,20.133333333333333,10
htc,Android,12.83,yes,no,13.0,8.0,16.0,4.0,2600.0,155.0,2015,1092,4.16852396,5.91609424,5815.799997694894,33386.39999722206,36.4,10
htc,Android,12.7,no,no,13.0,5.0,32.0,4.0,2000.0,138.0,2015,874,4.048649603,5.523219371,5158.800000206503,22539.600002769894,29.133333333333333,10
htc,Android,12.7,yes,no,13.0,5.0,16.0,4.0,2000.0,140.0,2014,602,4.239454497,5.194788506,6243.299997520097,16229.70000455762,20.066666666666666,10
htc,Android,10.34,no,no,8.0,2.0,32.0,4.0,2000.0,154.0,2015,986,4.101651137,5.073359671,5439.599997799472,14373.900004769006,32.86666666666667,10
htc,Android,12.83,yes,no,13.0,4.0,16.0,4.0,2600.0,183.0,2015,823,4.576153237,5.302408984,8742.600000720398,18073.799991843476,27.433333333333334,10
htc,Android,10.29,no,no,5.0,0.3,32.0,4.0,2100.0,145.0,2015,995,3.803992261,4.378520495,4039.19999913383,7174.799997527607,33.166666666666664,10
htc,Android,12.7,no,no,8.0,5.0,32.0,4.0,2100.0,160.0,2014,1044,4.258445573,5.247287195,6363.000000620223,17104.49999255514,34.8,10
htc,Android,12.7,yes,no,8.0,5.0,32.0,4.0,2100.0,160.0,2014,1066,4.143928062,5.194178327,5674.499997668184,16219.800003132192,35.53333333333333,10
htc,Android,20.55,yes,no,8.0,1.6,16.0,4.0,6700.0,425.0,2014,942,5.057773301,5.699774453,14151.600006316434,26891.99999304405,31.4,10
htc,Android,12.83,no,no,13.0,5.0,32.0,4.0,2600.0,158.0,2014,1002,4.457481913,5.559527119,7764.299999312953,23373.000007743416,33.4,10
htc,Android,12.7,yes,no,13.0,5.0,16.0,4.0,2600.0,160.0,2014,806,4.461761603,5.559488612,7797.6000023959305,23372.1000009605,26.866666666666667,10
htc,Android,12.75,yes,no,13.0,13.0,16.0,4.0,2400.0,154.0,2014,703,4.462684538,5.940434376,7804.800002409063,34209.00000016409,23.433333333333334,10
htc,Android,10.34,yes,no,8.0,1.3,32.0,4.0,2040.0,146.0,2014,973,4.470037512,5.476003195,7862.400000026774,21500.10000134454,32.43333333333333,10
htc,Android,12.83,yes,no,13.0,8.0,16.0,4.0,2600.0,155.0,2014,761,4.674696249,5.556094202,9648.000003505103,23292.90000566955,25.366666666666667,10
htc,Android,12.83,yes,no,13.0,8.0,16.0,4.0,2600.0,155.0,2014,757,4.382901252,5.773370724,7206.2999993907615,28945.799987672613,25.233333333333334,10
htc,Android,12.83,yes,no,13.0,8.0,16.0,4.0,2600.0,155.0,2014,928,4.239166147,5.832351575,6241.500001492712,30704.39998615511,30.933333333333334,10
htc,Android,12.7,yes,no,13.0,5.0,16.0,4.0,2600.0,164.0,2014,1057,4.766608532,5.860472784,10576.800001421294,31580.099998879872,35.233333333333334,10
htc,Android,10.34,yes,no,5.0,0.3,32.0,4.0,2100.0,158.0,2014,773,4.206333064,5.307376211,6039.8999989723225,18163.799999339153,25.766666666666666,10
htc,Windows,12.7,yes,no,4.0,5.0,32.0,4.0,2600.0,160.0,2014,640,4.166355098,5.705181496,5803.199998848805,27037.800011628726,21.333333333333332,10
htc,Windows,12.7,no,no,4.0,5.0,32.0,4.0,2600.0,160.0,2014,1028,4.736461572,5.70348243,10262.70000339421,26991.900009522775,34.266666666666666,10
htc,Android,12.7,yes,no,13.0,5.0,16.0,4.0,2700.0,151.0,2014,754,4.185403293,5.523379077,5914.799999000003,22543.199999590845,25.133333333333333,10
htc,Android,10.29,yes,no,13.0,5.0,16.0,4.0,2100.0,137.0,2014,697,4.407572542,5.628052675,7386.300002647096,25030.799994222467,23.233333333333334,10
htc,Android,12.7,yes,no,4.0,5.0,16.0,4.0,2600.0,160.0,2014,1047,4.713755496,5.700109069,10032.299995971709,26900.999992201607,34.9,10
htc,Android,12.7,no,no,5.0,2.0,16.0,4.0,1950.0,160.0,2014,977,3.96726848,5.07991257,4755.600001644845,14468.400006062258,32.56666666666667,10
htc,Android,12.7,yes,no,13.0,5.0,16.0,4.0,2600.0,145.0,2014,1081,4.808682295,6.040326137,11031.299996105134,37802.69998873693,36.03333333333333,10
htc,Android,10.29,yes,no,13.0,5.0,16.0,4.0,2110.0,137.0,2014,1090,4.340292766,5.516327766,6905.69999869086,22384.800005585043,36.333333333333336,10
htc,Android,12.7,no,no,8.0,2.0,16.0,4.0,2000.0,150.0,2014,1044,3.962906216,5.196616812,4734.900001218214,16259.400004525036,34.8,10
htc,Android,10.16,no,no,5.0,0.3,16.0,4.0,1300.0,130.0,2014,838,3.938664936,4.615120517,4621.499998268937,9090.000001442953,27.933333333333334,10
htc,Android,12.7,yes,no,4.0,5.0,32.0,4.0,2600.0,160.0,2014,768,4.237000863,5.524137333,6228.000002344068,22560.299998518803,25.6,10
htc,Android,12.7,yes,no,4.0,5.0,16.0,4.0,2600.0,160.0,2014,608,4.572956864,5.521340911,8714.70000328161,22497.30000761151,20.266666666666666,10
htc,Android,10.29,no,no,5.0,0.3,16.0,4.0,2000.0,140.0,2014,641,3.584351925,4.93562435,3242.700000778242,12524.399996446315,21.366666666666667,10
htc,Android,10.29,no,no,5.0,0.3,16.0,4.0,2000.0,140.0,2014,613,3.58407434,5.011368359,3241.800000817549,13509.900004430108,20.433333333333334,10
htc,Android,12.83,no,no,13.0,5.0,32.0,4.0,2600.0,165.0,2014,620,4.117409835,5.52317944,5525.999999153988,22538.69999197147,20.666666666666668,10
htc,Android,12.83,yes,no,13.0,5.0,32.0,4.0,2600.0,165.0,2014,575,4.618382517,5.52001988,9119.699995802872,22467.599998520694,19.166666666666668,10
htc,Android,10.34,yes,no,8.0,1.3,32.0,4.0,2040.0,143.5,2014,770,4.061649179,5.301312876,5226.2999979933165,18054.00000852446,25.666666666666668,10
htc,Android,10.24,no,no,8.0,2.1,32.0,4.0,2100.0,130.0,2013,996,4.372102553,5.248654322,7128.899996605304,17127.90000806834,33.2,10
htc,Android,12.7,no,no,8.0,2.1,32.0,4.0,2100.0,149.0,2014,683,4.233526626,5.395126422,6206.39999779401,19829.699990559126,22.766666666666666,10
htc,Android,12.7,no,no,8.0,2.1,32.0,4.0,2100.0,149.0,2013,579,4.633757643,5.513307771,9261.000001481725,22317.299997637507,19.3,10
htc,Android,10.29,no,no,5.0,0.3,16.0,4.0,2100.0,130.0,2013,959,3.673511977,5.60241398,3545.1000000609242,24397.199993463684,31.966666666666665,10
htc,Android,10.24,no,no,8.0,2.1,32.0,4.0,2100.0,130.0,2013,555,4.506233438,5.487780031,8152.199998955964,21754.799989267096,18.5,10
htc,Android,12.93,yes,no,4.0,2.1,16.0,4.0,3300.0,217.0,2013,683,4.742320024,5.91242134,10322.999998603036,33264.00000773291,22.766666666666666,10
htc,Android,10.24,no,no,5.0,0.3,16.0,4.0,1650.0,120.0,2013,1018,4.025351691,5.065880768,5040.000001334848,14266.799995402755,33.93333333333333,10
htc,Android,10.29,yes,no,5.0,0.3,32.0,4.0,2100.0,130.0,2013,814,4.373616367,5.440858053,7139.699997758768,20757.599993146952,27.133333333333333,10
htc,Android,10.24,no,no,8.0,1.6,16.0,4.0,1800.0,123.0,2013,770,4.217004575,5.190342325,6104.700000256468,16157.700001894687,25.666666666666668,10
htc,Android,10.24,yes,no,4.0,1.6,16.0,4.0,1800.0,122.0,2013,920,4.172847624,5.476589067,5841.000001693632,21512.699998564913,30.666666666666668,10
htc,Windows,10.24,yes,no,8.0,1.6,32.0,4.0,1800.0,120.0,2013,686,3.764218811,5.142949279,3881.700001320742,15409.799995156087,22.866666666666667,10
htc,Android,12.7,yes,no,4.0,2.1,16.0,4.0,3200.0,160.0,2013,845,3.642835516,5.699171862,3438.0000013321232,26875.799997352256,28.166666666666668,10
htc,Android,7.75,no,no,5.0,1.6,16.0,4.0,1230.0,100.0,2013,833,3.827336197,4.61234439,4134.599998921068,9064.800002392272,27.766666666666666,10
htc,Android,10.29,no,no,8.0,1.6,32.0,4.0,1860.0,130.0,2013,1072,4.402931595,5.665561262,7352.09999739899,25987.50000426186,35.733333333333334,10
htc,Android,10.24,yes,no,5.0,1.6,16.0,4.0,2000.0,123.9,2013,836,4.244200318,5.305590851,6273.000001464881,18131.400008802157,27.866666666666667,10
htc,Android,11.89,no,no,4.0,2.1,32.0,4.0,2300.0,156.0,2013,848,4.274580613,5.705514308,6466.500003071371,27046.80001349743,28.266666666666666,10
htc,Android,10.34,yes,no,4.0,2.1,32.0,4.0,2300.0,143.0,2013,778,3.729301369,5.597458532,3748.5000014512248,24276.599997846388,25.933333333333334,10
htc,Android,10.16,no,no,5.0,1.6,16.0,4.0,1650.0,114.0,2013,947,3.456316681,5.011634794,2853.000000333131,13513.49999419812,31.566666666666666,10
htc,Android,10.16,no,no,5.0,1.6,16.0,4.0,1650.0,107.0,2013,1070,4.044804117,5.196173893,5139.000001737164,16252.200001961104,35.666666666666664,10
huawei,Android,16.43,yes,no,13.0,32.0,128.0,4.0,4200.0,192.0,2019,515,5.426578646,6.780864645,20463.299989931093,79274.70001792027,17.166666666666668,11
huawei,Android,15.27,yes,no,13.0,32.0,64.0,4.0,3650.0,165.0,2019,359,5.022959044,6.523312642,13667.400002937296,61274.69999428729,11.966666666666667,11
huawei,Android,15.62,yes,no,13.0,32.0,128.0,4.0,3340.0,159.0,2019,473,5.095956354,5.671775679,14702.399993878576,26149.500012522603,15.766666666666667,11
huawei,Android,15.62,yes,no,13.0,32.0,128.0,4.0,3340.0,159.0,2019,210,4.882650396,5.596642599,11878.200000531242,24256.799997615617,7.0,11
huawei,Android,15.47,yes,no,13.0,8.0,32.0,4.0,3020.0,150.0,2019,476,4.439233658,4.792976673,7623.899996619109,10859.399999863002,15.866666666666667,11
huawei,Android,15.77,yes,no,13.0,8.0,64.0,4.0,3400.0,160.0,2019,381,4.469006761,5.291745821,7854.299998623771,17882.099997049496,12.7,11
huawei,Android,18.08,yes,no,13.0,8.0,128.0,4.0,5000.0,210.0,2018,689,5.003409249,5.638354669,13402.799999939467,25289.999991559565,22.966666666666665,11
huawei,Android,20.32,yes,no,13.0,16.0,512.0,4.0,4500.0,295.0,2019,434,5.887797042,7.741042591,32454.900001842852,207078.29994529014,14.466666666666667,11
huawei,Android,20.32,yes,no,13.0,8.0,64.0,4.0,5100.0,310.0,2019,516,4.747884288,5.083823796,10380.59999805606,14525.099999306698,17.2,11
huawei,Android,15.47,yes,no,13.0,8.0,32.0,4.0,3020.0,150.0,2019,499,4.212127598,4.78256295,6075.000000738211,10746.900004886687,16.633333333333333,11
huawei,Android,15.47,yes,no,13.0,8.0,32.0,4.0,3020.0,150.0,2019,295,4.246636373,5.011901159,6288.300002739441,13517.099997060172,9.833333333333334,11
huawei,Android,15.9,yes,no,13.0,8.0,32.0,4.0,4000.0,168.0,2019,399,4.439587745,5.016352254,7626.59999848678,13577.399994223024,13.3,11
huawei,Android,15.9,yes,no,13.0,16.0,32.0,4.0,4000.0,168.0,2019,456,4.687026632,5.299916088,9767.699995527142,18028.80000159133,15.2,11
huawei,Android,15.9,yes,no,13.0,16.0,32.0,4.0,4000.0,168.0,2019,442,4.713396591,5.190565104,10028.699999408685,16161.299999130419,14.733333333333333,11
huawei,Android,13.84,yes,no,8.0,5.0,16.0,4.0,3020.0,142.0,2018,389,4.001498012,4.608265391,4921.200000709889,9027.900000944372,12.966666666666667,11
huawei,Android,15.34,yes,no,13.0,25.0,128.0,4.0,3750.0,172.0,2018,365,5.296666004,6.173931927,17970.30000361552,43206.30001716918,12.166666666666666,11
huawei,Android,15.77,yes,no,13.0,16.0,32.0,4.0,3400.0,160.0,2018,541,4.92180408,5.525452939,12352.499995186974,22589.999997023002,18.033333333333335,11
huawei,Android,16.23,yes,no,13.0,24.0,256.0,4.0,4200.0,187.0,2018,365,6.109092015,7.377940142,40493.6999955947,144026.10002821818,12.166666666666666,11
huawei,Android,17.83,yes,no,13.0,24.0,128.0,4.0,5000.0,232.0,2018,441,4.885525483,6.685561277,11912.399999363746,72068.40002136714,14.7,11
huawei,Android,16.23,yes,no,13.0,24.0,256.0,4.0,4200.0,189.0,2018,702,5.496676301,6.779842359,21949.199999130473,79193.70001157817,23.4,11
huawei,Android,16.59,yes,no,13.0,24.0,128.0,4.0,4000.0,188.0,2018,448,4.901415489,6.461671281,12103.199998785316,57611.70001574943,14.933333333333334,11
huawei,Android,25.43,yes,no,5.0,2.0,32.0,4.0,5100.0,460.0,2018,651,4.6226171,5.297967305,9158.400003738352,17993.69999489445,21.7,11
huawei,Android,25.43,yes,no,8.0,8.0,64.0,4.0,7500.0,475.0,2018,708,5.232978525,5.70388247,16861.499995958362,27002.7000092745,23.6,11
huawei,Android,15.37,yes,no,13.0,8.0,128.0,4.0,4000.0,173.0,2018,654,4.53635587,5.393673,8401.500000103077,19800.900002677285,21.8,11
huawei,Android,15.32,yes,no,13.0,8.0,64.0,4.0,3750.0,172.0,2018,575,4.721440968,5.702681869,10109.70000350323,26970.299994277768,19.166666666666668,11
huawei,Android,15.77,yes,no,13.0,8.0,64.0,4.0,3400.0,160.0,2018,387,4.855306142,5.865986355,11557.799995770973,31754.700014891223,12.9,11
huawei,Android,15.32,yes,no,13.0,8.0,128.0,4.0,3340.0,169.0,2018,496,4.81510691,5.389802057,11102.400002053728,19724.400006504806,16.533333333333335,11
huawei,Android,15.32,yes,no,13.0,8.0,128.0,4.0,3750.0,166.0,2018,399,4.944353031,5.988535261,12634.199996180994,35894.70000231862,13.3,11
huawei,Android,13.84,yes,no,13.0,5.0,16.0,4.0,3020.0,142.0,2018,453,4.037950562,4.598044861,5103.899999867621,8936.099999593383,15.1,11
huawei,Android,12.7,yes,no,8.0,2.0,32.0,4.0,2280.0,175.0,2018,563,3.999117712,4.499920775,4909.499998629857,8100.899997820905,18.766666666666666,11
huawei,Android,12.88,yes,no,13.0,8.0,32.0,4.0,3000.0,150.0,2018,530,4.416669578,4.951804895,7453.799999124763,12728.699999587487,17.666666666666668,11
huawei,Android,12.88,yes,no,13.0,5.0,16.0,4.0,3000.0,150.0,2018,505,4.091005661,5.021838965,5382.000000233652,13652.100005411947,16.833333333333332,11
huawei,Android,15.24,yes,no,13.0,24.0,256.0,4.0,4000.0,183.0,2018,658,5.523019702,7.170304142,22535.099992648156,117021.60002399872,21.933333333333334,11
huawei,Android,15.27,yes,no,13.0,24.0,64.0,4.0,4000.0,180.0,2018,700,4.701843073,6.425679069,9913.499997537961,55575.00002766901,23.333333333333332,11
huawei,Android,12.9,yes,no,13.0,24.0,64.0,4.0,3400.0,165.0,2018,371,4.694645192,6.087637991,9842.399995908574,39634.20001757225,12.366666666666667,11
huawei,Android,14.83,yes,no,13.0,16.0,32.0,4.0,3000.0,145.0,2018,457,4.626246512,5.387655202,9191.700003768525,19682.100001963656,15.233333333333333,11
huawei,Android,15.21,yes,no,13.0,8.0,32.0,4.0,3000.0,155.0,2018,624,4.282620578,5.007296393,6518.699998649102,13455.000002277377,20.8,11
huawei,Android,15.21,yes,no,13.0,8.0,32.0,4.0,3000.0,155.0,2018,617,4.515573652,5.129010747,8228.699998548987,15196.50000255944,20.566666666666666,11
huawei,Android,15.21,yes,no,13.0,8.0,16.0,4.0,3000.0,155.0,2018,653,4.508769412,5.01349786,8172.900002437676,13538.70000392985,21.766666666666666,11
huawei,Android,15.06,yes,no,13.0,8.0,64.0,4.0,4000.0,170.0,2018,706,4.773984259,5.390759802,10655.099995487084,19743.300001232055,23.533333333333335,11
huawei,Android,25.6,yes,no,13.0,8.0,64.0,4.0,7500.0,498.0,2018,537,4.976457842,5.968119152,13046.399996155631,35169.30001361085,17.9,11
huawei,Android,25.6,yes,no,13.0,8.0,32.0,4.0,7500.0,498.0,2018,522,4.888919535,5.705381196,11952.899995073503,27043.1999994619,17.4,11
huawei,Android,20.42,yes,no,13.0,8.0,32.0,4.0,5100.0,316.0,2018,667,4.617395156,5.798365117,9110.700003547154,29678.39999578126,22.233333333333334,11
huawei,Android,14.35,yes,no,8.0,8.0,64.0,4.0,3000.0,143.0,2017,862,4.480400299,5.136268915,7944.2999997446595,15307.200006220262,28.733333333333334,11
huawei,Android,15.24,yes,no,8.0,8.0,128.0,4.0,3340.0,169.0,2017,568,4.858416081,5.706844449,11593.799998623294,27082.800008340942,18.933333333333334,11
huawei,Android,15.24,yes,no,8.0,8.0,256.0,4.0,4000.0,178.0,2017,624,4.673296015,7.089768455,9634.499999656127,107966.70001098419,20.8,11
huawei,Android,15.24,yes,no,8.0,8.0,128.0,4.0,4000.0,178.0,2017,839,5.13996621,5.993761906,15363.899993967187,36082.79999434706,27.966666666666665,11
huawei,Android,12.93,yes,no,8.0,8.0,64.0,4.0,4000.0,186.0,2017,762,4.260847213,6.086729271,6378.3000011342865,39598.19998678359,25.4,11
huawei,Android,12.93,yes,no,8.0,8.0,64.0,4.0,3340.0,164.0,2017,816,4.494797129,5.302309388,8059.500003975586,18072.000003296806,27.2,11
huawei,Android,12.7,yes,no,13.0,5.0,16.0,4.0,3020.0,145.0,2017,699,4.41255584,5.019462883,7423.200002162341,13619.70000410042,23.3,11
huawei,Android,12.83,yes,no,12.0,8.0,32.0,4.0,4000.0,165.0,2017,821,4.643621372,5.195841575,9352.79999661107,16246.800000669364,27.366666666666667,11
huawei,Android,20.32,yes,no,8.0,8.0,16.0,4.0,4800.0,310.0,2017,773,4.853903508,5.598644157,11541.599996522547,24305.400011353137,25.766666666666666,11
huawei,Android,23.01,yes,no,5.0,2.0,32.0,4.0,4800.0,460.0,2017,859,4.815269024,5.196948872,11104.20000242635,16264.799997401735,28.633333333333333,11
huawei,Android,25.43,yes,no,8.0,8.0,16.0,4.0,6660.0,310.0,2017,599,4.668426636,5.515241618,9587.700003613549,22360.49999891933,19.966666666666665,11
huawei,Android,12.83,yes,no,8.0,20.0,64.0,4.0,3340.0,169.0,2017,778,5.052097084,5.862607925,14071.500001352964,31647.600000538703,25.933333333333334,11
huawei,Android,12.7,yes,no,8.0,20.0,64.0,4.0,2950.0,143.0,2017,788,4.469923037,5.699339285,7861.500003301315,26880.300001106756,26.266666666666666,11
huawei,Android,12.7,yes,no,13.0,5.0,16.0,4.0,2200.0,140.0,2016,1069,4.432600921,4.874433673,7573.5000027505785,11781.000000991326,35.63333333333333,11
huawei,Android,20.32,yes,no,5.0,2.0,32.0,4.0,4800.0,350.0,2017,690,4.531738908,5.071667676,8362.800000817815,14349.600001369818,23.0,11
huawei,Android,17.78,no,no,2.0,2.0,16.0,4.0,3340.0,250.0,2017,809,4.211238314,4.610257225,6069.600001859726,9045.89999966848,26.966666666666665,11
huawei,Android,12.83,yes,no,12.0,8.0,16.0,4.0,4000.0,165.0,2017,570,4.383275854,5.074423534,7208.999999464273,14389.20000225734,19.0,11
huawei,Android,12.7,yes,no,13.0,5.0,16.0,4.0,3000.0,150.0,2017,846,4.367293635,4.943782987,7094.699999490483,12626.999998631036,28.2,11
huawei,Android,12.7,yes,no,8.0,5.0,16.0,4.0,3000.0,150.0,2017,896,4.140750935,4.780802755,5656.499999794914,10728.000003955955,29.866666666666667,11
huawei,Android,12.7,yes,no,8.0,2.0,32.0,4.0,2200.0,175.0,2017,689,4.146778872,4.475516978,5690.699999598679,7905.600001887695,22.966666666666665,11
huawei,Android,12.83,yes,no,8.0,8.0,128.0,4.0,3750.0,165.0,2017,691,4.406597289,6.107802094,7379.100002891967,40441.49999577863,23.033333333333335,11
huawei,Android,12.73,yes,no,8.0,8.0,32.0,4.0,3200.0,145.0,2017,808,4.08832649,5.796878083,5367.600000555344,29634.30000314257,26.933333333333334,11
huawei,Android,12.75,yes,no,12.0,8.0,64.0,4.0,3000.0,146.0,2017,745,4.401338946,5.446651161,7340.400002156211,20878.19999887821,24.833333333333332,11
huawei,Android,12.75,yes,no,12.0,8.0,16.0,4.0,3000.0,147.0,2017,786,4.194793034,5.132380839,5970.6000028724175,15247.799999948078,26.2,11
huawei,Android,12.7,yes,no,13.0,5.0,16.0,4.0,3020.0,138.0,2016,1059,4.694553747,5.522780047,9841.499998791687,22529.699990354045,35.3,11
huawei,Android,12.83,yes,no,12.5,8.0,128.0,4.0,4000.0,169.0,2016,1029,4.638314785,5.988560334,9303.300003903729,35895.600001414554,34.3,11
huawei,Android,12.83,yes,no,12.5,8.0,256.0,4.0,4000.0,169.0,2016,848,5.790082488,6.826024481,29433.600012500905,82936.80003166106,28.266666666666666,11
huawei,Android,12.93,yes,no,12.5,8.0,64.0,4.0,4000.0,190.0,2016,1082,4.677025623,5.990063566,9670.499999143969,35949.59999308495,36.06666666666667,11
huawei,Android,12.7,yes,no,13.0,5.0,16.0,4.0,4100.0,145.0,2016,892,4.175156205,5.311776386,5854.50000024288,18243.899995763895,29.733333333333334,11
huawei,Android,20.42,yes,no,8.0,8.0,32.0,4.0,5100.0,326.0,2016,613,4.939783553,5.630853295,12576.599998436668,25101.000009200932,20.433333333333334,11
huawei,Android,12.83,yes,no,16.0,8.0,32.0,4.0,3340.0,160.0,2016,707,4.859889921,5.861669025,11610.900003053139,31617.90001373881,23.566666666666666,11
huawei,Android,12.7,yes,no,12.0,8.0,32.0,4.0,3020.0,146.0,2016,728,4.599554447,5.706212852,8949.599998188103,27065.69999383146,24.266666666666666,11
huawei,Android,25.4,yes,no,8.0,2.0,16.0,4.0,6660.0,495.0,2016,1049,4.870069696,5.483343596,11729.700005364828,21658.50000543372,34.96666666666667,11
huawei,Android,17.78,yes,no,13.0,5.0,32.0,4.0,4360.0,250.0,2016,1044,4.767629114,5.437078809,10587.600003326685,20679.300008486538,34.8,11
huawei,Android,17.78,yes,no,2.0,2.0,16.0,4.0,4100.0,278.0,2016,1038,4.097506226,5.011901159,5417.100002385261,13517.099997060172,34.6,11
huawei,Android,12.83,yes,no,16.0,8.0,64.0,4.0,3340.0,160.0,2016,686,4.98620598,5.639137281,13174.1999977198,25309.799995882862,22.866666666666667,11
huawei,Android,17.78,no,no,5.0,2.0,16.0,4.0,4100.0,278.0,2016,669,4.384024637,4.602165677,7214.399997571956,8973.000000289,22.3,11
huawei,Android,17.78,yes,no,13.0,5.0,16.0,4.0,4360.0,250.0,2016,702,4.666171208,5.299566586,9566.100004347883,18022.500000928725,23.4,11
huawei,Android,10.29,yes,no,5.0,2.0,32.0,4.0,2100.0,150.0,2016,926,3.694612986,4.393584584,3620.700000138684,7283.7000035864185,30.866666666666667,11
huawei,Android,12.7,yes,no,8.0,2.0,32.0,4.0,2200.0,135.0,2016,1009,4.111037785,4.701207374,5490.899999100803,9907.199998166836,33.63333333333333,11
huawei,Android,12.75,yes,no,13.0,8.0,16.0,4.0,4000.0,147.0,2016,593,4.179604406,5.345105528,5880.599998983103,18862.19999911734,19.766666666666666,11
huawei,Android,12.83,yes,no,12.0,8.0,64.0,4.0,3400.0,162.0,2016,750,4.285102653,6.067151629,6534.899997437304,38830.5000017739,25.0,11
huawei,Android,12.75,yes,no,12.0,8.0,32.0,4.0,3000.0,144.0,2016,551,4.427477898,5.829945118,7534.800003181202,30630.600001737053,18.366666666666667,11
huawei,Android,25.43,yes,no,13.0,5.0,16.0,4.0,6660.0,500.0,2016,1007,4.94883081,5.520940783,12690.900001914559,22488.300008649934,33.56666666666667,11
huawei,Android,12.7,yes,no,13.0,5.0,16.0,4.0,2200.0,135.0,2015,879,4.579236804,5.293254572,8769.600000336866,17909.099996318357,29.3,11
huawei,Android,15.24,yes,no,16.0,8.0,32.0,4.0,4000.0,185.0,2015,540,4.878322207,5.706744749,11826.900004073816,27080.099987778376,18.0,11
huawei,Android,12.83,yes,no,13.0,5.0,32.0,4.0,3000.0,167.0,2015,975,4.588125751,5.303056121,8847.89999664812,18085.500001895176,32.5,11
huawei,Android,12.7,yes,no,13.0,5.0,16.0,4.0,4000.0,160.0,2015,631,4.351438553,5.235537298,6983.100000657406,16904.69999280994,21.033333333333335,11
huawei,Android,12.88,yes,no,12.3,8.0,32.0,4.0,3450.0,178.0,2015,1037,4.527640983,5.701713669,8328.599996011824,26944.199986875763,34.56666666666667,11
huawei,Android,12.83,yes,no,13.0,8.0,32.0,4.0,2200.0,156.0,2015,794,4.580057485,5.860672257,8776.799998481474,31586.40000448658,26.466666666666665,11
huawei,Android,12.7,yes,no,8.0,2.0,32.0,4.0,2200.0,125.0,2015,1010,4.157006323,4.526343405,5749.19999800611,8317.799996322536,33.666666666666664,11
huawei,Android,12.83,yes,no,13.0,5.0,16.0,4.0,2200.0,167.0,2015,624,4.12049952,5.805586674,5543.10000166874,29893.499996674334,20.8,11
huawei,Android,20.32,yes,no,8.0,2.0,16.0,4.0,4800.0,330.0,2015,1005,4.83540851,5.525213867,11330.100002513376,22584.60000606275,33.5,11
huawei,Android,10.29,yes,no,5.0,2.0,32.0,4.0,2000.0,141.5,2015,918,3.936325298,4.712857991,4610.700000225413,10023.299995940473,30.6,11
huawei,Android,12.7,no,no,8.0,2.0,16.0,4.0,2000.0,160.0,2015,673,4.019261756,4.863449194,5009.399999510356,11652.299999177863,22.433333333333334,11
huawei,Android,12.7,yes,no,13.0,5.0,16.0,4.0,2200.0,131.0,2015,679,4.460491175,5.197225505,7787.7000029698565,16269.30000021535,22.633333333333333,11
huawei,Android,12.7,yes,no,13.0,5.0,16.0,4.0,2200.0,131.0,2015,609,4.307976353,5.128477587,6686.099998905385,15188.399996109674,20.3,11
huawei,Android,15.44,yes,no,13.0,5.0,64.0,4.0,4360.0,228.0,2015,805,5.097791105,5.990063566,14729.399998538316,35949.59999308495,26.833333333333332,11
huawei,Android,12.75,yes,no,13.0,8.0,16.0,4.0,2680.0,144.0,2015,870,4.725616339,5.439469646,10151.999999350694,20728.799993700093,29.0,11
huawei,Android,12.7,yes,no,5.0,2.0,32.0,4.0,2200.0,150.0,2015,761,4.039360254,5.148482361,5111.100000565589,15495.300003279104,25.366666666666667,11
huawei,Android,17.78,yes,no,13.0,5.0,16.0,4.0,5000.0,239.0,2015,700,4.58629313,5.915527981,8831.699998071133,33367.49999939801,23.333333333333332,11
huawei,Android,12.7,yes,no,5.0,2.0,16.0,4.0,2000.0,178.0,2015,962,4.097173889,4.943569137,5415.299998742238,12624.300003388613,32.06666666666667,11
huawei,Android,10.29,no,no,5.0,0.3,16.0,4.0,1950.0,160.0,2015,691,4.01186834,4.688407785,4972.499998021632,9781.200004321852,23.033333333333335,11
huawei,Android,10.29,no,no,5.0,0.3,16.0,4.0,1750.0,150.0,2014,964,3.509154523,4.38949865,3007.7999994969523,7254.000003535727,32.13333333333333,11
huawei,Android,7.75,no,no,2.0,2.0,16.0,4.0,1350.0,130.0,2014,699,3.735524462,4.864838512,3771.900000237704,11668.500000178843,23.3,11
huawei,Android,15.24,yes,no,8.0,2.0,32.0,4.0,3500.0,173.0,2014,814,4.398023008,5.299516647,7316.100001766978,18021.599997773992,27.133333333333333,11
huawei,Android,15.24,yes,no,13.0,5.0,64.0,4.0,4100.0,185.0,2014,708,5.090308703,6.212826512,14619.600002659347,44919.89998473798,23.6,11
huawei,Android,23.01,yes,no,5.0,2.0,32.0,4.0,4800.0,433.0,2015,801,4.497139442,5.193623295,8078.400001822598,16210.799992974713,26.7,11
huawei,Android,20.32,no,no,5.0,0.3,32.0,4.0,4800.0,360.0,2014,652,4.548705649,5.000315562,8505.899999940762,13361.400004150039,21.733333333333334,11
huawei,Android,17.78,no,no,2.0,2.0,32.0,4.0,4100.0,278.0,2015,1016,4.32823021,4.610157727,6822.899999534593,9044.999995485363,33.86666666666667,11
huawei,Android,12.7,yes,no,8.0,2.0,32.0,4.0,2000.0,160.0,2014,1003,3.977623463,5.200263426,4805.100002344433,16318.799998814467,33.43333333333333,11
huawei,Android,10.29,yes,no,5.0,2.0,16.0,4.0,2000.0,153.0,2014,644,3.730021397,4.874510064,3751.1999983302967,11781.899997737784,21.466666666666665,11
huawei,Android,12.83,yes,no,13.0,5.0,16.0,4.0,3000.0,165.0,2014,1030,4.802380355,5.568764263,10961.999996976721,23589.900000516318,34.333333333333336,11
huawei,Android,15.24,yes,no,13.0,5.0,16.0,4.0,4100.0,185.0,2014,878,4.364371699,5.829886351,7073.999996921675,30628.79998615801,29.266666666666666,11
huawei,Android,12.7,no,no,8.0,1.0,16.0,4.0,2000.0,160.0,2014,998,4.331259518,5.138793946,6843.600002599008,15345.899999538695,33.266666666666666,11
huawei,Android,10.16,no,no,3.15,2.0,16.0,4.0,1500.0,126.0,2014,736,3.540379446,4.255754544,3103.200000634629,6345.90000170737,24.533333333333335,11
huawei,Android,12.7,yes,no,13.0,8.0,16.0,4.0,2500.0,124.0,2014,622,4.301494224,5.517934708,6642.90000144841,22420.799998078808,20.733333333333334,11
huawei,Android,10.29,yes,no,8.0,5.0,32.0,4.0,2000.0,115.0,2014,909,4.412313327,5.204830523,7421.399997931253,16393.49999254796,30.3,11
huawei,Android,12.83,no,no,5.0,0.3,16.0,4.0,2300.0,180.0,2014,553,4.184794465,5.60208192,5911.199999147769,24389.100004149514,18.433333333333334,11
huawei,Android,12.7,no,no,5.0,0.3,16.0,4.0,2100.0,180.0,2014,561,3.874943997,4.602767301,4336.199999190321,8978.399996662003,18.7,11
huawei,Android,25.43,yes,no,3.15,0.3,32.0,4.0,6600.0,620.0,2014,620,4.898436637,5.855358414,12067.200003212613,31418.999996512805,20.666666666666668,11
huawei,Android,10.29,yes,no,8.0,5.0,32.0,4.0,2000.0,115.0,2014,1005,4.362716386,5.483052675,7062.299999015641,21652.20000939864,33.5,11
huawei,Android,10.29,no,no,8.0,5.0,16.0,4.0,2000.0,115.0,2014,845,3.897112393,5.524895015,4433.40000136375,22577.40000910934,28.166666666666668,11
huawei,Android,20.32,yes,no,5.0,1.0,32.0,4.0,4800.0,329.0,2014,591,4.564452353,5.704249032,8640.900002509901,27012.599987362326,19.7,11
huawei,Android,17.78,yes,no,13.0,5.0,16.0,4.0,5000.0,239.0,2014,682,5.058281948,5.858475864,14158.80000617878,31517.099989514834,22.733333333333334,11
huawei,Android,10.29,no,no,5.0,0.3,16.0,4.0,1750.0,145.0,2014,698,3.555633735,4.603268379,3150.9000001053205,8982.90000270839,23.266666666666666,11
huawei,Android,17.78,no,no,3.15,0.3,16.0,4.0,4100.0,350.0,2014,550,4.435211888,5.075173815,7593.299998651924,14399.999996632896,18.333333333333332,11
huawei,Android,10.34,no,no,8.0,5.0,16.0,4.0,2000.0,120.0,2014,800,4.161379964,5.708239195,5774.4000025507885,27120.599989880153,26.666666666666668,11
huawei,Android,15.27,yes,no,13.0,5.0,16.0,4.0,4050.0,202.0,2014,722,4.862676516,5.803326105,11643.300000817233,29826.000000224813,24.066666666666666,11
huawei,Android,10.16,no,no,2.0,0.3,16.0,4.0,1350.0,123.0,2013,638,3.153163282,4.590056548,2106.9000010475097,8864.999998421645,21.266666666666666,11
huawei,Android,7.75,no,no,0.3,0.3,256.0,0.25,1350.0,130.0,2013,575,3.028199464,4.096675178,1859.400000573639,5412.60000237947,19.166666666666668,11
huawei,Android,12.7,yes,no,8.0,1.0,32.0,4.0,2400.0,150.0,2013,654,4.25561271,5.516649361,6345.0000011533775,22392.00000302237,21.8,11
huawei,Android,10.29,no,no,3.15,0.3,16.0,4.0,1730.0,150.0,2013,724,3.471966453,4.688223741,2898.000001303049,9779.399998793444,24.133333333333333,11
huawei,Windows,10.24,no,no,5.0,0.3,32.0,4.0,1700.0,160.0,2013,790,3.585461495,5.014560912,3246.3000002744825,13553.099998661932,26.333333333333332,11
huawei,Android,12.7,no,no,8.0,1.3,32.0,4.0,2150.0,155.0,2013,807,3.915815804,5.242593218,4517.100001504908,17024.40000381899,26.9,11
huawei,Android,12.7,no,no,5.0,0.3,16.0,4.0,2150.0,170.0,2013,905,3.974058396,4.989411658,4787.999998335698,13216.500004696758,30.166666666666668,11
huawei,Android,7.75,no,no,3.15,0.3,16.0,4.0,1975.0,150.0,2013,634,3.316002536,3.924939231,2479.5000009944692,4558.500001391745,21.133333333333333,11
huawei,Android,10.29,no,no,5.0,0.3,16.0,4.0,1700.0,155.0,2013,922,4.145829505,5.083141985,5685.300000508214,14515.200001698226,30.733333333333334,11
huawei,Android,17.78,no,no,3.15,0.3,32.0,4.0,4100.0,335.0,2013,1015,4.362461479,5.204226443,7060.499998735879,16383.599997567992,33.833333333333336,11
huawei,Android,10.34,no,no,8.0,5.0,32.0,4.0,2000.0,120.0,2013,625,4.034240638,5.436338664,5084.99999922507,20663.99999079602,20.833333333333332,11
huawei,Android,10.16,no,no,5.0,0.3,16.0,4.0,1730.0,130.0,2013,783,3.706473763,4.515792375,3663.9000017774038,8230.500001342603,26.1,11
huawei,Android,10.16,yes,no,5.0,1.3,16.0,4.0,1650.0,140.0,2013,600,3.942746178,4.765416535,4640.399999670594,10564.199998624663,20.0,11
huawei,Android,7.75,no,no,2.0,0.3,512.0,0.25,1700.0,120.0,2013,783,3.237108593,4.233526626,2291.3999997038122,6206.39999779401,26.1,11
huawei,Android,10.34,yes,no,13.0,1.3,16.0,4.0,2420.0,122.0,2013,1016,3.958333908,5.34958066,4713.299998626563,18946.799990799846,33.86666666666667,11
huawei,Android,10.29,no,no,8.0,1.3,32.0,4.0,2150.0,145.0,2013,894,3.708927149,5.523339153,3672.899998465777,22542.30000283991,29.8,11
huawei,Android,10.29,yes,no,5.0,0.3,16.0,4.0,1950.0,150.0,2013,887,4.363480717,5.56574571,7067.69999726633,23518.800000645595,29.566666666666666,11
huawei,Android,10.16,no,no,5.0,0.3,16.0,4.0,1730.0,140.0,2013,742,4.028560822,5.141429611,5056.200001637717,15386.399999832414,24.733333333333334,11
huawei,Windows,10.16,no,no,5.0,0.3,16.0,4.0,1950.0,130.0,2013,749,3.829293358,5.07467369,4142.70000070778,14392.7999972345,24.966666666666665,11
huawei,Android,15.27,no,no,8.0,1.0,32.0,4.0,4050.0,198.0,2013,949,4.591476859,5.444709455,8877.600001277588,20837.700004936305,31.633333333333333,11
huawei,Android,12.7,no,no,13.0,1.3,32.0,4.0,3000.0,170.0,2013,938,4.752123599,5.73879563,10424.700000581128,27962.099986208897,31.266666666666666,11
huawei,Android,10.29,no,no,5.0,0.3,16.0,4.0,1700.0,150.0,2013,927,3.78487122,4.622223941,3962.700000920683,9154.800004083781,30.9,11
huawei,Android,25.43,yes,no,3.15,0.3,32.0,4.0,6600.0,620.0,2013,632,5.055034881,5.518255787,14112.899994454476,22428.000001944554,21.066666666666666,11
others,Others,12.7,yes,no,8.0,2.0,16.0,4.0,2500.0,150.0,2016,839,3.930255774,5.133265821,4582.800001424307,15261.300001235617,27.966666666666665,24
others,Others,19.94,no,no,5.0,2.0,32.0,4.0,4450.0,384.0,2014,767,4.368054477,5.140551828,7100.099999240303,15372.900005380994,25.566666666666666,24
others,Others,10.29,yes,no,8.0,2.0,16.0,4.0,2100.0,141.0,2013,804,3.924741778,5.191733881,4557.600000747808,16180.199997649777,26.8,24
karbonn,Android,10.29,no,no,5.0,2.0,16.0,4.0,1700.0,138.0,2014,600,3.463546007,4.365261888,2873.7000007854094,7080.299997584548,20.0,13
karbonn,Android,12.7,no,no,13.0,5.0,32.0,4.0,2000.0,134.0,2014,894,4.249637447,4.703294584,6307.200002345418,9927.900000185748,29.8,13
karbonn,Android,10.16,no,no,5.0,0.3,16.0,4.0,2000.0,130.0,2014,1019,3.654546775,3.93417581,3478.49999988371,4600.7999996812605,33.96666666666667,13
karbonn,Android,10.16,no,no,5.0,0.3,16.0,4.0,2000.0,129.0,2014,976,3.309082093,4.394572604,2462.4000006048886,7290.90000114905,32.53333333333333,13
karbonn,Android,12.83,no,no,13.0,5.0,16.0,4.0,2000.0,134.0,2014,1030,4.077367938,5.283102201,5309.099999920449,17728.200004581744,34.333333333333336,13
karbonn,Android,12.7,no,no,16.0,8.0,16.0,4.0,2000.0,134.0,2014,920,4.482437421,5.386236665,7960.500003138076,19654.20000813841,30.666666666666668,13
karbonn,Android,12.7,no,no,13.0,5.0,16.0,4.0,2000.0,134.0,2014,1003,4.532599493,5.147552615,8369.99999871725,15480.900005289837,33.43333333333333,13
karbonn,Android,12.7,no,no,13.0,5.0,16.0,4.0,2300.0,143.0,2014,1089,4.245490733,5.297366915,6281.099999817467,17982.899999783458,36.3,13
karbonn,Android,7.85,no,no,5.0,0.3,16.0,4.0,1350.0,134.0,2014,724,3.473828073,4.091841432,2903.400000879548,5386.49999997855,24.133333333333333,13
karbonn,Android,10.16,no,no,5.0,0.3,16.0,4.0,1625.0,114.5,2013,708,3.231989464,4.113656873,2279.6999999690333,5505.299998599047,23.6,13
karbonn,Android,12.7,no,no,8.0,0.3,16.0,4.0,1800.0,104.5,2013,840,3.583796678,4.789157022,3240.9000010993664,10817.999998906227,28.0,13
karbonn,Android,12.7,no,no,13.0,2.0,16.0,4.0,1625.0,114.5,2013,688,4.490320344,5.189450712,8023.499997519537,16143.300007088159,22.933333333333334,13
karbonn,Android,12.83,no,no,13.0,5.0,16.0,4.0,1625.0,176.5,2013,689,4.595018835,5.134562379,8909.10000060835,15281.099994989016,22.966666666666665,13
karbonn,Android,7.85,no,no,5.0,0.3,512.0,0.25,1625.0,114.5,2013,992,3.183870216,4.275276265,2172.600000718293,6471.000001766573,33.06666666666667,13
karbonn,Android,7.67,no,no,3.15,0.3,512.0,0.25,1625.0,114.5,2013,760,3.032546247,3.884034969,1867.500000603749,4375.800000490189,25.333333333333332,13
karbonn,Android,17.78,no,no,2.0,0.3,16.0,4.0,1625.0,335.0,2013,913,4.246636373,4.618086411,6288.300002739441,9116.99999767847,30.433333333333334,13
karbonn,Android,17.78,no,no,2.0,0.3,16.0,4.0,1625.0,335.0,2013,686,4.292512127,4.49635928,6583.499996931213,8072.099998951339,22.866666666666667,13
karbonn,Android,12.7,no,no,5.0,0.3,16.0,4.0,1625.0,150.0,2013,608,3.70450671,4.378645927,3656.700000001333,7175.700003484491,20.266666666666666,13
karbonn,Android,10.29,no,no,5.0,0.3,16.0,4.0,1400.0,114.5,2013,665,3.527242489,4.274719782,3062.7000014921027,6467.400002034821,22.166666666666668,13
karbonn,Android,10.16,no,no,3.15,0.3,16.0,4.0,1625.0,87.5,2013,874,3.18138162,3.89914038,2167.199999045087,4442.4000017897,29.133333333333333,13
karbonn,Android,10.16,no,no,3.15,0.3,16.0,4.0,1625.0,110.0,2013,599,3.375879574,3.928683446,2632.5000008480188,4575.599998530073,19.966666666666665,13
karbonn,Android,10.24,no,no,8.0,2.0,16.0,4.0,1625.0,126.5,2013,840,3.697591395,5.07292128,3631.500001031499,14367.599997406172,28.0,13
karbonn,Android,12.7,no,no,5.0,0.3,16.0,4.0,1625.0,114.5,2013,835,3.345332249,5.001056228,2553.300000457654,13371.300004689834,27.833333333333332,13
karbonn,Android,10.16,no,no,5.0,0.3,0.01,0.25,1450.0,114.5,2013,778,3.097385927,4.379899374,1992.5999994410938,7184.700002459268,25.933333333333334,13
karbonn,Android,10.16,no,no,3.15,0.3,256.0,0.25,1625.0,75.0,2013,863,4.124226937,4.265071381,5563.800001647052,6405.299998006802,28.766666666666666,13
karbonn,Android,10.16,no,no,3.15,0.3,256.0,0.25,1625.0,90.0,2013,849,4.000583182,4.245777266,4916.699997995822,6282.900000111144,28.3,13
karbonn,Android,10.16,no,no,3.15,0.3,16.0,4.0,1625.0,110.0,2013,830,3.486151088,4.256321678,2939.4000013453074,6349.499998102623,27.666666666666668,13
karbonn,Android,12.7,no,no,8.0,2.0,16.0,4.0,2000.0,200.0,2013,573,4.443944537,5.076360611,7659.899996255308,14417.100004132057,19.1,13
karbonn,Android,10.29,no,no,5.0,0.3,16.0,4.0,1625.0,114.5,2013,1034,3.344274234,5.010968572,2550.599999330379,13504.500001534438,34.46666666666667,13
others,Android,10.29,yes,no,8.0,2.0,16.0,4.0,3100.0,200.0,2014,760,4.595422835,5.767007634,8912.700004160348,28762.20000830529,25.333333333333332,24
others,Android,10.29,yes,no,8.0,2.0,16.0,4.0,3100.0,187.1,2014,1077,4.344065128,5.704215714,6931.79999731904,27011.69999654898,35.9,24
others,Android,10.16,yes,no,5.0,1.3,16.0,4.0,2500.0,168.5,2013,607,4.528613063,5.590875034,8336.69999778297,24117.30000128867,20.233333333333334,24
lava,Android,12.83,yes,no,13.0,8.0,32.0,4.0,3020.0,163.0,2017,541,4.3447141,5.519659296,6936.3000014573045,22459.50000189518,18.033333333333335,14
lava,Android,12.7,yes,no,8.0,5.0,16.0,4.0,2620.0,148.0,2017,779,4.307303088,5.063860055,6681.599996806563,14237.999995250866,25.966666666666665,14
lava,Android,12.83,yes,no,13.0,8.0,16.0,4.0,3000.0,153.2,2016,885,4.540204907,5.012433676,8433.899998855244,13524.299999491006,29.5,14
lava,Android,12.7,no,no,8.0,5.0,32.0,4.0,2500.0,142.0,2016,953,4.264790325,4.608664075,6403.500002972111,9031.499997811243,31.766666666666666,14
lava,Android,12.7,yes,no,13.0,5.0,16.0,4.0,2900.0,133.0,2015,1013,4.377265318,5.005287688,7165.800003065736,13428.000003093,33.766666666666666,14
lava,Android,12.7,yes,no,13.0,8.0,16.0,4.0,2500.0,128.0,2015,792,4.3031187,4.794136286,6653.700002867686,10872.000005428226,26.4,14
lava,Android,12.83,no,no,8.0,5.0,32.0,4.0,2560.0,135.0,2015,806,4.26969745,5.077670695,6435.000001930744,14435.999993757672,26.866666666666667,14
lava,Android,12.7,no,no,8.0,2.0,32.0,4.0,2200.0,152.0,2015,985,4.205885937,4.70311326,6037.200000271622,9926.099996842951,32.833333333333336,14
lava,Android,12.7,no,no,8.0,3.0,32.0,4.0,2500.0,160.0,2015,684,4.166199999,4.864761378,5802.29999812859,11667.599996810699,22.8,14
lava,Android,12.7,no,no,10.0,2.0,32.0,4.0,4000.0,174.0,2014,668,3.926517452,4.871143315,4565.700001923993,11742.299996739675,22.266666666666666,14
lava,Windows,10.16,no,no,5.0,0.3,32.0,4.0,1950.0,136.0,2014,698,3.84865713,4.263383855,4223.700000818018,6394.500002921584,23.266666666666666,14
lava,Android,12.7,no,no,8.0,2.0,32.0,4.0,3000.0,160.0,2014,799,4.116758157,4.59854831,5522.399999674171,8940.600002868105,26.633333333333333,14
lava,Android,12.7,no,no,8.0,5.0,32.0,4.0,2100.0,134.0,2014,834,4.171614198,4.692997896,5833.800001671962,9826.199996525338,27.8,14
lava,Android,10.34,no,no,13.0,3.0,16.0,4.0,2000.0,116.0,2014,662,3.966321779,5.018537324,4751.100000781437,13607.100000107368,22.066666666666666,14
lava,Android,10.29,no,no,8.0,2.0,32.0,4.0,2100.0,138.0,2014,607,4.008060194,4.58169683,4953.60000185716,8791.20000173671,20.233333333333334,14
lava,Android,10.29,no,no,5.0,0.3,16.0,4.0,1800.0,136.0,2014,698,3.613077741,4.578620851,3337.200001008988,8764.200002151132,23.266666666666666,14
lava,Android,10.16,no,no,5.0,0.3,16.0,4.0,1700.0,136.0,2014,817,3.690627925,4.359141762,3606.3000012692255,7037.099999039981,27.233333333333334,14
lava,Android,12.83,no,no,8.0,2.0,16.0,4.0,2000.0,177.0,2014,566,3.863672744,5.011834575,4287.599997911513,13516.200004436856,18.866666666666667,14
lava,Android,10.34,no,no,8.0,0.3,16.0,4.0,2000.0,112.0,2014,1062,4.004237489,5.011634794,4934.6999979473785,13513.49999419812,35.4,14
lava,Android,10.34,no,no,8.0,3.0,16.0,4.0,2000.0,114.0,2014,1088,4.38688979,5.195730778,7235.099997541009,16245.000003688656,36.266666666666666,14
lava,Android,10.16,no,no,3.15,0.3,512.0,0.25,1500.0,133.0,2013,677,2.889816048,3.913621727,1619.1000000608108,4507.200000938205,22.566666666666666,14
lava,Android,7.75,no,no,2.0,0.3,512.0,0.25,1400.0,115.4,2013,912,2.842581094,3.726656818,1544.3999999076195,3738.599998325233,30.4,14
lava,Android,7.75,no,no,2.0,0.3,512.0,0.25,1400.0,115.4,2013,924,2.735665368,3.727619282,1387.7999998123921,3742.1999983913524,30.8,14
lava,Android,10.16,no,no,2.0,0.3,1024.0,4.0,1400.0,113.0,2013,595,2.978077338,3.934957977,1768.4999994424443,4604.400001332319,19.833333333333332,14
lava,Android,12.7,no,no,3.15,1.3,16.0,4.0,2000.0,175.0,2013,1031,3.922369297,4.486836999,4546.799997807122,7995.5999997903045,34.36666666666667,14
lava,Android,12.7,no,no,5.0,0.3,16.0,4.0,2000.0,143.5,2013,806,3.839667343,4.703747749,4185.899999012104,9932.399996532742,26.866666666666667,14
lava,Android,12.7,no,no,5.0,0.3,16.0,4.0,2000.0,127.0,2013,799,3.853546076,4.59643212,4244.400001404175,8921.699999600256,26.633333333333333,14
lava,Android,12.7,no,no,8.0,2.0,16.0,4.0,2000.0,140.0,2013,1091,4.333623895,5.132852927,6859.799996942488,15255.000002738198,36.36666666666667,14
lava,Android,10.16,no,no,3.15,0.3,16.0,4.0,1500.0,124.0,2013,1001,3.381334753,4.233816608,2646.9000011490098,6208.2000030501185,33.36666666666667,14
lava,Android,10.16,no,no,3.15,0.3,512.0,0.25,1500.0,124.0,2013,577,3.124125488,4.094511215,2046.599999340196,5400.899999992322,19.233333333333334,14
lava,Android,10.16,no,no,5.0,0.3,16.0,4.0,1400.0,127.0,2013,821,3.635478677,4.256179925,3412.7999986798573,6348.600001219525,27.366666666666667,14
lava,Android,12.7,no,no,3.15,1.3,16.0,4.0,2000.0,175.0,2013,931,3.938275377,4.500698164,4619.700001976254,8107.199996827003,31.033333333333335,14
others,Android,12.83,yes,no,13.0,8.0,32.0,4.0,4000.0,168.0,2017,668,4.786908239,5.630530546,10793.699997370331,25092.899993755233,22.266666666666666,24
others,Android,12.83,yes,no,16.0,8.0,64.0,4.0,4070.0,175.0,2017,595,4.896570338,5.629310334,12044.700002309173,25062.30000909903,19.833333333333332,24
others,Android,12.83,yes,no,16.0,8.0,32.0,4.0,3000.0,153.0,2016,720,4.52113619,5.294510128,8274.599996871524,17931.599996322537,24.0,24
others,Android,12.83,yes,no,16.0,8.0,64.0,4.0,4070.0,175.0,2016,765,4.980725764,5.79672622,13102.200004060212,29629.7999911425,25.5,24
others,Android,12.88,yes,no,21.0,8.0,64.0,4.0,3100.0,185.0,2016,778,4.595220855,5.860159246,8910.899998802168,31570.199989582103,25.933333333333334,24
others,Android,12.83,yes,no,21.0,8.0,32.0,4.0,3000.0,153.0,2016,792,4.742232836,5.559450104,10322.099996114444,23371.200005462288,26.4,24
others,Android,12.83,yes,no,16.0,8.0,32.0,4.0,3000.0,153.0,2016,540,4.255896358,5.246023572,6346.800002985095,17082.90000295701,18.0,24
others,Android,16.08,yes,no,21.0,4.0,64.0,4.0,3400.0,204.0,2016,682,4.746409298,5.857475907,10365.300003308435,31485.599996704572,22.733333333333334,24
others,Android,12.83,yes,no,13.0,5.0,32.0,4.0,3000.0,169.0,2016,794,4.389622711,5.352331955,7254.89999785611,18999.000002768636,26.466666666666665,24
lenovo,Android,15.8,yes,no,8.0,8.0,64.0,4.0,3300.0,161.0,2019,496,4.429983118,5.255618612,7553.699999284391,17247.599999742644,16.533333333333335,15
lenovo,Android,17.65,yes,no,13.0,5.0,64.0,4.0,5180.0,195.0,2019,502,4.774237627,5.52317944,10657.799998895529,22538.69999197147,16.733333333333334,15
lenovo,Android,15.29,yes,no,13.0,8.0,64.0,4.0,3500.0,170.0,2018,464,4.543720224,5.297066585,8463.600002777173,17977.500006357124,15.466666666666667,15
lenovo,Android,15.32,yes,no,13.0,16.0,128.0,4.0,3300.0,172.0,2018,716,4.825269107,5.39997102,11215.79999869811,19925.999994529582,23.866666666666667,15
lenovo,Android,16.23,yes,no,13.0,8.0,512.0,4.0,3350.0,210.0,2018,660,5.174226981,5.992563943,15899.399994960115,36039.6000161716,22.0,15
lenovo,Android,16.23,yes,no,13.0,8.0,64.0,4.0,3350.0,210.0,2018,436,4.685551298,5.702381494,9753.300000634903,26962.200006994724,14.533333333333333,15
lenovo,Android,15.29,yes,no,13.0,8.0,64.0,4.0,3500.0,170.0,2018,628,4.455044727,5.303354658,7745.399996820872,18090.89999881858,20.933333333333334,15
lenovo,Android,15.21,yes,no,13.0,8.0,64.0,4.0,4050.0,165.0,2018,509,4.341074423,5.012034315,6911.0999976332805,13518.899999865313,16.966666666666665,15
lenovo,Android,15.29,yes,no,13.0,8.0,64.0,4.0,3300.0,165.0,2018,554,4.643910014,5.291141683,9355.499997155726,17871.300003593187,18.466666666666665,15
lenovo,Android,15.24,yes,no,13.0,8.0,64.0,4.0,3760.0,176.0,2018,434,4.610356713,5.014826499,9046.800002936667,13556.700003867401,14.466666666666667,15
lenovo,Android,13.84,yes,no,13.0,8.0,16.0,4.0,4000.0,160.0,2018,543,4.417755682,4.789988623,7461.899999043927,10827.000000209686,18.1,15
lenovo,Android,12.88,yes,no,13.0,8.0,32.0,4.0,3000.0,160.0,2018,423,4.389126372,4.853123416,7251.300001529265,11532.599997568055,14.1,15
lenovo,Android,12.88,yes,no,13.0,8.0,32.0,4.0,3000.0,155.0,2018,480,4.32227663,4.680741373,6782.399998181588,9706.500001599969,16.0,15
lenovo,Android,12.88,yes,no,13.0,16.0,128.0,4.0,3000.0,155.0,2018,725,4.848978738,5.011568192,11484.90000291848,13512.599998042619,24.166666666666668,15
lenovo,Android,12.88,yes,no,6.5,8.0,32.0,4.0,3000.0,153.8,2017,617,4.286066244,5.015158383,6541.200003087638,13561.200002388938,20.566666666666666,15
lenovo,Android,17.78,no,no,2.0,2.0,16.0,4.0,3500.0,254.0,2017,769,4.044278585,4.389622711,5136.3000023184395,7254.89999785611,25.633333333333333,15
lenovo,Android,17.78,no,no,5.0,2.0,16.0,4.0,3500.0,260.0,2017,551,3.993234261,4.591476859,4880.700000717613,8877.600001277588,18.366666666666667,15
lenovo,Android,12.75,yes,no,6.5,8.0,32.0,4.0,4000.0,165.0,2017,619,4.270396506,5.296565834,6439.499999984159,17968.50000881839,20.633333333333333,15
lenovo,Android,12.75,yes,no,13.0,8.0,32.0,4.0,4000.0,165.0,2017,763,4.413646418,5.139731867,7431.299996809466,15360.299993384846,25.433333333333334,15
lenovo,Android,12.83,yes,no,6.5,13.0,64.0,4.0,4000.0,180.0,2017,650,4.482889551,5.184364486,7964.099997775958,16061.399992418928,21.666666666666668,15
lenovo,Android,25.43,yes,no,8.0,5.0,64.0,4.0,7000.0,475.0,2017,802,4.990296523,5.598755237,13228.199998667582,24308.100005141274,26.733333333333334,15
lenovo,Android,25.43,yes,no,5.0,2.0,16.0,4.0,7000.0,500.0,2017,646,4.755312844,5.194122838,10457.999995630531,16218.900007619972,21.533333333333335,15
lenovo,Android,20.32,yes,no,8.0,5.0,64.0,4.0,4850.0,300.0,2017,737,4.71545854,5.302906819,10049.400001183676,18082.8000021366,24.566666666666666,15
lenovo,Android,20.32,yes,no,5.0,2.0,16.0,4.0,4850.0,310.0,2017,790,4.561218298,5.121281814,8612.99999604742,15079.499997235627,26.333333333333332,15
lenovo,Android,20.32,yes,no,8.0,5.0,16.0,4.0,4250.0,329.0,2017,753,4.712857991,5.136621628,10023.299995940473,15312.600006925308,25.1,15
lenovo,Android,12.83,yes,no,13.0,8.0,64.0,4.0,3100.0,160.0,2016,738,5.023748933,6.113726427,13678.199996694819,40681.800014607295,24.6,15
lenovo,Android,12.7,yes,no,8.0,2.0,16.0,4.0,2300.0,142.0,2016,868,4.26941769,4.862753811,6433.199998126477,11644.200004473245,28.933333333333334,15
lenovo,Android,12.7,yes,no,8.0,2.0,16.0,4.0,2300.0,142.0,2016,878,3.715521385,4.697567035,3697.199999776847,9871.19999749213,29.266666666666666,15
lenovo,Android,10.29,yes,no,5.0,2.0,32.0,4.0,2000.0,144.0,2016,803,3.674019591,4.39383168,3546.8999992661024,7285.49999909919,26.766666666666666,15
lenovo,Android,10.29,no,no,5.0,2.0,32.0,4.0,2000.0,146.0,2016,752,3.544142658,4.23757873,3114.900001098772,6231.599998080615,25.066666666666666,15
lenovo,Android,12.83,yes,no,13.0,5.0,64.0,4.0,5100.0,177.0,2016,628,4.670770643,5.485460614,9610.199999307679,21704.40000822152,20.933333333333334,15
lenovo,Android,12.83,yes,no,16.0,8.0,32.0,4.0,4000.0,169.0,2016,789,4.856706812,5.523618588,11574.000002274066,22548.599990618743,26.3,15
lenovo,Android,12.7,yes,no,13.0,8.0,32.0,4.0,4000.0,145.0,2016,841,4.305550476,5.126520233,6669.900000244999,15158.699996812207,28.033333333333335,15
lenovo,Android,12.7,yes,no,13.0,8.0,16.0,4.0,3000.0,140.0,2016,963,4.671519567,5.298817242,9617.400004523779,18009.000007389317,32.1,15
lenovo,Android,25.43,yes,no,13.0,5.0,32.0,4.0,9300.0,637.0,2016,833,4.91353685,5.698903927,12250.800004499655,26868.599994489417,27.766666666666666,15
lenovo,Android,10.16,no,no,5.0,0.3,16.0,4.0,1700.0,132.0,2016,930,3.658420247,3.93084476,3492.0000012947366,4585.50000151902,31.0,15
lenovo,Android,12.7,yes,no,8.0,5.0,16.0,4.0,3500.0,155.6,2016,583,4.138520925,5.12586693,5643.900002511933,15148.800006826881,19.433333333333334,15
lenovo,Android,12.7,yes,no,8.0,5.0,32.0,4.0,2750.0,139.0,2016,588,3.97724879,5.289226167,4803.299998338762,17837.10000827184,19.6,15
lenovo,Android,15.34,yes,no,13.0,8.0,32.0,4.0,4050.0,218.0,2016,723,4.659753064,5.516890489,9504.900002296547,22397.39999221723,24.1,15
lenovo,Android,15.34,yes,no,13.0,5.0,32.0,4.0,4050.0,225.0,2016,585,4.44839941,5.434594985,7694.099999706532,20628.00000328843,19.5,15
lenovo,Android,15.34,yes,no,16.0,8.0,64.0,4.0,4050.0,259.0,2016,1060,4.753676394,5.861669025,10440.89999700017,31617.90001373881,35.333333333333336,15
lenovo,Android,12.7,yes,no,13.0,8.0,64.0,4.0,3500.0,149.0,2016,830,4.458177162,5.393536633,7769.699998077534,19798.199997446616,27.666666666666668,15
lenovo,Android,12.7,yes,no,5.0,2.0,32.0,4.0,2300.0,166.0,2016,569,4.073120926,4.503026712,5286.60000121341,8126.09999740462,18.966666666666665,15
lenovo,Android,12.75,yes,no,13.0,8.0,128.0,4.0,3100.0,145.0,2016,796,4.84103251,5.860985634,11394.000003303394,31596.300006896305,26.533333333333335,15
lenovo,Android,25.43,no,no,8.0,5.0,64.0,4.0,7000.0,509.0,2016,747,4.886054204,5.632286473,11918.700000728551,25137.00000122841,24.9,15
lenovo,Android,20.32,yes,no,5.0,2.0,16.0,4.0,4290.0,329.0,2016,800,4.431768727,4.782646691,7567.200003263763,10747.799998722665,26.666666666666668,15
lenovo,Android,17.78,yes,no,2.0,0.3,32.0,4.0,3450.0,260.0,2016,867,4.142975984,4.371344786,5669.100002075808,7123.499997670464,28.9,15
lenovo,Android,12.7,yes,no,13.0,5.0,16.0,4.0,2750.0,142.0,2016,925,4.171614198,4.947198388,5833.800001671962,12670.199997719552,30.833333333333332,15
lenovo,Android,12.7,yes,no,13.0,5.0,16.0,4.0,2750.0,142.0,2016,932,4.216562195,4.80098365,6102.000000327372,10946.700004046503,31.066666666666666,15
lenovo,Android,12.83,yes,no,13.0,5.0,16.0,4.0,2900.0,150.0,2016,950,4.124712099,5.194400253,5566.500000899006,16223.399997919132,31.666666666666668,15
lenovo,Android,12.83,yes,no,13.0,5.0,32.0,4.0,4900.0,189.0,2016,836,4.327438444,5.558294168,6817.499997344731,23344.200002157108,27.866666666666667,15
lenovo,Android,12.83,yes,no,13.0,8.0,32.0,4.0,3500.0,165.0,2016,885,4.590969837,5.244283478,8873.100003665037,17053.199999052675,29.5,15
lenovo,Android,12.7,yes,no,13.0,5.0,16.0,4.0,2750.0,142.0,2016,803,4.09700768,4.690338198,5414.400001940606,9800.099996491863,26.766666666666666,15
lenovo,Android,12.7,yes,no,13.0,8.0,16.0,4.0,2700.0,129.0,2016,784,4.463145686,5.350577693,7808.400000322691,18965.699996033865,26.133333333333333,15
lenovo,Android,12.83,yes,no,13.0,5.0,16.0,4.0,3300.0,158.0,2016,578,4.509649984,5.241429504,8180.099998931034,17004.59999420163,19.266666666666666,15
lenovo,Android,12.83,yes,no,13.0,5.0,16.0,4.0,3300.0,153.0,2015,749,4.179145164,5.76753944,5877.900000502176,28777.49998679251,24.966666666666665,15
lenovo,Android,12.83,yes,no,21.0,8.0,32.0,4.0,3500.0,175.0,2015,1047,4.823984379,5.69987485,11201.399998419794,26894.700004701615,34.9,15
lenovo,Android,12.7,yes,no,8.0,2.0,32.0,4.0,2300.0,140.0,2015,697,3.908617212,4.683056725,4484.699998684578,9729.000003452215,23.233333333333334,15
lenovo,Android,25.43,yes,no,13.0,5.0,64.0,4.0,3150.0,666.8,2015,1038,5.439990525,5.933464603,20739.6000028168,33971.400006454794,34.6,15
lenovo,Android,20.32,no,no,8.0,5.0,16.0,4.0,6200.0,467.2,2015,770,4.716801002,5.069595787,10062.899998397219,14319.900001148955,25.666666666666668,15
lenovo,Android,10.16,no,no,5.0,0.3,32.0,4.0,2000.0,132.0,2015,1055,3.729781445,4.098004523,3750.299998371012,5419.799999709566,35.166666666666664,15
lenovo,Android,17.73,yes,no,13.0,5.0,16.0,4.0,4250.0,250.0,2015,718,4.588634217,5.191177491,8852.399996919437,16171.200000159566,23.933333333333334,15
lenovo,Android,15.44,yes,no,13.0,5.0,32.0,4.0,3500.0,229.0,2015,940,4.303524407,5.52058053,6656.400003202235,22480.199990222485,31.333333333333332,15
lenovo,Android,12.83,yes,no,13.0,5.0,32.0,4.0,5000.0,189.0,2015,903,4.820039601,5.937351491,11157.30000167298,34103.699984517145,30.1,15
lenovo,Android,12.7,yes,no,13.0,5.0,16.0,4.0,2300.0,128.0,2015,582,4.513602992,5.069344357,8212.499996200891,14316.300001284619,19.4,15
lenovo,Android,12.7,yes,no,8.0,2.0,32.0,4.0,2300.0,128.0,2015,548,4.156379953,5.003476397,5745.599999186692,13403.700001370176,18.266666666666666,15
lenovo,Android,12.7,yes,no,8.0,5.0,16.0,4.0,4000.0,148.0,2015,1077,4.243051882,4.702387637,6265.799997598362,9918.900002941446,35.9,15
lenovo,Android,12.7,yes,no,13.0,5.0,32.0,4.0,2420.0,132.0,2015,958,4.759177998,5.605985873,10498.499995092594,24484.500001666547,31.933333333333334,15
lenovo,Android,12.83,yes,no,13.0,8.0,64.0,4.0,4100.0,175.0,2015,914,4.511189123,5.7678834,8192.700003955459,28787.399998194313,30.466666666666665,15
lenovo,Android,10.29,yes,no,5.0,2.0,32.0,4.0,2000.0,137.0,2015,1045,3.643097261,4.228729757,3438.8999984222028,6176.70000049078,34.833333333333336,15
lenovo,Android,12.83,yes,no,5.0,0.3,16.0,4.0,2250.0,174.0,2015,765,3.780546643,3.937105786,3945.6000014213632,4614.300000943121,25.5,15
lenovo,Android,12.7,yes,no,5.0,2.0,16.0,4.0,2300.0,157.0,2015,904,3.784416881,4.234106505,3960.9000007010786,6210.000002501018,30.133333333333333,15
lenovo,Android,12.83,yes,no,13.0,5.0,64.0,4.0,4000.0,158.0,2015,801,4.821651594,5.636787606,11175.299995208587,25250.40000424403,26.7,15
lenovo,Android,12.7,yes,no,13.0,5.0,32.0,4.0,2150.0,128.0,2015,987,4.778030459,5.633216939,10698.300000079884,25160.400009839534,32.9,15
lenovo,Android,12.7,yes,no,8.0,2.0,16.0,4.0,2300.0,128.0,2015,641,3.883211924,4.701207374,4372.200001862441,9907.199998166836,21.366666666666667,15
lenovo,Android,10.16,no,no,2.0,5.0,16.0,4.0,1500.0,117.0,2015,634,3.461037382,4.149936936,2866.4999999479096,5708.700002021987,21.133333333333333,15
lenovo,Android,12.83,yes,no,13.0,5.0,16.0,4.0,3000.0,150.0,2015,564,4.44828243,5.005622752,7693.199996530774,13432.4999963368,18.8,15
lenovo,Android,12.7,yes,no,16.0,8.0,32.0,4.0,3000.0,145.0,2015,714,4.49635928,5.701813872,8072.099998951339,26946.90001182008,23.8,15
lenovo,Android,12.83,yes,no,13.0,5.0,16.0,4.0,2900.0,140.0,2015,1072,4.546163005,5.249022075,8484.29999653791,17134.200003030026,35.733333333333334,15
lenovo,Android,12.83,yes,no,8.0,5.0,32.0,4.0,2900.0,140.0,2015,562,4.166665224,5.010501952,5805.000001150976,13498.200001710991,18.733333333333334,15
lenovo,Android,12.7,no,no,8.0,2.0,32.0,4.0,4000.0,160.0,2015,668,4.239742765,5.007898218,6245.100000552957,13463.099994798271,22.266666666666666,15
lenovo,Android,25.43,yes,no,8.0,5.0,16.0,4.0,7000.0,509.0,2015,1074,4.685920336,5.189116152,9756.900003188548,16137.900008000008,35.8,15
lenovo,Android,20.32,yes,no,5.0,2.0,32.0,4.0,4290.0,360.0,2015,769,4.510859507,4.792396362,8190.0000039569995,10853.099998746453,25.633333333333333,15
lenovo,Android,12.7,yes,no,13.0,5.0,16.0,4.0,4000.0,149.0,2015,652,4.424846632,5.485128829,7515.000001076078,21697.200008356816,21.733333333333334,15
lenovo,Android,17.78,no,no,2.0,0.3,16.0,4.0,3450.0,269.0,2015,1024,4.128423876,4.691806493,5587.200000698606,9814.500003458252,34.13333333333333,15
lenovo,Android,17.78,no,no,2.0,0.3,32.0,4.0,3450.0,269.0,2015,585,3.967079211,4.593704708,4754.699999162106,8897.400001078246,19.5,15
lenovo,Android,17.78,no,no,0.3,5.0,32.0,4.0,3450.0,269.0,2015,578,4.263383855,4.519939042,6394.500002921584,8264.7000030957,19.266666666666666,15
lenovo,Android,12.7,yes,no,8.0,2.0,32.0,4.0,2300.0,128.0,2015,592,4.138520925,4.590766956,5643.900002511933,8871.30000286235,19.733333333333334,15
lenovo,Android,12.83,yes,no,13.0,5.0,32.0,4.0,4000.0,156.0,2015,828,4.433907257,6.110846304,7583.400003405933,40564.799994805166,27.6,15
lenovo,Android,12.78,yes,no,13.0,13.0,32.0,4.0,2410.0,140.0,2015,747,4.382401564,5.8004251,7202.699997270503,29739.60000909126,24.9,15
lenovo,Android,12.7,yes,no,8.0,2.0,16.0,4.0,2300.0,128.0,2014,929,3.671224519,4.368181228,3537.0000004413623,7101.000001052166,30.966666666666665,15
lenovo,Android,15.24,yes,no,13.0,5.0,32.0,4.0,3300.0,170.0,2014,701,4.495801649,5.07991257,8067.600000542735,14468.400006062258,23.366666666666667,15
lenovo,Android,12.83,yes,no,13.0,2.0,32.0,4.0,2500.0,173.0,2014,988,4.385395952,5.068275074,7224.299998963415,14301.00000654027,32.93333333333333,15
lenovo,Android,12.83,yes,no,8.0,1.6,32.0,4.0,2500.0,175.0,2014,977,4.319086835,5.341903537,6760.80000067603,18801.899996033597,32.56666666666667,15
lenovo,Android,10.16,no,no,5.0,2.0,16.0,4.0,1500.0,130.0,2014,977,3.515418526,4.228438297,3026.700000750082,6174.900001835184,32.56666666666667,15
lenovo,Android,12.7,yes,no,13.0,8.0,16.0,4.0,2300.0,129.0,2014,680,4.43627805,5.563868854,7601.400003756634,23474.699997374966,22.666666666666668,15
lenovo,Android,12.7,no,no,8.0,2.0,32.0,4.0,2150.0,129.0,2014,1050,4.182050143,5.133147869,5895.000002115087,15259.500006536446,35.0,15
lenovo,Android,12.7,yes,no,8.0,2.0,32.0,4.0,2000.0,170.0,2014,876,4.11887456,4.796534071,5534.1000001916,10898.100002547159,29.2,15
lenovo,Android,25.43,yes,no,8.0,1.6,16.0,4.0,9600.0,619.0,2014,723,5.224617004,5.705813744,16721.100006386132,27054.900011761303,24.1,15
lenovo,Android,20.32,no,no,8.0,1.6,16.0,4.0,6400.0,419.0,2014,645,4.482324356,5.444191029,7959.600000085604,20826.899999217312,21.5,15
lenovo,Android,20.32,yes,no,8.0,1.6,16.0,4.0,4290.0,299.0,2014,881,4.532169293,5.010035114,8366.399999133231,13491.89999967318,29.366666666666667,15
lenovo,Android,12.7,yes,no,13.0,5.0,32.0,4.0,2300.0,120.0,2014,1047,4.40903364,5.594227991,7397.099998813438,24198.29999000304,34.9,15
lenovo,Android,12.83,yes,no,13.0,8.0,32.0,4.0,3000.0,158.0,2014,618,4.712588583,6.062994198,10020.600002451418,38669.399990452395,20.6,15
lenovo,Android,12.83,no,no,5.0,0.3,16.0,4.0,2500.0,161.0,2014,1081,4.130033405,5.083017969,5596.200002067192,14513.399996271859,36.03333333333333,15
lenovo,Android,15.24,yes,no,16.0,5.0,32.0,4.0,4000.0,179.0,2014,808,4.977216385,6.06550466,13056.30000586475,38766.60000711575,26.933333333333334,15
lenovo,Android,12.7,yes,no,13.0,5.0,16.0,4.0,2500.0,180.0,2014,675,4.572853585,5.008031908,8713.800004256269,13464.89999695504,22.5,15
lenovo,Android,12.78,no,no,13.0,5.0,32.0,4.0,2000.0,146.0,2014,610,4.122770036,4.998967489,5555.699997745473,13343.39999695005,20.333333333333332,15
lenovo,Android,15.24,no,no,8.0,1.6,32.0,4.0,3000.0,171.5,2014,859,3.954507617,5.196948872,4695.299999838945,16264.799997401735,28.633333333333333,15
lenovo,Android,15.24,no,no,8.0,0.3,32.0,4.0,2500.0,192.0,2014,865,4.241614481,4.80098365,6256.800000268188,10946.700004046503,28.833333333333332,15
lenovo,Android,12.7,no,no,5.0,0.3,16.0,4.0,2000.0,165.0,2014,999,3.90479696,4.715368978,4467.599998497071,10048.49999712445,33.3,15
lenovo,Android,10.16,no,no,2.0,1.8,16.0,4.0,1300.0,121.0,2014,884,3.263466708,3.920586236,2352.599999538712,4538.699999597718,29.466666666666665,15
lenovo,Android,10.29,no,no,5.0,0.3,16.0,4.0,2000.0,145.0,2014,958,3.401863826,4.245777266,2701.7999994452775,6282.900000111144,31.933333333333334,15
lenovo,Android,25.43,no,no,5.0,2.0,16.0,4.0,6340.0,550.0,2014,898,4.614328124,5.242857509,9082.800002063095,17028.89999414769,29.933333333333334,15
lenovo,Android,20.32,no,no,5.0,2.0,32.0,4.0,4200.0,360.0,2014,1012,4.626050664,4.937562683,9189.900003975123,12548.699997403306,33.733333333333334,15
lenovo,Android,17.78,no,no,5.0,2.0,32.0,4.0,3450.0,320.0,2014,573,4.235120483,4.773646336,6216.299999372892,10651.500000426131,19.1,15
lenovo,Android,17.78,no,no,2.0,0.3,32.0,4.0,3500.0,327.0,2014,543,4.132603274,4.408303358,5610.599998096935,7391.700001832399,18.1,15
lenovo,Android,25.43,no,no,8.0,1.6,16.0,4.0,9000.0,615.0,2014,954,4.824466346,5.56056624,11206.800004780742,23397.30000601717,31.8,15
lenovo,Android,12.78,no,no,8.0,1.6,16.0,4.0,4000.0,190.0,2014,946,4.207822046,5.530935888,6048.900000109642,22714.199994894658,31.533333333333335,15
lenovo,Android,12.7,no,no,13.0,5.0,16.0,4.0,2000.0,140.0,2014,721,4.043752776,5.297967305,5133.59999945563,17993.69999489445,24.033333333333335,15
lenovo,Android,10.34,no,no,8.0,0.3,32.0,4.0,3000.0,151.0,2014,898,4.086144366,5.12622333,5355.900001838356,15154.200001371186,29.933333333333334,15
lenovo,Android,15.24,no,no,5.0,0.3,32.0,4.0,2500.0,196.0,2014,904,3.801091445,4.881740754,4027.5000011242187,11867.400003736408,30.133333333333333,15
lenovo,Android,12.7,no,no,8.0,1.6,32.0,4.0,2250.0,163.3,2014,802,4.271095074,4.93548062,6444.000000215228,12522.59999379511,26.733333333333334,15
lenovo,Android,15.24,no,no,8.0,1.6,32.0,4.0,3000.0,170.0,2013,655,4.095843438,5.391625544,5408.099998129682,19760.400006289965,21.833333333333332,15
lenovo,Android,10.34,no,no,8.0,0.3,32.0,4.0,2000.0,126.0,2013,1033,4.263806003,5.604514473,6397.199998167519,24448.50000006034,34.43333333333333,15
lenovo,Android,12.83,yes,no,13.0,5.0,16.0,4.0,3000.0,145.2,2013,780,5.085495364,6.176823154,14549.39999555227,43331.39999742467,26.0,15
lenovo,Android,25.43,no,no,5.0,1.6,16.0,4.0,9000.0,605.0,2013,766,4.931375613,5.384357439,12471.29999862038,19617.30000705397,25.533333333333335,15
lenovo,Android,20.32,no,no,5.0,1.6,16.0,4.0,6000.0,401.0,2013,602,4.586496921,5.247024072,8833.500002451563,17099.99999725569,20.066666666666666,15
lenovo,Android,10.29,no,no,3.15,1.0,16.0,4.0,2500.0,159.0,2013,917,3.54731589,4.368307963,3124.8000006494917,7101.9000033169905,30.566666666666666,15
lenovo,Android,12.7,no,no,13.0,5.0,16.0,4.0,2000.0,121.0,2013,986,4.457365991,6.0415396,7763.399998294401,37848.60000982973,32.86666666666667,15
lenovo,Android,17.78,no,no,5.0,1.6,16.0,4.0,3450.0,244.9,2013,574,4.290596418,4.881361492,6570.899999553214,11862.900003269717,19.133333333333333,15
lenovo,Android,12.83,no,no,5.0,0.3,16.0,4.0,2250.0,184.0,2013,582,4.292101927,5.007162605,6580.799999039897,13453.200005148772,19.4,15
lenovo,Android,10.29,no,no,5.0,0.3,16.0,4.0,2000.0,130.0,2013,944,3.94854778,5.020519616,4667.399999484168,13634.099997679032,31.466666666666665,15
lenovo,Android,12.7,no,no,8.0,0.3,16.0,4.0,4000.0,176.0,2013,630,4.204841862,5.242117317,6030.900000089987,17016.300002385047,21.0,15
lenovo,Android,10.34,no,no,12.0,2.0,16.0,4.0,2000.0,143.0,2013,818,4.461992416,5.447469862,7799.399997568435,20895.30000103479,27.266666666666666,15
lenovo,Android,10.16,no,no,5.0,1.0,16.0,4.0,1500.0,131.0,2013,542,3.582963229,4.236567243,3238.200001546607,6225.300002412342,18.066666666666666,15
lenovo,Android,7.75,no,no,2.0,1.0,512.0,0.25,1300.0,112.0,2013,987,3.18221184,4.241902127,2168.999998922854,6258.6000026303955,32.9,15
lenovo,Android,12.78,no,no,8.0,2.0,16.0,4.0,2250.0,159.0,2013,668,4.338858139,5.522660198,6895.799998120875,22526.99999013928,22.266666666666666,15
lenovo,Android,17.78,no,no,5.0,0.3,16.0,4.0,3500.0,339.0,2013,899,4.632493482,5.185148668,9249.300003357666,16073.999992888885,29.966666666666665,15
lenovo,Android,17.78,no,no,6.5,0.3,16.0,4.0,3500.0,340.0,2013,801,4.241326753,5.020915604,6255.000002684982,13639.50000676775,26.7,15
lenovo,Android,12.83,no,no,13.0,2.0,16.0,4.0,2500.0,162.0,2013,740,4.726591041,5.883127383,10161.899998044537,32303.699986962223,24.666666666666668,15
lenovo,Android,12.7,no,no,8.0,0.3,16.0,4.0,2250.0,176.0,2013,549,3.94951145,5.440727972,4671.900000751533,20754.899999395,18.3,15
lenovo,Android,17.78,no,no,3.15,0.3,16.0,4.0,3550.0,400.0,2013,890,4.430459592,5.001998101,7557.299998522761,13383.900004007242,29.666666666666668,15
lenovo,Android,12.7,no,no,8.0,0.3,16.0,4.0,2250.0,165.4,2013,893,3.747619949,4.942427828,3817.799999478732,12609.899995168635,29.766666666666666,15
lenovo,Android,10.29,no,no,8.0,1.0,16.0,4.0,2000.0,151.0,2013,551,3.880738715,4.700389453,4361.399998306121,9899.100004266258,18.366666666666667,15
lenovo,Android,10.29,no,no,5.0,1.0,16.0,4.0,2000.0,155.0,2013,638,3.983599204,4.78423645,4833.900000399434,10764.89999933932,21.266666666666666,15
lenovo,Android,10.16,no,no,3.15,1.0,512.0,0.25,1500.0,134.0,2013,836,3.555633735,4.505239347,3150.9000001053205,8144.099997043349,27.866666666666667,15
lenovo,Android,10.29,no,no,8.0,1.0,16.0,4.0,2000.0,140.0,2013,627,4.287441192,5.433197849,6550.199998794675,20599.20000531758,20.9,15
lg,Android,15.34,yes,no,8.0,13.0,128.0,4.0,4000.0,183.0,2019,369,5.620183451,6.858060706,24834.600005466404,85636.80000357244,12.3,16
lg,Android,15.27,yes,no,8.0,13.0,128.0,4.0,3500.0,167.0,2019,310,5.431010908,6.430042007,20554.19999437839,55818.00001862375,10.333333333333334,16
lg,Android,15.27,yes,no,16.0,8.0,64.0,4.0,3000.0,159.0,2019,518,4.624678652,5.984465108,9177.299996548103,35748.8999968635,17.266666666666666,16
lg,Android,15.34,yes,no,13.0,5.0,64.0,4.0,3300.0,169.0,2018,586,5.004885462,6.687121077,13422.599998447691,72180.90002766623,19.533333333333335,16
lg,Android,15.27,yes,no,16.0,8.0,32.0,4.0,3000.0,156.0,2018,668,4.523526197,6.214248034,8294.400000434782,44983.800017695015,22.266666666666666,16
lg,Android,15.29,yes,no,16.0,5.0,64.0,4.0,3300.0,172.0,2018,394,5.184588601,6.034859229,16064.999996470615,37596.59998393983,13.133333333333333,16
lg,Android,12.78,yes,no,13.0,5.0,32.0,4.0,3000.0,169.0,2018,487,4.818101772,5.596865192,11135.699997484624,24262.199992475722,16.233333333333334,16
lg,Android,15.29,yes,no,13.0,5.0,32.0,4.0,3300.0,172.0,2018,716,4.582822322,5.516528775,8801.099997146828,22389.300004104323,23.866666666666667,16
lg,Android,15.29,yes,no,13.0,8.0,64.0,4.0,3300.0,171.0,2018,445,4.926311212,5.703649132,12408.299997722608,26996.399988305464,14.833333333333334,16
lg,Android,15.24,yes,no,13.0,8.0,128.0,4.0,3300.0,157.0,2018,492,5.161523515,6.550394386,15698.699999528355,62956.80002844897,16.4,16
lg,Android,12.83,yes,no,13.0,5.0,64.0,4.0,3000.0,145.0,2018,494,4.518086079,5.194122838,8249.399999331978,16218.900007619972,16.466666666666665,16
lg,Android,15.27,yes,no,13.0,8.0,128.0,4.0,3000.0,162.0,2018,696,4.532707014,6.011855237,8370.899997870645,36741.60000897537,23.2,16
lg,Android,15.24,yes,no,13.0,5.0,256.0,4.0,3300.0,158.0,2018,366,5.400106512,6.477049283,19928.699991030673,58504.499999521584,12.2,16
lg,Android,12.78,yes,no,13.0,8.0,32.0,4.0,3000.0,162.0,2018,545,4.257596556,5.007563916,6357.599998120029,13458.60000576338,18.166666666666668,16
lg,Android,12.78,yes,no,13.0,5.0,32.0,4.0,3000.0,172.3,2018,478,4.635602393,5.301462416,9278.099998995243,18056.70000555948,15.933333333333334,16
lg,Android,15.24,yes,no,13.0,5.0,128.0,4.0,3300.0,158.0,2017,860,5.073610093,6.036222784,14377.499996295723,37647.89998306763,28.666666666666668,16
lg,Android,12.75,yes,no,13.0,5.0,32.0,4.0,3000.0,146.0,2017,743,4.631130288,5.519739437,9236.70000316243,22461.30000081072,24.766666666666666,16
lg,Android,12.83,yes,no,13.0,5.0,64.0,4.0,3000.0,149.0,2017,746,4.180675152,5.021641173,5886.900000158232,13649.399996276587,24.866666666666667,16
lg,Android,20.32,yes,no,5.0,5.0,32.0,4.0,3000.0,290.0,2017,730,4.558183395,5.85455603,8586.90000202862,31393.800005006615,24.333333333333332,16
lg,Android,12.75,yes,no,16.0,5.0,32.0,4.0,4100.0,166.5,2017,616,4.442768897,5.637428974,7650.900002836435,25266.599997317182,20.533333333333335,16
lg,Android,12.88,yes,no,13.0,5.0,32.0,4.0,3300.0,163.0,2017,588,4.44370952,5.603335792,7658.100001060905,24419.699993976046,19.6,16
lg,Android,12.83,yes,no,13.0,5.0,16.0,4.0,4500.0,164.0,2017,576,4.131640347,5.192901294,5605.200000191713,16199.100003379333,19.2,16
lg,Android,12.88,yes,no,13.0,5.0,32.0,4.0,3080.0,150.0,2017,613,4.79015486,5.566701934,10828.799997817678,23541.299997461465,20.433333333333334,16
lg,Android,12.88,yes,no,13.0,5.0,16.0,4.0,3200.0,149.0,2016,911,4.430578675,5.296465653,7558.199998064741,17966.69999668403,30.366666666666667,16
lg,Android,12.78,yes,no,8.0,5.0,16.0,4.0,2800.0,141.8,2017,611,3.971800209,4.498586701,4777.199997783347,8090.100003354899,20.366666666666667,16
lg,Android,12.78,yes,no,13.0,5.0,16.0,4.0,2660.0,140.0,2016,961,4.262679877,5.080161357,6389.999999735995,14472.000003692296,32.03333333333333,16
lg,Android,12.78,yes,no,13.0,5.0,16.0,4.0,2800.0,144.0,2016,864,4.368814741,5.343529709,7105.500002119915,18832.4999930398,28.8,16
lg,Android,12.7,yes,no,13.0,5.0,16.0,4.0,2500.0,144.0,2016,632,4.375127893,5.075486266,7150.500000123527,14404.499994009577,21.066666666666666,16
lg,Android,12.7,yes,no,8.0,5.0,16.0,4.0,2500.0,143.0,2017,642,4.07787637,4.598145571,5311.800002577322,8936.999999543077,21.4,16
lg,Android,12.7,yes,no,5.0,5.0,32.0,4.0,2500.0,138.0,2016,803,4.245204118,4.767884096,6279.3000003067755,10590.299994960742,26.766666666666666,16
lg,Android,10.29,yes,no,5.0,2.0,32.0,4.0,2100.0,132.0,2016,549,3.839022113,4.608464753,4183.200001908979,9029.700000564162,18.3,16
lg,Android,25.43,yes,no,5.0,5.0,32.0,4.0,2660.0,510.0,2016,702,5.124796966,5.604698516,15132.60000443157,24452.999989428918,23.4,16
lg,Android,12.88,yes,no,12.3,5.0,32.0,4.0,3200.0,174.0,2016,859,4.906089261,5.856875452,12159.899994262134,31466.69998562946,28.633333333333333,16
lg,Android,12.7,yes,no,8.0,5.0,16.0,4.0,2100.0,122.0,2016,862,3.969348072,5.193401197,4765.499999774041,16207.200006507566,28.733333333333334,16
lg,Android,12.83,yes,no,13.0,5.0,16.0,4.0,2800.0,133.0,2016,661,4.515136063,5.072357353,8225.099997663163,14359.500003959598,22.033333333333335,16
lg,Android,12.83,yes,no,13.0,5.0,16.0,4.0,2800.0,133.0,2016,681,4.095510549,5.294610505,5406.300000745691,17933.400006873682,22.7,16
lg,Android,12.83,yes,no,12.3,8.0,32.0,4.0,3000.0,150.0,2016,1015,4.72046123,5.481222087,10099.799996739519,21612.600008589452,33.833333333333336,16
lg,Android,20.32,yes,no,5.0,5.0,16.0,4.0,2660.0,143.0,2016,574,4.405254761,5.860985634,7369.200001524771,31596.300006896305,19.133333333333333,16
lg,Android,20.32,yes,no,5.0,5.0,16.0,4.0,4800.0,309.0,2016,738,4.768478804,5.403667882,10596.600004237418,19999.79999688277,24.6,16
lg,Android,12.78,yes,no,13.0,5.0,16.0,4.0,4100.0,139.0,2016,556,4.425684604,4.873898771,7521.299999899627,11774.700005619072,18.533333333333335,16
lg,Android,12.7,yes,no,8.0,5.0,16.0,4.0,2100.0,121.0,2016,813,4.049172844,4.234686047,5161.500002191678,6213.60000139699,27.1,16
lg,Android,12.88,yes,no,13.0,5.0,16.0,4.0,2900.0,146.0,2016,706,4.512945242,5.184980681,8207.100000446677,16071.299996640559,23.533333333333335,16
lg,Android,12.88,yes,no,13.0,5.0,16.0,4.0,3000.0,144.6,2016,554,4.209011637,5.019330712,6056.099998787405,13617.89999368839,18.466666666666665,16
lg,Android,12.7,yes,no,5.0,2.0,32.0,4.0,1900.0,128.0,2016,986,3.646754528,4.79015486,3451.500000644516,10828.799997817678,32.86666666666667,16
lg,Android,10.29,yes,no,5.0,0.3,32.0,4.0,1940.0,127.0,2016,924,3.696103299,4.599051505,3626.0999992629727,8945.100000179673,30.8,16
lg,Android,12.78,yes,no,12.3,8.0,32.0,4.0,2800.0,156.0,2016,981,4.368434681,5.854899988,7102.799998903225,31404.60001093646,32.7,16
lg,Android,12.78,yes,no,12.3,8.0,32.0,4.0,2800.0,159.0,2016,726,4.754710253,5.701078823,10451.699997306947,26927.099997795027,24.2,16
lg,Android,12.75,yes,no,12.3,8.0,16.0,4.0,2520.0,118.0,2016,741,4.31455047,5.352947587,6730.20000303554,19010.699996213993,24.7,16
lg,Android,12.52,yes,no,13.0,8.0,16.0,4.0,2300.0,120.0,2016,872,4.493568009,4.867380592,8049.599996725508,11698.199994546265,29.066666666666666,16
lg,Android,12.7,yes,no,8.0,5.0,32.0,4.0,2125.0,157.0,2016,824,4.240030949,4.775756487,6246.899997804265,10674.000004657863,27.466666666666665,16
lg,Android,12.88,yes,no,13.0,8.0,16.0,4.0,3000.0,145.0,2016,849,4.568609931,5.140903033,8676.900002808808,15378.299992923181,28.3,16
lg,Android,12.78,yes,no,13.0,5.0,16.0,4.0,2300.0,142.0,2016,809,4.108576144,5.137620306,5477.399997432056,15327.900002287768,26.966666666666665,16
lg,Android,12.7,yes,no,5.0,5.0,32.0,4.0,2125.0,161.0,2016,578,4.235120483,4.697840521,6216.299999372892,9873.90000168449,19.266666666666666,16
lg,Android,10.29,yes,no,5.0,2.0,32.0,4.0,1940.0,120.0,2016,1033,4.020518602,4.611251656,5015.700002099347,9054.899997247681,34.43333333333333,16
lg,Android,12.83,no,no,13.0,8.0,16.0,4.0,3000.0,158.0,2015,663,4.437934267,5.242646082,7614.000002952881,17025.30000548944,22.1,16
lg,Android,12.88,yes,no,13.0,5.0,16.0,4.0,3000.0,169.8,2015,599,4.474491862,5.252063982,7897.499997267659,17186.39999947453,19.966666666666665,16
lg,Android,12.88,yes,no,16.0,5.0,32.0,4.0,3000.0,192.0,2015,867,4.764393692,5.519779505,10553.400004896046,22462.199998209573,28.9,16
lg,Android,12.75,yes,no,12.3,5.0,16.0,4.0,2700.0,136.0,2015,983,4.174541104,5.595603175,5850.8999987339985,24231.599996546698,32.766666666666666,16
lg,Android,12.7,yes,no,13.0,8.0,16.0,4.0,2050.0,150.0,2015,565,4.446291681,5.245127538,7677.900000609599,17067.599999421112,18.833333333333332,16
lg,Android,25.43,yes,no,5.0,2.0,16.0,4.0,7400.0,489.0,2015,981,4.751432693,5.521460918,10417.500000350616,22500.000003099452,32.7,16
lg,Android,20.32,yes,no,5.0,2.0,32.0,4.0,4200.0,347.0,2015,709,4.401706705,5.705614129,7343.099996763828,27049.49998687636,23.633333333333333,16
lg,Android,7.67,yes,no,3.15,0.3,16.0,4.0,1700.0,143.0,2015,1002,3.619797293,5.011634794,3359.700000246963,13513.49999419812,33.4,16
lg,Android,10.29,yes,no,5.0,0.3,32.0,4.0,1900.0,138.9,2015,713,3.503453082,4.502583597,2990.6999989039,8122.4999982699865,23.766666666666666,16
lg,Android,12.7,no,no,8.0,5.0,32.0,4.0,2540.0,155.0,2015,881,3.909219078,4.879767019,4487.399999571849,11844.000001288428,29.366666666666667,16
lg,Android,12.75,yes,no,8.0,5.0,32.0,4.0,2300.0,139.0,2015,821,3.983226764,5.07348489,4832.099997900558,14375.70000284832,27.366666666666667,16
lg,Others,7.62,no,no,1.3,5.0,32.0,0.25,950.0,125.0,2015,674,3.839452313,4.614625345,4185.000001701994,9085.500002191004,22.466666666666665,16
lg,Android,12.7,yes,no,8.0,5.0,32.0,4.0,2540.0,136.0,2015,798,4.230913005,5.022827335,6190.199999974493,13665.600001891073,26.6,16
lg,Android,12.83,yes,no,16.0,8.0,32.0,4.0,3000.0,155.0,2015,570,4.928122873,5.635467944,12430.800005944518,25217.09998808927,19.0,16
lg,Android,12.83,yes,no,16.0,8.0,32.0,4.0,3000.0,155.0,2015,617,4.634631896,5.706578562,9269.09999872355,27075.600001131694,20.566666666666666,16
lg,Android,12.88,yes,no,8.0,5.0,32.0,4.0,3000.0,165.9,2015,746,4.186619838,5.189283446,5921.999998038213,16140.600007684518,24.866666666666667,16
lg,Android,12.88,yes,no,13.0,5.0,32.0,4.0,3000.0,163.0,2015,814,4.524285457,5.522220629,8300.699997944523,22517.099995305456,27.133333333333333,16
lg,Android,12.7,yes,no,8.0,2.1,16.0,4.0,2610.0,135.0,2015,980,4.161847435,5.396532414,5777.099998130031,19857.599999106576,32.666666666666664,16
lg,Android,12.7,yes,no,8.0,5.0,32.0,4.0,2540.0,137.0,2015,930,3.946037884,4.937777822,4655.699999928192,12551.400002599841,31.0,16
lg,Android,10.34,yes,no,8.0,1.0,32.0,4.0,2100.0,124.4,2015,1003,4.029806041,4.80098365,5062.499999572067,10946.700004046503,33.43333333333333,16
lg,Android,10.29,yes,no,5.0,0.3,32.0,4.0,1900.0,140.0,2015,696,3.645710959,4.788907407,3447.900000991073,10815.300000830524,23.2,16
lg,Android,10.16,yes,no,5.0,0.3,16.0,4.0,1900.0,128.0,2015,652,3.731220295,4.51008998,3755.7000014892806,8183.700002145591,21.733333333333334,16
lg,Android,12.83,yes,no,13.0,2.1,16.0,4.0,3000.0,152.0,2015,561,4.556714966,5.599939326,8574.300002412057,24336.900006485714,18.7,16
lg,Android,10.29,yes,no,5.0,0.3,16.0,4.0,2100.0,138.9,2014,695,3.435920818,3.929273359,2795.4000007811997,4578.300000756914,23.166666666666668,16
lg,Android,12.7,no,no,8.0,1.3,32.0,4.0,2460.0,140.45,2014,959,3.749268754,4.874662829,3824.0999995154093,11783.699997175896,31.966666666666665,16
lg,Android,10.29,no,no,8.0,0.3,16.0,4.0,1820.0,153.7,2014,778,3.999667515,4.602967762,4912.199998623639,8980.199996112546,25.933333333333334,16
lg,Android,12.83,yes,no,13.0,2.1,32.0,4.0,3000.0,149.0,2014,588,4.410978457,5.524775419,7411.50000278932,22574.700003835977,19.6,16
lg,Android,12.93,yes,no,13.0,2.1,32.0,4.0,3000.0,182.0,2014,776,4.115616697,5.530063807,5516.099997254966,22694.400007500182,25.866666666666667,16
lg,Android,10.29,yes,no,5.0,0.3,16.0,4.0,2100.0,129.6,2014,1025,3.97724879,4.624972813,4803.299998338762,9179.999997390394,34.166666666666664,16
lg,Android,10.24,no,no,5.0,0.3,16.0,4.0,1540.0,119.0,2014,890,3.2820384,4.50821866,2396.700000417407,8168.40000072175,29.666666666666668,16
lg,Android,10.24,no,no,5.0,0.3,16.0,4.0,1700.0,140.45,2014,564,3.781686504,4.518413322,3950.100001184467,8252.099999489941,18.8,16
lg,Android,12.83,no,no,13.0,1.3,32.0,4.0,3000.0,163.0,2014,1000,4.711779921,5.475165639,10012.499999535921,21482.10000264353,33.333333333333336,16
lg,Android,12.7,no,no,8.0,1.0,32.0,4.0,2540.0,137.0,2014,646,3.819907717,4.619763188,4104.000001968523,9132.299997342581,21.533333333333335,16
lg,Android,10.29,no,no,8.0,0.3,16.0,4.0,1900.0,145.0,2014,708,3.637059705,4.701116527,3418.1999986869328,9906.299999650302,23.6,16
lg,Android,20.32,yes,no,5.0,1.3,16.0,4.0,4200.0,344.0,2014,775,4.29837325,5.473152638,6622.2000021414315,21438.90000925887,25.833333333333332,16
lg,Android,12.88,yes,no,8.0,1.3,32.0,4.0,3200.0,167.0,2014,1009,4.185403293,5.59905139,5914.799999000003,24315.29998797773,33.63333333333333,16
lg,Android,12.75,yes,no,13.0,2.1,32.0,4.0,2610.0,146.8,2014,952,4.130676491,5.888822555,5599.799997370945,32488.19999557828,31.733333333333334,16
lg,Android,17.78,yes,no,5.0,0.3,16.0,4.0,4000.0,294.8,2014,708,4.485485343,5.243333058,7984.799999663745,17036.999996332324,23.6,16
lg,Android,10.16,no,no,3.15,0.3,16.0,4.0,1900.0,142.0,2014,715,3.270708974,4.624384405,2369.7000011653763,9174.600000808321,23.833333333333332,16
lg,Android,7.67,no,no,2.0,1.3,16.0,4.0,1540.0,140.45,2014,952,3.384051223,4.116595171,2654.100000458669,5521.499999133565,31.733333333333334,16
lg,Android,12.88,yes,no,8.0,1.3,32.0,4.0,3200.0,168.1,2014,1048,4.785823686,5.69950668,10782.00000343569,26884.800005554058,34.93333333333333,16
lg,Android,12.83,yes,no,13.0,2.1,32.0,4.0,3000.0,154.0,2014,752,4.799831955,5.802148586,10934.100001458055,29790.89998805184,25.066666666666666,16
lg,Android,12.7,no,no,8.0,1.3,32.0,4.0,2540.0,140.45,2014,801,4.287853308,5.347631203,6552.89999733546,18909.899998090892,26.7,16
lg,Android,12.7,yes,no,8.0,1.3,32.0,4.0,2540.0,134.0,2014,780,4.015120963,5.244125137,4988.699997846313,17050.49999207817,26.0,16
lg,Android,10.24,no,no,5.0,0.3,16.0,4.0,2100.0,127.0,2014,563,4.025530246,5.245338442,5040.899998882225,17071.200004145747,18.766666666666666,16
lg,Android,12.83,yes,no,13.0,2.1,32.0,4.0,3000.0,149.7,2014,909,4.533459338,5.702314731,8377.199996363535,26960.399989723614,30.3,16
lg,Android,12.83,yes,no,13.0,2.1,16.0,4.0,3000.0,149.0,2014,688,4.415944853,5.699707517,7448.400000913604,26890.200010375018,22.933333333333334,16
lg,Android,10.34,yes,no,8.0,1.3,32.0,4.0,3000.0,136.1,2014,980,3.763986927,4.864066907,3880.8000015494413,11659.499999905334,32.666666666666664,16
lg,Android,25.43,yes,no,5.0,1.3,16.0,4.0,8000.0,535.8,2014,569,5.045229939,5.600974255,13975.200001945985,24362.10000792939,18.966666666666665,16
lg,Android,25.43,no,no,5.0,1.3,16.0,4.0,8000.0,523.0,2014,910,4.803283068,5.566166561,10971.900004640509,23528.69999420965,30.333333333333332,16
lg,Android,20.32,no,no,5.0,1.3,16.0,4.0,4200.0,342.0,2014,782,4.326381781,5.400241986,6810.3000019993,19931.399994619278,26.066666666666666,16
lg,Android,17.78,no,no,3.15,1.3,32.0,4.0,4000.0,293.0,2014,1015,4.25177557,5.071604954,6320.699998919611,14348.699993983959,33.833333333333336,16
lg,Android,12.7,no,no,5.0,0.3,16.0,4.0,2540.0,140.45,2014,722,3.762129916,4.786491242,3873.600000567371,10789.199995161453,24.066666666666666,16
lg,Android,10.34,yes,no,5.0,0.3,32.0,4.0,2440.0,123.9,2014,1005,4.322143925,5.389710795,6781.49999950831,19722.600000448747,33.5,16
lg,Android,10.24,no,no,5.0,0.3,16.0,4.0,2100.0,126.0,2014,751,3.988984047,5.017478493,4860.000002117627,13592.700005732713,25.033333333333335,16
lg,Android,20.4,yes,no,5.0,1.3,16.0,4.0,4600.0,339.9,2014,996,4.68203863,5.38609928,9719.099997622045,19651.50000134475,33.2,16
lg,Android,10.29,yes,no,5.0,0.3,16.0,4.0,2440.0,129.6,2014,592,3.354105774,5.291494141,2575.7999996695125,17877.59999642607,19.733333333333334,16
lg,Android,10.34,yes,no,13.0,1.3,32.0,4.0,2440.0,121.0,2014,632,4.261975404,5.477968695,6385.500002515559,21542.400004607658,21.066666666666666,16
lg,Android,10.34,yes,no,8.0,1.3,32.0,4.0,2440.0,121.0,2014,888,4.071417058,5.194344776,5277.600002225056,16222.499997322344,29.6,16
lg,Android,10.34,no,no,8.0,1.3,32.0,4.0,2440.0,121.0,2014,646,3.597312261,5.073171813,3285.0000013519552,14371.200006278004,21.533333333333335,16
lg,Android,10.34,no,no,5.0,0.3,32.0,4.0,2540.0,125.0,2014,597,3.867025639,5.669984366,4301.999997860141,26102.700002454243,19.9,16
lg,Android,10.34,no,no,5.0,1.3,32.0,4.0,2540.0,126.0,2014,1018,4.146620707,5.136092511,5689.800001209245,15304.499993063935,33.93333333333333,16
lg,Android,10.29,no,no,5.0,0.3,16.0,4.0,2100.0,124.0,2014,1091,3.442339325,5.012167453,2813.4000000187634,13520.699998994975,36.36666666666667,16
lg,Android,10.29,no,no,5.0,0.3,16.0,4.0,2100.0,126.6,2014,601,3.776890331,4.859579819,3931.1999982834436,11607.29999795364,20.033333333333335,16
lg,Android,7.75,no,no,3.15,1.3,16.0,4.0,2540.0,114.0,2014,646,3.225255432,4.377767578,2264.4000003798765,7169.400001767272,21.533333333333335,16
lg,Android,7.75,no,no,3.15,1.3,16.0,4.0,2540.0,113.4,2014,778,3.047850228,4.506233438,1896.300000348734,8152.199998955964,25.933333333333334,16
lg,Android,12.93,yes,no,13.0,2.1,16.0,4.0,3200.0,172.0,2014,853,4.284551613,5.737475116,6531.299998105624,27925.20001053698,28.433333333333334,16
lg,Android,7.62,no,no,2.0,1.3,16.0,4.0,1540.0,104.6,2014,673,3.676300672,4.511848029,3555.0000003303444,8198.100001994448,22.433333333333334,16
lg,Android,10.16,yes,no,5.0,0.3,16.0,4.0,2460.0,159.9,2014,744,4.35105183,5.434813111,6980.399997386183,20632.49999718214,24.8,16
lg,Android,12.83,yes,no,13.0,2.1,32.0,4.0,3140.0,167.0,2013,662,4.75272775,5.525094309,10430.99999639394,22581.899997862234,22.066666666666666,16
lg,Android,12.57,yes,no,8.0,1.3,16.0,4.0,2300.0,130.0,2013,633,4.241902127,5.566319554,6258.6000026303955,23532.299995988367,21.1,16
lg,Android,15.24,yes,no,13.0,2.1,32.0,4.0,3500.0,177.0,2013,984,4.238444906,5.885715067,6236.999998778435,32387.400002449358,32.8,16
lg,Others,10.16,no,no,5.0,1.3,16.0,4.0,1540.0,122.5,2013,1093,3.884651809,5.012433676,4378.500001611227,13524.299999491006,36.43333333333333,16
lg,Android,12.83,no,no,8.0,1.3,32.0,4.0,3140.0,161.0,2013,803,4.271653577,5.522380495,6447.599998758768,22520.700001764948,26.766666666666666,16
lg,Android,12.83,no,no,8.0,1.3,32.0,4.0,3140.0,161.0,2013,670,4.543188394,5.482886396,8459.100003111174,21648.60000254434,22.333333333333332,16
lg,Android,7.67,no,no,3.15,1.3,16.0,4.0,1540.0,110.0,2013,949,3.081451149,4.254051208,1961.1000000852516,6335.100002407084,31.633333333333333,16
lg,Android,20.4,no,no,5.0,1.3,16.0,4.0,4600.0,338.0,2013,780,4.618382517,5.708670509,9119.699995802872,27132.30000735348,26.0,16
lg,Android,12.75,yes,no,13.0,2.1,16.0,4.0,3000.0,143.0,2013,1077,4.098502572,5.600309066,5422.499997989531,24345.89999561957,35.9,16
lg,Android,10.34,no,no,8.0,1.3,32.0,4.0,2150.0,120.0,2013,880,4.023385473,5.524895015,5030.099998583491,22577.40000910934,29.333333333333332,16
lg,Android,10.16,yes,no,5.0,0.3,32.0,4.0,2460.0,169.8,2013,914,4.423408472,5.561950057,7504.199996603218,23429.70000018059,30.466666666666665,16
lg,Android,10.34,no,no,13.0,1.3,16.0,4.0,2280.0,141.2,2013,668,4.339249605,5.59456267,6898.4999978074975,24206.400008222787,22.266666666666666,16
lg,Android,7.82,no,no,3.15,1.3,16.0,4.0,1700.0,125.0,2013,592,3.479700443,4.704381836,2920.499999561636,9938.69999941322,19.733333333333334,16
lg,Android,7.82,no,no,3.15,1.3,16.0,4.0,1700.0,125.0,2013,1008,3.493472658,4.698387268,2961.000000677103,9879.300002971448,33.6,16
lg,Android,7.67,no,no,3.15,1.3,16.0,4.0,1540.0,110.0,2013,941,3.291382516,4.083620599,2419.200000834748,5342.400000752609,31.366666666666667,16
lg,Android,10.16,yes,no,5.0,0.3,16.0,4.0,2460.0,113.4,2013,703,3.815732345,4.596230344,4086.8999995510135,8919.89999626598,23.433333333333334,16
lg,Android,10.24,yes,no,5.0,1.3,32.0,4.0,2460.0,129.0,2013,718,4.527640983,5.598162666,8328.599996011824,24293.69999694814,23.933333333333334,16
lg,Android,10.34,yes,no,8.0,1.3,32.0,4.0,2540.0,133.2,2013,970,4.305415532,5.006560336,6668.999997985685,13445.099999270924,32.333333333333336,16
lg,Android,10.29,yes,no,5.0,1.3,16.0,4.0,2460.0,126.0,2013,910,4.236711804,5.308465698,6226.200003056921,18183.600007276134,30.333333333333332,16
lg,Android,10.24,yes,no,5.0,1.3,32.0,4.0,2150.0,131.0,2013,646,3.911822985,5.400873955,4499.099998085728,19944.000002530316,21.533333333333335,16
lg,Android,12.83,yes,no,13.0,2.1,16.0,4.0,3140.0,172.0,2013,733,4.80811103,5.990789319,11025.000000167782,35975.699993059774,24.433333333333334,16
lg,Android,10.24,no,no,8.0,0.3,16.0,4.0,2460.0,115.5,2013,644,3.850785696,5.01535746,4232.70000018219,13563.89999414602,21.466666666666665,16
lg,Android,10.24,no,no,8.0,0.3,16.0,4.0,2460.0,118.0,2013,565,3.746676553,5.199380619,3814.200000609688,16304.400005086762,18.833333333333332,16
lg,Android,10.16,no,no,5.0,1.3,16.0,4.0,1700.0,100.0,2013,723,3.911222685,4.786074072,4496.3999988427295,10784.700003295531,24.1,16
lg,Android,10.16,no,no,5.0,1.3,16.0,4.0,1700.0,103.3,2013,1057,3.278276168,4.954770161,2387.699999642685,12766.499996746323,35.233333333333334,16
lg,Android,7.67,no,no,3.15,1.3,16.0,4.0,1540.0,110.0,2013,810,3.702782359,4.509979999,3650.3999989672006,8182.800000128119,27.0,16
lg,Android,7.67,no,no,3.15,1.3,16.0,4.0,1540.0,107.0,2013,1054,3.403527997,4.498697941,2706.299999998815,8090.999996135942,35.13333333333333,16
lg,Android,7.62,no,no,2.0,1.3,16.0,4.0,1540.0,105.0,2013,631,3.280159053,4.063885355,2392.199999317986,5238.00000137554,21.033333333333335,16
lg,Others,5.13,no,no,1.3,1.3,16.0,4.0,1700.0,92.0,2013,766,2.945491057,3.664330581,1711.799999799301,3512.699999323723,25.533333333333335,16
lg,Others,5.13,no,no,1.3,1.3,128.0,4.0,1500.0,97.0,2013,564,3.940999114,4.50335892,4632.30000155338,8128.800001289175,18.8,16
meizu,Android,15.29,yes,no,13.0,20.0,64.0,4.0,4000.0,170.0,2019,295,4.854682992,5.296114943,11550.59999627644,17960.40000012866,9.833333333333334,17
meizu,Android,13.84,yes,no,13.0,13.0,32.0,4.0,3000.0,150.0,2018,635,4.515901718,4.700298531,8231.399998107529,9898.19999921142,21.166666666666668,17
meizu,Android,13.84,yes,no,13.0,8.0,16.0,4.0,3000.0,150.0,2018,698,4.164803026,4.490993141,5794.2000007494125,8028.900000596607,23.266666666666666,17
meizu,Android,15.24,yes,no,13.0,8.0,64.0,4.0,3600.0,168.0,2018,605,4.608265391,5.299566586,9027.900000944372,18022.500000928725,20.166666666666668,17
meizu,Android,15.29,yes,no,13.0,20.0,128.0,4.0,3210.0,160.0,2018,653,4.727830199,5.296014717,10174.500002808372,17958.5999912836,21.766666666666666,17
meizu,Android,12.88,yes,no,13.0,5.0,64.0,4.0,3100.0,159.0,2018,712,4.529476342,5.000248201,8343.900003179933,13360.499997197381,23.733333333333334,17
meizu,Android,12.88,yes,no,13.0,5.0,32.0,4.0,3200.0,145.0,2018,606,4.266054458,4.601764393,6411.599997297762,8969.400001316182,20.2,17
meizu,Android,15.24,yes,no,13.0,20.0,64.0,4.0,3100.0,154.0,2018,726,4.979007019,5.701880667,13079.700004733817,26948.699990120484,24.2,17
meizu,Android,15.24,yes,no,13.0,20.0,128.0,4.0,3010.0,152.0,2018,576,4.68914362,6.012369508,9788.400002307424,36760.500007797695,19.2,17
meizu,Android,15.37,yes,no,13.0,20.0,256.0,4.0,3570.0,182.0,2018,513,4.936486295,6.17674007,12535.199994234637,43327.800000940406,17.1,17
meizu,Android,13.84,yes,no,13.0,8.0,16.0,4.0,3070.0,140.0,2018,564,4.463030419,4.941070831,7807.500001350941,12592.80000364755,18.8,17
meizu,Android,12.88,yes,no,13.0,8.0,32.0,4.0,3300.0,145.0,2018,520,4.194039056,4.864992762,5966.099998488787,11670.300005125679,17.333333333333332,17
meizu,Android,15.11,yes,no,13.0,20.0,64.0,4.0,3500.0,177.0,2018,530,4.660604893,6.175347384,9513.00000117779,43267.499979712346,17.666666666666668,17
meizu,Android,13.87,yes,no,13.0,20.0,64.0,4.0,3000.0,152.0,2018,588,4.543081994,5.991264527,8458.200002751706,35992.79999620943,19.6,17
meizu,Android,13.87,yes,no,12.0,20.0,64.0,4.0,3000.0,145.0,2018,722,4.994980054,5.483842121,13290.299993545133,21669.300000959145,24.066666666666666,17
meizu,Android,15.21,yes,no,13.0,8.0,64.0,4.0,3360.0,160.0,2018,637,4.825670246,5.62948987,11220.299995995656,25066.799998136372,21.233333333333334,17
meizu,Android,12.88,yes,no,16.0,8.0,32.0,4.0,3000.0,160.0,2018,675,4.434856248,5.003677814,7590.599997583048,13406.400006317666,22.5,17
meizu,Android,12.75,yes,no,13.0,8.0,32.0,4.0,3070.0,143.0,2017,764,4.293195421,4.871756295,6588.000000215652,11749.499998294703,25.466666666666665,17
meizu,Android,12.83,yes,no,12.5,16.0,16.0,4.0,4000.0,173.0,2017,786,4.537426534,5.144524956,8410.500000827828,15434.100002036437,26.2,17
meizu,Android,12.88,yes,no,12.0,16.0,64.0,4.0,3500.0,170.0,2017,848,5.202687136,6.214668097,16358.40000764286,45002.70001699914,28.266666666666666,17
meizu,Android,12.75,yes,no,12.0,16.0,64.0,4.0,3000.0,163.0,2017,785,5.010768619,5.992014396,13501.80000619071,36019.80000311869,26.166666666666668,17
meizu,Android,12.7,yes,no,8.0,5.0,16.0,4.0,3235.0,135.0,2017,801,3.947969132,4.935768059,4664.699999059525,12526.199994780281,26.7,17
meizu,Android,12.83,yes,no,13.0,8.0,64.0,4.0,3400.0,155.0,2017,650,4.374876131,5.346964663,7148.700002537496,18897.299993016342,21.666666666666668,17
meizu,Android,12.75,yes,no,13.0,5.0,16.0,4.0,3000.0,143.0,2017,606,4.071417058,4.862057943,5277.600002225056,11636.099996899422,20.2,17
meizu,Android,12.83,yes,no,13.0,5.0,16.0,4.0,3060.0,175.0,2016,789,4.508108473,5.246181612,8167.499998816038,17085.599997821446,26.3,17
meizu,Android,12.88,yes,no,12.0,5.0,64.0,4.0,3400.0,158.0,2016,762,5.127825562,6.311226513,15178.500007472994,49564.79999885137,25.4,17
meizu,Android,12.83,yes,no,16.0,5.0,16.0,4.0,3150.0,149.0,2016,718,4.30662937,5.236441963,6677.099998654999,16920.00000287726,23.933333333333334,17
meizu,Android,12.7,yes,no,13.0,5.0,32.0,4.0,2760.0,139.0,2016,908,4.065430552,5.076485455,5246.099999698566,14418.900004922287,30.266666666666666,17
meizu,Android,12.83,yes,no,13.0,5.0,32.0,4.0,3260.0,158.0,2016,1054,4.156693187,5.242804657,5747.399998352589,17028.000006508475,35.13333333333333,17
meizu,Android,12.75,yes,no,12.0,5.0,64.0,4.0,3060.0,163.0,2016,1084,5.122236297,6.062272437,15093.89999481469,38641.49999542122,36.13333333333333,17
meizu,Android,12.75,yes,no,13.0,5.0,32.0,4.0,3060.0,138.0,2016,931,4.195395806,4.796946902,5974.199998256556,10902.600004875632,31.033333333333335,17
meizu,Android,15.24,yes,no,13.0,5.0,64.0,4.0,3060.0,189.0,2016,757,4.814539304,5.599532453,11096.100001326415,24326.99999313001,25.233333333333334,17
meizu,Android,12.83,yes,no,13.0,5.0,32.0,4.0,3060.0,172.0,2016,704,4.565805462,5.397845909,8652.599995969493,19883.699994771843,23.466666666666665,17
meizu,Android,12.83,yes,no,12.0,5.0,32.0,4.0,3060.0,155.0,2016,606,4.457134107,5.697898531,7761.59999875281,26841.599986653648,20.2,17
meizu,Android,12.7,yes,no,13.0,5.0,32.0,4.0,3060.0,138.0,2016,789,4.151512235,4.784069226,5717.699998407954,10763.10000020755,26.3,17
meizu,Android,12.7,yes,no,13.0,5.0,32.0,4.0,3060.0,132.0,2016,869,4.104129863,4.864066907,5453.10000023504,11659.499999905334,28.966666666666665,17
meizu,Android,12.75,yes,no,21.0,5.0,32.0,4.0,2560.0,160.0,2016,1063,4.923696642,6.014717099,12375.900003281431,36846.900003016584,35.43333333333333,17
meizu,Android,12.83,yes,no,13.0,5.0,32.0,4.0,3060.0,163.0,2016,959,4.55902153,5.195398313,8594.10000032562,16239.600007467048,31.966666666666665,17
meizu,Android,12.83,yes,no,13.0,5.0,16.0,4.0,3140.0,149.0,2015,966,4.428074948,5.14107859,7539.2999987506,15380.999998130517,32.2,17
meizu,Android,12.88,yes,no,21.0,5.0,32.0,4.0,3050.0,168.0,2015,752,4.846546506,5.963296527,11457.000005002576,35000.09999019782,25.066666666666666,17
meizu,Android,12.7,yes,no,13.0,5.0,16.0,4.0,3095.0,131.0,2015,791,4.01259206,4.860122434,4976.099998259155,11613.60000212583,26.366666666666667,17
meizu,Android,12.83,yes,no,20.7,5.0,16.0,4.0,3150.0,149.0,2015,944,4.794219064,5.341137364,10872.900005094252,18787.50000505449,31.466666666666665,17
meizu,Android,12.83,yes,no,13.0,5.0,16.0,4.0,3095.0,149.0,2015,725,4.568609931,5.304050898,8676.900002808808,18103.499992834684,24.166666666666668,17
meizu,Android,12.83,yes,no,13.0,5.0,16.0,4.0,3150.0,145.0,2014,986,4.177919486,4.863603658,5870.70000112715,11654.099999058943,32.86666666666667,17
meizu,Android,12.7,yes,no,13.0,5.0,32.0,4.0,2500.0,128.0,2015,629,4.388505601,4.604169686,7246.800001655239,8991.000003106317,20.966666666666665,17
meizu,Android,12.83,yes,no,20.7,5.0,16.0,4.0,3150.0,158.0,2014,1043,4.878854749,5.990639207,11833.200002413756,35970.30001409337,34.766666666666666,17
meizu,Android,13.61,yes,no,20.7,2.0,16.0,4.0,3150.0,147.0,2014,1007,4.742320024,5.826118095,10322.999998603036,30513.600014646865,33.56666666666667,17
meizu,Android,12.73,no,no,8.0,2.0,16.0,4.0,2400.0,143.0,2013,878,4.688959712,5.914502506,9786.600002762027,33333.30000095487,29.266666666666666,17
micromax,Android,12.7,yes,no,8.0,5.0,16.0,4.0,4000.0,151.0,2017,664,4.217004575,4.608962984,6104.700000256468,9034.199997951153,22.133333333333333,18
micromax,Android,12.83,yes,no,13.0,5.0,32.0,4.0,4000.0,162.0,2017,607,4.427716761,4.948334268,7536.600003082492,12684.600001282712,20.233333333333334,18
micromax,Android,10.16,yes,no,2.0,0.3,16.0,4.0,1300.0,120.0,2017,645,3.122364924,3.907412393,2042.9999990043302,4479.300000580236,21.5,18
micromax,Android,12.83,yes,no,13.0,13.0,128.0,4.0,3200.0,164.0,2017,879,4.797607077,5.885270351,10909.800005202462,32373.00000966081,29.3,18
micromax,Android,10.29,yes,no,5.0,2.0,32.0,4.0,1800.0,140.0,2017,742,3.886089623,4.084462562,4384.799998238883,5346.8999980342105,24.733333333333334,18
micromax,Android,12.83,yes,no,8.0,5.0,32.0,4.0,3000.0,151.0,2017,859,4.019980147,4.619960271,5013.000000334677,9134.099995791676,28.633333333333333,18
micromax,Android,12.7,yes,no,8.0,2.0,32.0,4.0,4000.0,151.0,2017,868,3.971234865,4.510969391,4774.499999713567,8190.900003364293,28.933333333333334,18
micromax,Android,10.29,yes,no,5.0,2.0,32.0,4.0,1800.0,151.0,2017,808,3.804660487,4.38152651,4041.8999995972385,7196.400002646838,26.933333333333334,18
micromax,Android,10.29,yes,no,5.0,2.0,32.0,4.0,1800.0,156.0,2016,901,3.798182189,4.257738109,4015.7999999823846,6358.499999169984,30.033333333333335,18
micromax,Android,10.16,yes,no,5.0,2.0,32.0,4.0,1600.0,159.0,2016,564,3.831680253,4.084462562,4152.60000105639,5346.8999980342105,18.8,18
micromax,Android,12.7,yes,no,5.0,2.0,32.0,4.0,2000.0,165.0,2016,958,4.050392675,4.277360322,5167.80000158694,6484.499997110952,31.933333333333334,18
micromax,Android,12.7,yes,no,8.0,5.0,16.0,4.0,2000.0,151.0,2016,562,3.948162052,4.374624305,4665.599999794623,7146.900000663808,18.733333333333334,18
micromax,Android,15.24,yes,no,8.0,5.0,32.0,4.0,3000.0,159.0,2016,883,4.032823706,4.601362948,5077.8000021639045,8965.80000318163,29.433333333333334,18
micromax,Android,12.7,no,no,5.0,2.0,32.0,4.0,2000.0,159.0,2016,1026,3.71210758,3.90459549,3684.5999991409594,4466.700001789586,34.2,18
micromax,Android,12.83,no,no,8.0,5.0,32.0,4.0,2500.0,159.0,2016,999,4.182660643,4.272490748,5898.599998403436,6453.000002545227,33.3,18
micromax,Android,12.7,yes,no,13.0,5.0,16.0,4.0,2500.0,159.0,2016,617,4.296060166,4.606669062,6606.899999189401,9013.499998992043,20.566666666666666,18
micromax,Android,10.29,yes,no,5.0,5.0,32.0,4.0,1750.0,159.0,2016,962,3.909820582,4.615912283,4490.1000005704855,9097.200004366716,32.06666666666667,18
micromax,Android,12.83,no,no,8.0,5.0,16.0,4.0,2500.0,159.0,2016,1073,4.148674907,4.380650688,5701.500001327607,7190.099996448447,35.766666666666666,18
micromax,Android,12.83,yes,no,13.0,5.0,16.0,4.0,3000.0,159.0,2016,683,4.564035643,5.186211933,8637.300003199809,16091.100003801866,22.766666666666666,18
micromax,Android,12.83,yes,no,13.0,8.0,32.0,4.0,3000.0,162.0,2016,736,4.44370952,4.508438997,7658.100001060905,8170.199999768622,24.533333333333335,18
micromax,Android,12.7,no,no,5.0,2.0,32.0,4.0,3000.0,143.0,2015,750,4.325985244,5.132085671,6807.600001427847,15243.300001478137,25.0,18
micromax,Android,12.7,yes,no,13.0,5.0,16.0,4.0,2100.0,128.0,2015,992,4.11887456,4.857328702,5534.1000001916,11581.199995705398,33.06666666666667,18
micromax,Android,12.83,yes,no,13.0,5.0,16.0,4.0,2500.0,145.0,2015,1031,4.429387206,5.007831367,7549.1999997454495,13462.200003183516,34.36666666666667,18
micromax,Android,10.34,yes,no,8.0,5.0,32.0,4.0,2000.0,143.0,2015,704,4.037950562,4.506785284,5103.899999867621,8156.699999456029,23.466666666666665,18
micromax,Android,12.7,no,no,13.0,5.0,16.0,4.0,2500.0,143.0,2015,725,4.378144107,4.802051894,7172.0999970619,10958.399998757583,24.166666666666668,18
micromax,Android,12.7,yes,no,8.0,2.0,16.0,4.0,2000.0,155.0,2015,567,3.965374181,4.07090533,4746.600000355327,5274.899997424069,18.9,18
micromax,Android,12.75,yes,no,13.0,5.0,16.0,4.0,2900.0,143.0,2015,747,4.477109516,5.122772794,7918.200000628911,15101.999999500042,24.9,18
micromax,Android,12.83,no,no,13.0,5.0,32.0,4.0,2820.0,143.0,2015,925,4.401829262,5.016816153,7344.000000219867,13583.699997672607,30.833333333333332,18
micromax,Android,12.7,no,no,13.0,2.0,32.0,4.0,2500.0,135.0,2015,669,3.993234261,4.50313746,4880.700000717613,8126.999996562766,22.3,18
micromax,Android,7.75,no,no,1.3,0.3,16.0,4.0,1200.0,143.0,2015,731,3.189652966,3.67478053,2185.199999581977,3549.6000009426507,24.366666666666667,18
micromax,Android,12.7,no,no,8.0,5.0,32.0,4.0,2800.0,144.0,2015,1014,4.348728349,4.790985632,6964.199998103182,10837.799999606568,33.8,18
micromax,Android,10.36,yes,no,8.0,5.0,16.0,4.0,2000.0,97.0,2015,898,4.573473099,5.524376663,8719.19999786522,22565.700001283014,29.933333333333334,18
micromax,Android,20.32,no,no,5.0,2.0,32.0,4.0,4000.0,143.0,2015,625,3.829293358,4.882119872,4142.70000070778,11871.900001652226,20.833333333333332,18
micromax,Android,12.7,yes,no,13.0,5.0,16.0,4.0,2260.0,143.0,2015,794,4.169761202,5.437513932,5823.000002871585,20688.300005454974,26.466666666666665,18
micromax,Android,10.29,no,no,5.0,2.0,32.0,4.0,1700.0,136.0,2015,624,3.58850648,4.513931706,3256.200000106969,8215.200003665457,20.8,18
micromax,Android,15.24,no,no,8.0,2.0,32.0,4.0,3000.0,143.0,2015,675,4.249637447,4.93842296,6307.200002345418,12559.500000221906,22.5,18
micromax,Android,12.7,no,no,13.0,5.0,16.0,4.0,2400.0,143.0,2015,810,4.437934267,5.007229501,7614.000002952881,13454.100000519025,27.0,18
micromax,Android,10.34,no,no,8.0,2.0,32.0,4.0,2000.0,143.0,2015,1064,3.817492522,4.704291277,4094.100001711692,9937.800001432053,35.46666666666667,18
micromax,Android,12.83,no,no,5.0,0.3,32.0,4.0,2820.0,143.0,2015,601,3.860940215,4.690338198,4275.899999149822,9800.099996491863,20.033333333333335,18
micromax,Android,10.34,no,no,8.0,2.0,32.0,4.0,2000.0,134.0,2015,901,3.969348072,4.229749199,4765.499999774041,6182.999998588396,30.033333333333335,18
micromax,Android,10.16,no,no,0.3,0.3,16.0,4.0,1200.0,123.0,2015,734,3.341447377,4.110217911,2543.39999934792,5486.399997923999,24.466666666666665,18
micromax,Android,12.7,no,no,8.0,2.0,32.0,4.0,3000.0,170.0,2015,957,4.140273494,4.852342715,5653.79999937525,11523.599998828482,31.9,18
micromax,Android,10.16,no,no,2.0,0.3,16.0,4.0,1450.0,143.0,2015,740,3.451890496,4.096176217,2840.4000000634155,5409.899999723712,24.666666666666668,18
micromax,Android,12.7,no,no,5.0,0.3,16.0,4.0,1800.0,143.0,2015,801,3.711863291,4.378018613,3683.7000018259664,7171.199998018291,26.7,18
micromax,Android,10.29,no,no,5.0,0.3,32.0,4.0,1700.0,143.0,2015,667,3.626738058,4.495690085,3383.1000014341407,8066.699997021205,22.233333333333334,18
micromax,Android,10.16,no,no,2.0,0.3,16.0,4.0,1300.0,146.5,2014,1052,3.444895237,4.071928523,2820.600000203436,5280.300000328603,35.06666666666667,18
micromax,Android,10.29,no,no,8.0,2.0,32.0,4.0,2000.0,138.0,2015,798,4.021953065,4.584559232,5022.90000100286,8816.399999259715,26.6,18
micromax,Android,20.32,no,no,5.0,2.0,32.0,4.0,4400.0,310.5,2015,604,4.580775029,5.006225586,8783.099998652935,13440.600005274691,20.133333333333333,18
micromax,Android,17.78,no,no,5.0,0.3,32.0,4.0,3200.0,306.0,2015,981,4.286478927,4.486724431,6543.900002212065,7994.700001745964,32.7,18
micromax,Android,10.34,no,no,13.0,13.0,16.0,4.0,2300.0,138.0,2014,575,4.71088064,5.47884565,10003.499995896509,21561.30000601781,19.166666666666668,18
micromax,Android,12.7,no,no,8.0,2.0,32.0,4.0,3000.0,143.0,2015,954,3.875359021,5.011235114,4337.999999754666,13508.099997727619,31.8,18
micromax,Android,10.34,no,no,8.0,5.0,32.0,4.0,2000.0,123.0,2014,672,4.091674334,5.005689752,5385.6000017975975,13433.40000398648,22.4,18
micromax,Android,10.29,no,no,5.0,2.0,16.0,4.0,1700.0,136.0,2014,920,3.425889994,4.368561384,2767.4999993011315,7103.700001986828,30.666666666666668,18
micromax,Android,12.7,no,no,13.0,5.0,32.0,4.0,2500.0,146.5,2014,871,4.213016092,5.137502866,6080.400000367261,15326.099999409744,29.033333333333335,18
micromax,Android,10.16,no,no,2.0,0.3,16.0,4.0,2000.0,146.5,2014,1032,3.577947893,4.23757873,3221.9999986897597,6231.599998080615,34.4,18
micromax,Android,12.83,no,no,8.0,2.0,32.0,4.0,2350.0,146.0,2014,1066,4.343935284,4.934761662,6930.900003110872,12513.60000604304,35.53333333333333,18
micromax,Android,12.7,no,no,8.0,2.0,32.0,4.0,2000.0,138.0,2014,1054,3.819249605,5.134032172,4101.299998868898,15272.999996331728,35.13333333333333,18
micromax,Android,10.16,no,no,5.0,0.3,16.0,4.0,1750.0,146.5,2014,1050,3.629394807,4.503026712,3392.099999053455,8126.09999740462,35.0,18
micromax,Android,12.83,no,no,16.0,5.0,32.0,4.0,2300.0,146.5,2014,756,4.812428228,5.710791189,11072.699999201906,27189.899987308865,25.2,18
micromax,Windows,12.7,no,no,8.0,2.0,32.0,4.0,2000.0,146.5,2014,668,3.891820298,4.800819203,4409.999999512136,10944.900000077614,22.266666666666666,18
micromax,Windows,10.16,no,no,5.0,0.3,32.0,4.0,1500.0,146.5,2014,855,3.749033377,4.366151286,3823.2000002535415,7086.600003432809,28.5,18
micromax,Android,10.16,no,no,2.0,0.3,16.0,4.0,2100.0,146.5,2014,730,3.526360525,4.072098953,3060.000001174546,5281.199998548828,24.333333333333332,18
micromax,Android,10.34,no,no,5.0,2.0,16.0,4.0,2000.0,158.0,2014,797,3.854817532,4.500476115,4249.800001456123,8105.400001025934,26.566666666666666,18
micromax,Android,12.7,no,no,5.0,0.3,16.0,4.0,1900.0,180.0,2014,759,3.677565694,4.506012614,3559.499999239467,8150.399996292606,25.3,18
micromax,Others,5.28,no,no,0.3,2.0,16.0,4.0,3000.0,146.5,2014,664,2.351375257,2.989211057,944.9999998455135,1788.3000007801895,22.133333333333333,18
micromax,Android,12.7,no,no,8.0,2.0,16.0,4.0,2000.0,159.0,2014,791,4.178379291,4.805413517,5873.399999029862,10995.299995426301,26.366666666666667,18
micromax,Android,12.7,no,no,8.0,2.0,16.0,4.0,2000.0,168.0,2014,584,4.057334737,4.71115051,5203.800002142923,10006.200004749713,19.466666666666665,18
micromax,Android,15.24,no,no,5.0,0.3,32.0,4.0,2500.0,202.0,2014,653,3.769998505,4.621437158,3904.199998443286,9147.59999586562,21.766666666666666,18
micromax,Android,10.16,no,no,2.0,0.3,512.0,0.25,1600.0,146.5,2014,930,3.054944133,3.903587527,1909.799999645088,4462.2000017534465,31.0,18
micromax,Others,5.18,no,no,0.3,0.3,16.0,4.0,2800.0,260.0,2013,1037,2.383242996,2.949688335,975.5999999887803,1718.9999999096074,34.56666666666667,18
micromax,Others,5.16,no,no,0.3,0.3,16.0,4.0,1800.0,118.0,2013,868,2.753023567,2.940747965,1412.1000003601687,1703.6999996230877,28.933333333333334,18
micromax,Android,12.7,no,no,8.0,2.0,16.0,4.0,1900.0,146.5,2014,633,3.898532415,5.240370407,4439.699998909401,16986.600006910376,21.1,18
micromax,Android,7.75,no,no,1.3,2.0,512.0,0.25,1500.0,146.5,2014,876,2.96784707,3.899342952,1750.4999998871708,4443.299998796881,29.2,18
micromax,Android,12.7,no,no,16.0,8.0,32.0,4.0,2350.0,154.0,2014,888,4.509649984,5.47884565,8180.099998931034,21561.30000601781,29.6,18
micromax,Android,10.34,no,no,8.0,5.0,16.0,4.0,1800.0,110.0,2014,883,3.958333908,5.141312618,4713.299998626563,15384.60000403273,29.433333333333334,18
micromax,Android,10.29,no,no,5.0,5.0,16.0,4.0,1800.0,147.0,2014,635,3.715764783,4.600459106,3698.100000387123,8957.69999768916,21.166666666666668,18
micromax,Android,15.24,no,no,8.0,5.0,16.0,4.0,2450.0,180.0,2014,983,4.172385267,5.127469732,5838.299998686593,15173.100002614174,32.766666666666666,18
micromax,Android,12.7,no,no,8.0,2.0,16.0,4.0,2000.0,147.0,2013,613,4.285240366,5.007630785,6535.800000090262,13459.499998977655,20.433333333333334,18
micromax,Android,10.16,no,no,2.0,0.3,512.0,0.25,1500.0,118.0,2013,1015,3.205587931,4.097506226,2220.300001018529,5417.100002385261,33.833333333333336,18
micromax,Android,12.7,no,no,5.0,0.3,16.0,4.0,3000.0,118.0,2013,769,3.592093185,4.506012614,3267.899998607076,8150.399996292606,25.633333333333333,18
micromax,Android,12.7,no,no,12.0,2.0,16.0,4.0,2000.0,118.0,2013,692,4.154027564,5.187832633,5732.099997803031,16117.199993992079,23.066666666666666,18
micromax,Android,12.7,no,no,13.0,5.0,16.0,4.0,2000.0,118.0,2013,723,4.546693256,5.483343596,8488.799998055087,21658.50000543372,24.1,18
micromax,Android,20.32,no,no,5.0,2.0,16.0,4.0,4800.0,118.0,2013,1032,4.344324767,5.143941661,6933.599996603436,15425.099993760847,34.4,18
micromax,Android,10.29,no,no,5.0,0.3,16.0,4.0,1500.0,118.0,2013,793,3.654029177,4.505239347,3476.700001118837,8144.099997043349,26.433333333333334,18
micromax,Android,10.29,no,no,2.0,0.3,16.0,4.0,1850.0,118.0,2013,577,3.248046202,4.098336583,2316.599999610856,5421.599997334535,19.233333333333334,18
micromax,Android,12.88,no,no,12.0,5.0,16.0,4.0,2600.0,220.0,2013,1047,4.447580265,5.436120871,7687.799996822476,20659.500006296374,34.9,18
micromax,Android,12.7,no,no,5.0,0.3,16.0,4.0,2000.0,118.0,2013,781,3.845883203,4.694919478,4212.000000321793,9845.099998703407,26.033333333333335,18
micromax,Android,12.7,no,no,13.0,5.0,16.0,4.0,2000.0,158.0,2013,965,4.023922098,5.429214041,5032.8000003746665,20517.299992822976,32.166666666666664,18
micromax,Android,10.29,no,no,5.0,0.3,16.0,4.0,1800.0,118.0,2013,956,3.747619949,4.706010501,3817.799999478732,9954.900000854497,31.866666666666667,18
micromax,Android,12.7,no,no,8.0,2.0,16.0,4.0,2000.0,164.0,2013,823,4.058199116,5.191010514,5208.300002157552,16168.500007121778,27.433333333333334,18
micromax,Others,5.28,no,no,0.3,0.3,16.0,4.0,2000.0,108.0,2013,603,2.715356776,3.003204288,1359.899999612907,1813.4999992878531,20.1,18
micromax,Others,5.28,no,no,0.3,0.3,16.0,4.0,2000.0,98.6,2013,748,2.346601978,3.020424886,940.4999996136236,1844.9999997336508,24.933333333333334,18
micromax,Others,5.23,no,no,0.3,0.3,16.0,4.0,2000.0,118.0,2013,596,2.714694744,2.955430977,1359.0000002434258,1728.9000003795531,19.866666666666667,18
micromax,Others,5.18,no,no,0.3,0.3,16.0,4.0,2000.0,118.0,2013,694,2.691243083,3.045474365,1327.500000284312,1891.7999991509505,23.133333333333333,18
micromax,Others,5.13,no,no,0.3,0.3,16.0,4.0,2000.0,118.0,2013,1016,2.935982269,3.725693427,1695.5999997486836,3734.999999116102,33.86666666666667,18
micromax,Others,5.28,no,no,0.3,0.3,16.0,4.0,2000.0,92.0,2013,946,2.267993648,3.406848053,869.3999998048835,2715.299999535766,31.533333333333335,18
micromax,Android,12.78,no,no,8.0,2.0,16.0,4.0,2100.0,168.0,2013,780,4.249780131,5.248706866,6308.100003076878,17128.800000090745,26.0,18
micromax,Android,17.78,no,no,2.0,0.3,16.0,4.0,3000.0,370.0,2013,706,4.336375289,4.865455368,6878.699998247358,11675.70000486969,23.533333333333335,18
micromax,Android,17.78,no,no,2.0,0.3,16.0,4.0,3000.0,323.0,2013,726,4.242045918,4.79974964,6259.499997687414,10933.19999805883,24.2,18
micromax,Android,17.78,no,no,2.0,0.3,16.0,4.0,2000.0,118.0,2013,645,3.742894042,4.58394655,3799.799998403421,8811.000004084213,21.5,18
micromax,Android,12.7,no,no,3.15,0.3,16.0,4.0,2000.0,186.0,2013,1025,3.867443962,4.49635928,4303.799999870116,8072.099998951339,34.166666666666664,18
micromax,Android,10.29,no,no,5.0,0.3,16.0,4.0,2000.0,149.1,2013,969,3.969348072,4.774659764,4765.499999774041,10662.300000355399,32.3,18
micromax,Android,7.75,no,no,3.15,0.3,16.0,4.0,2000.0,109.0,2013,833,3.134624272,4.237145361,2068.199999130095,6228.900000910837,27.766666666666666,18
micromax,Android,7.75,no,no,2.0,0.3,512.0,0.25,1500.0,118.0,2013,1008,3.137665769,4.217004575,2074.4999990817064,6104.700000256468,33.6,18
micromax,Android,12.7,no,no,5.0,0.3,16.0,4.0,2000.0,118.0,2013,667,3.839022113,5.011901159,4183.200001908979,13517.099997060172,22.233333333333334,18
micromax,Android,12.7,no,no,8.0,2.0,16.0,4.0,2000.0,156.0,2013,669,3.814189645,5.431930006,4080.5999996760693,20573.100002634244,22.3,18
micromax,Android,10.08,no,no,3.15,0.3,1024.0,4.0,1450.0,118.0,2013,836,3.437207819,4.503912354,2798.999999481658,8133.300000700564,27.866666666666667,18
microsoft,Windows,12.7,yes,no,8.0,5.0,16.0,4.0,2000.0,122.0,2016,961,4.033532423,5.008900457,5081.400000887499,13476.600002661104,32.03333333333333,19
microsoft,Windows,12.88,yes,no,20.0,5.0,32.0,4.0,3340.0,165.0,2015,931,4.959552504,5.85555891,12827.700001706864,31425.300011878935,31.033333333333335,19
microsoft,Windows,12.88,yes,no,20.0,5.0,32.0,4.0,3340.0,165.0,2015,820,4.910151756,5.853494748,12209.400005885747,31360.50000362127,27.333333333333332,19
microsoft,Windows,12.75,yes,no,20.0,5.0,32.0,4.0,3000.0,150.0,2015,692,4.844738116,5.632358078,11436.300003242846,25138.800000557218,23.066666666666666,19
microsoft,Windows,12.75,yes,no,20.0,5.0,32.0,4.0,3000.0,150.0,2015,751,4.684443367,5.635896134,9742.500001143777,25227.90001019889,25.033333333333335,19
microsoft,Windows,10.34,yes,no,5.0,2.0,32.0,4.0,2100.0,141.9,2015,790,3.818591061,4.498364182,4098.600001493555,8088.300002666861,26.333333333333332,19
microsoft,Windows,12.7,no,no,8.0,5.0,32.0,4.0,2200.0,152.0,2015,965,3.964615456,4.611847841,4743.000002147079,9060.300002343613,32.166666666666664,19
microsoft,Windows,10.16,no,no,2.0,0.3,32.0,4.0,1500.0,127.9,2015,890,3.385745277,4.237145361,2658.599999725542,6228.900000910837,29.666666666666668,19
microsoft,Windows,12.88,yes,no,13.0,5.0,32.0,4.0,3000.0,171.0,2015,823,4.428671642,5.306335138,7543.799996251296,18144.899997430315,27.433333333333334,19
microsoft,Windows,12.88,yes,no,13.0,5.0,32.0,4.0,3000.0,171.0,2015,956,4.195245147,5.297116646,5973.29999905721,17978.400000512065,31.866666666666667,19
microsoft,Windows,12.88,no,no,13.0,5.0,32.0,4.0,3000.0,171.0,2015,949,4.249352018,5.130785895,6305.400001454396,15223.499996548564,31.633333333333333,19
microsoft,Windows,12.88,no,no,13.0,5.0,32.0,4.0,3000.0,171.0,2015,937,4.458408805,5.143474781,7771.500003165432,15417.90000397216,31.233333333333334,19
microsoft,Windows,12.7,yes,no,8.0,1.0,32.0,4.0,2500.0,145.0,2015,874,4.248066579,5.019661105,6297.30000152517,13622.399995864673,29.133333333333333,19
microsoft,Windows,12.7,yes,no,8.0,1.0,32.0,4.0,2500.0,145.0,2015,564,4.277499105,4.786741461,6485.3999979250175,10791.89999577668,18.8,19
microsoft,Windows,12.7,no,no,8.0,1.0,32.0,4.0,2500.0,145.0,2015,1017,4.387884444,5.132970914,7242.299998855417,15256.800000609612,33.9,19
microsoft,Windows,10.16,no,no,5.0,0.3,32.0,4.0,1560.0,136.3,2015,1083,3.805773206,4.509870006,4046.4000016774935,8181.899998905532,36.1,19
microsoft,Windows,10.16,no,no,5.0,0.3,32.0,4.0,1560.0,136.3,2015,696,3.682358237,4.489871562,3576.599999557679,8019.900003010444,23.2,19
microsoft,Windows,10.16,no,no,2.0,0.3,32.0,4.0,1560.0,134.1,2015,670,3.581015808,4.261834449,3231.899999230836,6384.5999977942765,22.333333333333332,19
microsoft,Windows,10.16,no,no,2.0,0.3,32.0,4.0,1560.0,134.1,2015,708,3.640214282,4.228438297,3428.999999545126,6174.900001835184,23.6,19
microsoft,Windows,12.7,no,no,5.0,5.0,32.0,4.0,1905.0,146.0,2014,683,3.808438689,4.381026134,4057.1999993038835,7192.7999975523035,22.766666666666666,19
microsoft,Windows,12.7,no,no,5.0,5.0,32.0,4.0,1905.0,146.0,2014,1089,3.930059368,4.382151627,4581.900000392923,7200.900000993488,36.3,19
microsoft,Windows,25.55,no,no,5.0,3.5,32.0,4.0,2500.0,675.9,2013,931,5.230573714,5.802752615,16820.999992236822,29808.89999129542,31.033333333333335,19
motorola,Android,15.29,yes,no,13.0,12.0,64.0,4.0,3000.0,176.0,2019,390,4.71124045,5.697663794,10007.100002850444,26835.300009445393,13.0,20
motorola,Android,15.29,yes,no,13.0,8.0,64.0,4.0,3000.0,172.0,2019,368,4.705829669,5.522380495,9953.099999131406,22520.700001764948,12.266666666666667,20
motorola,Android,15.29,yes,no,12.0,8.0,64.0,4.0,5000.0,193.0,2019,280,4.670021158,5.346535939,9602.999997045083,18889.200003428177,9.333333333333334,20
motorola,Android,12.88,yes,no,13.0,8.0,32.0,4.0,3000.0,149.0,2019,496,4.267316996,5.010635294,6419.699998138628,13499.999998700549,16.533333333333335,20
motorola,Android,12.93,yes,no,12.0,8.0,64.0,4.0,3000.0,162.0,2018,447,4.49110523,5.389619525,8029.800002407984,19720.800000890926,14.9,20
motorola,Android,15.29,yes,no,12.0,12.0,64.0,4.0,5000.0,205.0,2018,373,4.673296015,5.593595516,9634.499999656127,24183.000009154573,12.433333333333334,20
motorola,Android,15.27,yes,no,12.0,8.0,128.0,4.0,3000.0,156.0,2018,706,4.430578675,5.990313885,7558.199998064741,35958.59998739342,23.533333333333335,20
motorola,Android,14.83,yes,no,8.0,5.0,16.0,4.0,3100.0,168.5,2018,660,3.95623126,4.698296164,4703.399999565093,9878.400000221525,22.0,20
motorola,Android,12.75,yes,no,8.0,5.0,16.0,4.0,2800.0,150.0,2018,598,4.161068194,4.400357591,5772.599998470212,7333.199997370275,19.933333333333334,20
motorola,Android,15.24,yes,no,12.0,5.0,32.0,4.0,5000.0,196.6,2018,634,4.337552145,5.075861079,6886.800002947192,14409.899999798792,21.133333333333333,20
motorola,Android,12.88,yes,no,13.0,5.0,16.0,4.0,4000.0,174.0,2018,426,4.369068034,5.010635294,7107.300003486202,13499.999998700549,14.2,20
motorola,Android,12.88,yes,no,13.0,5.0,32.0,4.0,4000.0,175.0,2018,533,4.297421451,5.015291106,6615.899997446287,13563.000004985088,17.766666666666666,20
motorola,Android,15.29,yes,no,12.0,12.0,64.0,4.0,3000.0,170.0,2018,438,5.042650624,5.763277046,13939.200006575586,28655.099987339003,14.6,20
motorola,Android,12.93,yes,no,12.0,8.0,64.0,4.0,3200.0,167.0,2018,567,4.464988155,5.563447035,7822.799996962965,23464.800011044746,18.9,20
motorola,Android,12.88,yes,no,12.0,8.0,64.0,4.0,3000.0,167.0,2018,561,4.492673155,5.198054945,8042.400001922576,16282.800006356116,18.7,20
motorola,Android,12.75,yes,no,12.0,16.0,64.0,4.0,3000.0,163.0,2017,564,4.849527134,5.302857047,11491.200003430135,18081.900007412336,18.8,20
motorola,Android,12.83,yes,no,13.0,8.0,64.0,4.0,3000.0,168.0,2017,821,4.657857508,5.073109185,9486.899997466071,14370.299994947258,27.366666666666667,20
motorola,Android,12.75,yes,no,16.0,5.0,32.0,4.0,3000.0,157.0,2017,573,4.278470047,5.002334269,6491.7000031447005,13388.399999238616,19.1,20
motorola,Android,12.83,yes,no,12.0,5.0,64.0,4.0,2730.0,143.0,2017,558,4.831907273,5.765253797,11290.50000211774,28711.800007341542,18.6,20
motorola,Android,12.83,yes,no,13.0,5.0,16.0,4.0,5000.0,198.0,2017,874,4.319752215,4.702750514,6765.299998718807,9922.499996755785,29.133333333333333,20
motorola,Android,12.7,yes,no,8.0,5.0,16.0,4.0,2800.0,151.0,2017,666,4.180828022,5.01422883,5887.799999350941,13548.600005332926,22.2,20
motorola,Android,12.83,yes,no,12.0,5.0,64.0,4.0,3000.0,145.0,2017,842,4.240607069,5.443629098,6250.499998747697,20815.200006076146,28.066666666666666,20
motorola,Android,12.7,yes,no,8.0,2.0,16.0,4.0,4000.0,162.0,2017,746,3.823847315,4.800078858,4120.2000019594825,10936.79999685548,24.866666666666667,20
motorola,Android,12.7,yes,no,5.0,2.0,32.0,4.0,2350.0,154.0,2017,803,4.052654135,4.613832559,5179.499999130406,9078.299999394081,26.766666666666666,20
motorola,Android,12.75,yes,no,12.0,5.0,32.0,4.0,3000.0,155.0,2017,873,4.471410196,5.480763916,7873.200001507189,21602.700010150194,29.1,20
motorola,Android,12.7,yes,no,13.0,5.0,16.0,4.0,2800.0,145.0,2017,578,4.277082699,5.012367127,6482.7000006400285,13523.400000797685,19.266666666666666,20
motorola,Android,12.83,yes,no,16.0,8.0,64.0,4.0,3050.0,163.0,2016,554,4.711779921,5.245760116,10012.499999535921,17078.40000325581,18.466666666666665,20
motorola,Android,12.7,yes,no,8.0,5.0,16.0,4.0,3500.0,153.5,2016,917,4.28689144,4.87557893,6546.600002888076,11794.500002719626,30.566666666666666,20
motorola,Android,12.83,yes,no,16.0,5.0,32.0,4.0,3510.0,165.0,2016,904,4.318687394,5.396305775,6758.099999244497,19853.10000245701,30.133333333333333,20
motorola,Android,12.7,yes,no,8.0,5.0,32.0,4.0,2800.0,140.6,2016,659,4.156379953,4.60736777,5745.599999186692,9019.800004225066,21.966666666666665,20
motorola,Android,12.83,yes,no,21.0,5.0,32.0,4.0,3500.0,163.0,2016,1041,4.434144589,5.593744369,7585.200000485539,24186.59998918222,34.7,20
motorola,Android,12.83,yes,no,13.0,5.0,32.0,4.0,2600.0,136.0,2016,694,4.592186258,5.39838892,8883.899996181728,19894.499994583686,23.133333333333333,20
motorola,Android,12.83,yes,no,16.0,5.0,64.0,4.0,3000.0,155.0,2016,827,4.566741159,5.065565301,8660.699996810185,14262.300000645848,27.566666666666666,20
motorola,Android,12.83,yes,no,13.0,5.0,16.0,4.0,3000.0,155.0,2016,667,4.481419379,4.876951509,7952.400003563341,11810.700001084282,22.233333333333334,20
motorola,Android,12.7,yes,no,8.0,5.0,32.0,4.0,2800.0,137.0,2016,563,3.91939576,4.87504464,4533.300001099057,11788.200002476608,18.766666666666666,20
motorola,Android,12.7,yes,no,13.0,5.0,16.0,4.0,2470.0,155.0,2015,833,4.105943698,5.629094847,5462.999999642432,25056.899991094702,27.766666666666666,20
motorola,Android,12.8,yes,no,21.0,5.0,32.0,4.0,3760.0,169.0,2015,582,4.560695696,5.634611016,8608.500000979113,25195.50000516754,19.4,20
motorola,Android,12.8,yes,no,21.0,5.0,32.0,4.0,3760.0,170.1,2015,905,4.580365067,5.795328001,8779.499999393158,29588.39999170638,30.166666666666668,20
motorola,Android,12.83,yes,no,21.0,5.0,16.0,4.0,2390.0,169.0,2015,749,4.517540436,5.703315699,8244.89999977642,26987.399998198398,24.966666666666665,20
motorola,Android,12.88,yes,no,21.0,5.0,16.0,4.0,2390.0,179.0,2015,1020,4.893277168,5.562833161,12005.099998163787,23450.400000750935,34.0,20
motorola,Android,12.83,yes,no,21.0,5.0,16.0,4.0,2390.0,169.0,2015,694,4.485034385,5.520900761,7981.200002010376,22487.399999917176,23.133333333333333,20
motorola,Android,12.83,yes,no,21.0,5.0,16.0,4.0,2390.0,169.0,2015,586,4.492225427,5.47495614,8038.800000225432,21477.59999556502,19.533333333333335,20
motorola,Android,12.7,yes,no,13.0,5.0,32.0,4.0,2470.0,155.0,2015,820,4.517867858,5.13732668,8247.60000342032,15323.399993013894,27.333333333333332,20
motorola,Android,12.7,yes,no,13.0,5.0,32.0,4.0,2470.0,155.0,2015,608,4.362588941,5.137385412,7061.400001543578,15324.299993371442,20.266666666666666,20
motorola,Android,10.29,yes,no,5.0,0.3,32.0,4.0,2390.0,145.0,2015,579,3.949704072,4.603568905,4672.7999981503435,8985.60000340449,19.3,20
motorola,Android,10.29,yes,no,5.0,0.3,32.0,4.0,2390.0,145.0,2015,842,3.546739687,4.883634909,3123.000000147364,11889.90000130477,28.066666666666666,20
motorola,Android,12.7,yes,no,8.0,2.0,32.0,4.0,2390.0,155.0,2015,863,4.253767036,5.34834486,6333.300000136435,18923.399997205302,28.766666666666666,20
motorola,Android,12.7,yes,no,8.0,2.0,32.0,4.0,2390.0,155.0,2015,613,3.844814256,5.47976354,4207.500001116266,21581.099993395386,20.433333333333334,20
motorola,Android,12.75,yes,no,21.0,2.0,64.0,4.0,3900.0,176.0,2014,768,4.396052806,5.705381196,7301.699997028401,27043.1999994619,25.6,20
motorola,Android,12.75,yes,no,21.0,2.0,32.0,4.0,3900.0,169.0,2014,564,4.911624944,5.666045993,12227.400002895984,26000.100004685122,18.8,20
motorola,Android,15.14,yes,no,13.0,2.0,32.0,4.0,3220.0,184.0,2014,739,4.312140507,6.041254212,6713.99999859197,37837.80001473792,24.633333333333333,20
motorola,Android,12.75,yes,no,13.0,2.0,16.0,4.0,2300.0,144.0,2014,572,4.529799879,5.773370724,8346.600000306193,28945.799987672613,19.066666666666666,20
motorola,Android,12.7,no,no,8.0,2.0,32.0,4.0,2070.0,149.0,2014,808,4.145829505,5.293907658,5685.300000508214,17920.799998936644,26.933333333333334,20
motorola,Android,12.7,no,no,8.0,2.0,32.0,4.0,2070.0,149.0,2014,1072,4.03653888,5.07704706,5096.699999359276,14427.000005547075,35.733333333333334,20
motorola,Android,10.29,yes,no,5.0,1.3,32.0,4.0,2070.0,143.0,2014,927,4.251205851,5.079974772,6317.100001627726,14469.299997469772,30.9,20
motorola,Android,10.24,yes,no,8.0,0.3,32.0,4.0,2000.0,125.9,2014,634,3.606041176,5.473572347,3313.800000646417,21447.899997098688,21.133333333333333,20
motorola,Android,10.24,no,no,5.0,2.0,16.0,4.0,1980.0,142.0,2014,959,3.874736421,4.621437158,4335.300001551477,9147.59999586562,31.966666666666665,20
motorola,Android,10.24,no,no,5.0,2.0,16.0,4.0,1980.0,142.0,2014,979,3.965184554,4.488186831,4745.700002171735,8006.400003985009,32.63333333333333,20
motorola,Android,10.29,no,no,5.0,1.3,32.0,4.0,2070.0,143.0,2014,821,3.958333908,4.939210897,4713.299998626563,12569.39999474738,27.366666666666667,20
motorola,Android,10.29,no,no,5.0,1.3,32.0,4.0,2070.0,143.0,2013,643,4.148359151,4.870453263,5699.700002688328,11734.199994175222,21.433333333333334,20
motorola,Android,10.34,yes,no,10.0,2.0,16.0,4.0,2200.0,130.0,2013,757,3.773909703,5.520540494,3919.4999988299833,22479.29999095197,25.233333333333334,20
motorola,Android,12.7,yes,no,10.0,2.0,16.0,4.0,2130.0,137.0,2013,607,4.245204118,5.524655809,6279.3000003067755,22572.000005445152,20.233333333333334,20
motorola,Android,12.7,yes,no,10.0,2.0,16.0,4.0,3500.0,167.0,2013,715,4.122770036,5.394309132,5555.699997745473,19813.499996002374,23.833333333333332,20
motorola,Android,10.24,yes,no,10.0,2.0,16.0,4.0,2000.0,130.0,2013,1044,4.292375413,5.196118514,6582.600001835,16251.299996298134,34.8,20
motorola,Android,10.16,no,no,8.0,1.2,16.0,4.0,2000.0,120.0,2013,944,4.488524004,5.43838361,8009.10000105103,20706.299990788226,31.466666666666665,20
motorola,Android,7.75,no,no,5.0,2.0,16.0,4.0,1785.0,110.0,2013,667,3.542696944,5.020387586,3110.400000199516,13632.300006285388,22.233333333333334,20
others,Android,7.65,yes,no,5.0,0.3,32.0,4.0,1900.0,171.8,2013,739,4.461415282,5.792952631,7794.899997326712,29518.200002500213,24.633333333333333,24
nokia,Android,16.23,yes,no,5.0,16.0,128.0,4.0,3500.0,180.0,2019,188,4.620551288,5.671121532,9139.499999758771,26132.3999891122,6.266666666666667,21
nokia,Android,15.21,yes,no,5.0,20.0,128.0,4.0,3320.0,172.0,2019,294,5.192956851,6.42923549,16200.000001778591,55773.00000178128,9.8,21
nokia,Android,14.5,yes,no,5.0,8.0,32.0,4.0,3000.0,161.0,2019,492,4.25177557,5.004214726,6320.699998919611,13413.599996065346,16.4,21
nokia,Android,15.9,yes,no,13.0,5.0,32.0,4.0,4000.0,181.0,2019,317,4.579339426,4.861284189,8770.500000407214,11627.100000323118,10.566666666666666,21
nokia,Android,13.84,yes,no,8.0,5.0,32.0,4.0,2500.0,157.0,2019,226,4.178992036,4.493456196,5876.999998340423,8048.699997117846,7.533333333333333,21
nokia,Others,5.18,no,no,5.0,0.0,16.0,0.03,1020.0,157.0,2019,501,2.343727036,3.420346201,937.7999996950081,2752.2000013735787,16.7,21
nokia,Android,15.7,yes,no,8.0,20.0,64.0,4.0,3500.0,180.0,2018,485,4.609062601,5.989212012,9035.10000267949,35918.999998035666,16.166666666666668,21
nokia,Android,15.24,yes,no,8.0,8.0,32.0,4.0,3500.0,180.0,2018,642,4.207822046,5.012500221,6048.900000109642,13525.200003979542,21.4,21
nokia,Android,14.83,yes,no,8.0,8.0,64.0,4.0,3060.0,160.0,2018,634,4.410492607,5.79557131,7407.900000114434,29595.59999159683,21.133333333333333,21
nokia,Android,12.9,yes,no,8.0,16.0,64.0,4.0,3060.0,151.0,2018,648,4.511408806,5.52589109,8194.4999985773,22599.89999680072,21.6,21
nokia,Android,14.88,yes,no,8.0,8.0,64.0,4.0,3060.0,160.0,2018,525,4.566948973,5.026639868,8662.49999854562,13717.799996735559,17.5,21
nokia,Android,12.83,yes,no,16.0,8.0,32.0,4.0,2970.0,160.0,2018,586,4.567364471,5.189227684,8666.099997814477,16139.700000640209,19.533333333333335,21
nokia,Android,12.75,yes,no,13.0,8.0,32.0,4.0,2990.0,138.3,2018,469,4.415340514,5.016749895,7443.900002204774,13582.799998694565,15.633333333333333,21
nokia,Android,12.83,yes,no,8.0,5.0,32.0,4.0,4000.0,174.0,2018,635,4.022669526,4.602065371,5026.500002436796,8972.099999689453,21.166666666666668,21
nokia,Others,5.18,yes,no,2.0,0.0,0.1,0.02,1100.0,117.0,2018,417,3.916015027,4.505681287,4518.0000013658655,8147.699996029226,13.9,21
nokia,Android,12.83,yes,no,8.0,5.0,128.0,4.0,3260.0,177.0,2018,604,5.124618527,6.309590952,15129.89999931965,49483.80000327396,20.133333333333333,21
nokia,Android,15.24,yes,no,8.0,16.0,64.0,4.0,3800.0,183.0,2018,704,4.459566212,5.642651475,7780.499998993988,25398.900008839584,23.466666666666665,21
nokia,Android,12.83,yes,no,16.0,8.0,32.0,4.0,3000.0,172.0,2018,611,4.729421148,5.436687036,10190.699996678362,20671.20000386948,20.366666666666667,21
nokia,Android,10.29,yes,no,5.0,2.0,32.0,4.0,2150.0,160.0,2018,601,3.934957977,4.613039144,4604.400001332319,9071.099996672843,20.033333333333335,21
nokia,Others,5.18,yes,no,2.0,0.0,0.06,0.02,1200.0,88.1,2018,582,3.559909073,4.611251656,3164.400000579161,9054.899997247681,19.4,21
nokia,Android,12.7,yes,no,8.0,5.0,32.0,4.0,4100.0,161.0,2017,564,4.154969184,4.690613668,5737.4999997789,9802.80000190607,18.8,21
nokia,Android,12.75,yes,no,16.0,5.0,64.0,4.0,3000.0,160.0,2017,597,4.612939923,5.512783377,9070.199997710208,22305.600007392997,19.9,21
nokia,Others,5.18,no,no,2.0,0.0,0.1,0.02,1200.0,88.2,2017,680,3.602504238,4.256746818,3302.099998787499,6352.199998430218,22.666666666666668,21
nokia,Android,12.78,yes,no,13.0,13.0,128.0,4.0,3090.0,160.0,2017,558,5.126698333,5.801634875,15161.400001709942,29775.600005249282,18.6,21
nokia,Android,12.7,yes,no,8.0,8.0,16.0,4.0,2630.0,140.0,2017,745,4.371597439,4.87504464,7125.299998693633,11788.200002476608,24.833333333333332,21
nokia,Android,12.75,yes,no,13.0,8.0,16.0,4.0,3000.0,160.0,2017,821,4.460606735,4.947695494,7788.60000158312,12676.499995913337,27.366666666666667,21
nokia,Android,12.83,yes,no,16.0,8.0,32.0,4.0,3000.0,169.0,2017,540,4.508769412,5.081155887,8172.900002437676,14486.400001283871,18.0,21
nokia,Others,5.18,no,no,2.0,0.0,0.1,0.02,1000.0,160.0,2017,554,3.772760938,4.098668534,3914.99999962949,5423.40000161533,18.466666666666665,21
nokia,Others,5.18,no,no,0.3,0.0,0.06,0.02,2000.0,81.0,2016,815,2.71866038,3.374511116,1364.399999707711,2628.899998949361,27.166666666666668,21
nokia,Others,5.18,no,no,0.3,0.0,0.06,4.0,2000.0,82.6,2016,1023,2.765060456,3.65790465,1429.2000002587,3490.200000647412,34.1,21
nokia,Others,5.28,no,no,2.0,0.0,0.06,0.02,1200.0,91.8,2015,867,2.934920134,4.219654753,1693.7999997336776,6120.899998852044,28.9,21
nokia,Others,5.28,no,no,2.0,0.0,0.06,0.03,1200.0,91.8,2015,772,3.285412349,4.247637732,2404.8000007973233,6294.600002296084,25.733333333333334,21
nokia,Others,5.18,no,no,2.0,0.0,0.1,0.02,1100.0,79.0,2015,1012,3.199896858,3.73576304,2207.699999403042,3772.799999951759,33.733333333333334,21
nokia,Others,5.18,no,no,2.0,0.0,0.06,0.03,1100.0,79.0,2015,798,3.031099417,3.700808025,1864.799999270337,3643.200000075742,26.6,21
nokia,Others,5.18,no,no,0.3,0.0,16.0,0.02,1100.0,78.4,2015,559,2.587011873,3.378610883,1196.1000003287431,2639.7000000280873,18.633333333333333,21
nokia,Others,5.18,no,no,0.3,0.0,0.06,0.02,1100.0,78.6,2015,682,2.935451343,3.401197382,1694.700000560842,2700.00000091218,22.733333333333334,21
nokia,Windows,10.29,yes,no,5.0,1.6,32.0,4.0,1830.0,136.0,2014,809,3.66586668,4.602967762,3518.10000068651,8980.199996112546,26.966666666666665,21
nokia,Android,18.01,no,no,8.0,5.0,32.0,4.0,5300.0,318.0,2014,893,4.55744945,5.77116071,8580.600001916224,28881.900000400045,29.766666666666666,21
nokia,Windows,10.34,no,no,6.7,5.0,32.0,4.0,2200.0,130.0,2014,601,3.8823882,5.134856817,4368.599998696167,15285.59999396218,20.033333333333335,21
nokia,Windows,10.34,yes,no,6.7,5.0,32.0,4.0,2200.0,134.0,2014,1045,4.118386557,5.396804313,5531.400001646484,19862.999994782167,34.833333333333336,21
nokia,Windows,12.7,yes,no,10.0,0.9,16.0,4.0,2200.0,150.0,2014,679,4.662872896,5.798759266,9534.599998890355,29690.100013084782,22.633333333333333,21
nokia,Windows,10.16,no,no,5.0,1.6,16.0,4.0,1430.0,129.0,2014,1055,3.739572568,4.59764192,3787.1999983735695,8932.500003865096,35.166666666666664,21
nokia,Windows,10.16,no,no,5.0,1.6,16.0,4.0,1430.0,129.0,2014,1062,3.535145354,4.602366259,3086.9999994693626,8974.800003093102,35.4,21
nokia,Android,10.24,no,no,5.0,0.3,16.0,4.0,1800.0,150.0,2014,571,3.883829271,4.485372623,4374.899999749038,7983.900003732508,19.033333333333335,21
nokia,Others,5.28,no,no,2.0,0.0,0.1,0.02,1200.0,99.8,2014,631,3.36729583,3.914021008,2610.0000000353034,4508.999999590497,21.033333333333335,21
nokia,Others,5.28,no,no,2.0,0.0,0.1,0.03,1200.0,100.6,2014,654,3.373826185,3.933197241,2627.10000035197,4596.300001564798,21.8,21
nokia,Windows,12.7,yes,no,20.0,1.2,32.0,4.0,2420.0,167.0,2014,825,4.489647095,5.915339157,8018.100002144419,33361.20000939149,27.5,21
nokia,Windows,10.29,yes,no,5.0,1.6,32.0,4.0,1830.0,134.0,2014,851,3.835573833,4.707094806,4168.799998896354,9965.700002889882,28.366666666666667,21
nokia,Windows,10.29,no,no,5.0,1.6,32.0,4.0,1830.0,134.0,2014,825,4.209902903,4.949114437,6061.500000870593,12694.499994312802,27.5,21
nokia,Windows,10.29,no,no,5.0,1.6,32.0,4.0,1830.0,134.0,2014,573,3.988428337,4.7061913,4857.300001794523,9956.699999533837,19.1,21
nokia,Android,12.7,no,no,5.0,2.0,16.0,4.0,2000.0,190.0,2014,1093,3.696351469,4.612741451,3627.000000171785,9068.399995607178,36.43333333333333,21
nokia,Android,10.16,no,no,3.15,1.6,16.0,4.0,1500.0,128.7,2014,903,3.309082093,4.790819533,2462.4000006048886,10836.000001357523,30.1,21
nokia,Android,10.16,no,no,3.15,1.6,16.0,4.0,1500.0,128.7,2014,645,3.607940512,4.59532185,3320.100001299539,8911.800000594625,21.5,21
nokia,Others,5.28,no,no,1.3,0.0,0.06,0.03,1830.0,89.3,2014,717,3.541828511,4.10313911,3107.699998751012,5447.70000052518,23.9,21
nokia,Others,5.18,no,no,2.0,0.0,0.1,0.02,1830.0,83.6,2014,565,3.072230245,3.71235181,1943.1000009196384,3685.499998897746,18.833333333333332,21
nokia,Windows,12.7,yes,no,20.0,1.2,32.0,4.0,2420.0,167.0,2014,881,4.759092268,5.989237068,10497.599997266969,35919.89999577475,29.366666666666667,21
nokia,Windows,10.16,no,no,5.0,1.25,32.0,4.0,1430.0,124.0,2013,721,3.516904189,4.789489745,3031.199998865949,10821.599995187427,24.033333333333335,21
nokia,Windows,15.24,yes,no,20.0,1.2,16.0,4.0,3400.0,209.0,2013,1052,4.866379938,5.861014118,11686.499998729003,31597.20000872345,35.06666666666667,21
nokia,Windows,15.24,yes,no,5.0,0.3,32.0,4.0,3400.0,220.0,2013,817,4.502915952,5.345344072,8125.200000411667,18866.700000456734,27.233333333333334,21
nokia,Windows,25.43,yes,no,6.7,2.0,32.0,4.0,1200.0,615.0,2013,1067,4.978318693,5.882430626,13070.700004970626,32281.19999729331,35.56666666666667,21
nokia,Others,7.62,no,no,5.0,0.0,0.06,4.0,1200.0,111.4,2013,1001,3.827771453,4.605770006,4136.400000080433,9005.399999459147,33.36666666666667,21
nokia,Others,7.62,no,no,5.0,0.0,0.1,0.03,1200.0,110.2,2013,987,3.881357591,4.517322095,4364.099999488261,8243.09999657997,32.9,21
nokia,Others,7.62,no,no,5.0,0.0,16.0,0.02,1010.0,100.0,2013,1043,3.535728275,4.370586445,3088.8000011744803,7118.100003336069,34.766666666666666,21
nokia,Others,5.28,no,no,2.0,0.0,0.06,0.03,1200.0,101.3,2013,893,3.418382206,4.092509546,2746.799998856627,5390.09999851033,29.766666666666666,21
nokia,Others,5.28,no,no,2.0,0.0,0.06,0.03,1200.0,101.0,2013,782,3.292126287,4.08176578,2421.000000949532,5332.499999918728,26.066666666666666,21
nokia,Others,5.18,no,no,5.0,0.0,0.06,0.03,1200.0,101.1,2013,863,4.391976966,4.943283932,7272.0000034392915,12620.700003299562,28.766666666666666,21
nokia,Windows,10.34,yes,no,5.0,0.3,32.0,4.0,2000.0,159.0,2013,797,4.053001599,5.07072644,5181.300001618025,14336.099995605307,26.566666666666666,21
nokia,Windows,10.29,yes,no,41.0,1.2,32.0,4.0,2000.0,158.0,2013,988,5.105096629,5.989287178,14837.400001705095,35921.69998706191,32.93333333333333,21
nokia,Others,5.18,no,no,1.3,0.0,0.06,0.02,1020.0,89.6,2013,955,4.035478809,4.076010856,5091.29999819226,5301.900002472827,31.833333333333332,21
nokia,Others,5.18,no,no,5.0,0.0,0.1,0.03,1020.0,91.3,2013,1070,4.052654135,4.068513802,5179.499999130406,5262.299999012902,35.666666666666664,21
nokia,Windows,10.29,yes,no,8.0,1.3,16.0,4.0,2000.0,139.0,2013,707,4.565077092,5.557407045,8646.299996354313,23323.50000849638,23.566666666666666,21
nokia,Windows,10.29,yes,no,8.0,1.3,32.0,4.0,2000.0,162.0,2013,816,4.530231099,5.939881737,8350.199997297894,34190.09999553387,27.2,21
nokia,Others,7.62,no,no,3.15,0.0,0.06,0.02,1200.0,98.2,2013,668,3.532517999,4.38252651,3078.900000032287,7203.600002049189,22.266666666666666,21
nokia,Others,5.18,no,no,2.0,0.0,0.1,0.03,1200.0,97.3,2013,713,3.216071898,3.935153423,2243.700001042274,4605.300000842768,23.766666666666666,21
nokia,Windows,10.24,no,no,6.7,1.3,32.0,4.0,2000.0,128.0,2013,781,4.302712828,5.294208939,6651.000000304906,17926.20000890047,26.033333333333335,21
nokia,Windows,10.16,no,no,5.0,1.25,32.0,4.0,1430.0,124.0,2013,1051,3.583518938,4.237289838,3239.9999985222044,6229.799998709195,35.03333333333333,21
nokia,Others,5.18,no,no,3.15,0.0,0.1,0.02,1110.0,102.0,2013,1006,4.167595024,4.23757873,5810.400000222576,6231.599998080615,33.53333333333333,21
nokia,Others,7.62,no,no,2.0,0.0,0.1,0.02,1110.0,103.7,2013,660,3.295095851,4.380024632,2428.200000535152,7185.599999976942,22.0,21
others,Android,20.32,no,no,5.0,5.0,16.0,4.0,5200.0,356.0,2015,694,4.47038086,5.302209781,7865.100002835736,18070.199995240662,23.133333333333333,24
others,Android,20.32,yes,no,5.0,5.0,32.0,4.0,5400.0,390.0,2014,918,5.043425117,5.701145668,13950.00000112651,26928.899999954287,30.6,24
others,Android,20.32,no,no,5.0,5.0,16.0,4.0,5400.0,390.0,2014,720,4.451436086,5.442028024,7717.499999644616,20781.899995545693,24.0,24
oneplus,Android,16.28,yes,no,13.0,16.0,256.0,4.0,3700.0,185.0,2018,489,5.065754593,6.552422291,14264.999995473217,63084.59997729128,16.3,22
oneplus,Android,16.28,yes,no,13.0,16.0,256.0,4.0,3700.0,185.0,2018,496,5.000046093,6.309445439,13357.80000611804,49476.599990944494,16.533333333333335,22
oneplus,Android,15.95,yes,no,13.0,16.0,128.0,4.0,3300.0,177.0,2018,386,5.380404138,6.252635793,19539.900008868266,46744.20002249099,12.866666666666667,22
oneplus,Android,15.27,yes,no,13.0,16.0,128.0,4.0,3300.0,162.0,2017,623,5.19473305,6.214968034,16228.799995269854,45016.200016307586,20.766666666666666,22
oneplus,Android,12.83,yes,no,13.0,16.0,128.0,4.0,3300.0,153.0,2017,875,4.735584225,6.213026849,10253.700002973324,44928.90000422957,29.166666666666668,22
oneplus,Android,12.83,yes,no,16.0,16.0,64.0,4.0,3400.0,158.0,2016,986,4.936701666,6.091287257,12537.900003534016,39779.09998459068,32.86666666666667,22
oneplus,Android,12.7,yes,no,13.0,8.0,16.0,4.0,2525.0,138.0,2015,1050,4.62192897,5.598940343,9152.10000180254,24312.5999967757,35.0,22
oneplus,Android,12.83,yes,no,16.0,8.0,64.0,4.0,3000.0,158.0,2016,996,4.435448911,5.993437599,7595.099998709781,36071.09998702899,33.2,22
oneplus,Android,12.83,yes,no,13.0,5.0,16.0,4.0,3300.0,175.0,2015,913,4.831030045,5.699540155,11280.600002295274,26885.69998929765,30.433333333333334,22
oneplus,Android,12.83,yes,no,13.0,5.0,16.0,4.0,3100.0,162.0,2014,616,4.679163866,5.514436303,9691.200001003834,22342.50000166939,20.533333333333335,22
oppo,Android,15.39,yes,no,8.0,16.0,256.0,4.0,4065.0,210.0,2019,252,5.224509349,6.311172037,16719.29999325689,49562.09998035041,8.4,23
oppo,Android,15.34,yes,no,8.0,16.0,256.0,4.0,3765.0,185.0,2019,366,5.346774142,5.992763703,18893.700003472077,36046.80000578182,12.2,23
oppo,Android,15.29,yes,no,8.0,16.0,64.0,4.0,4230.0,170.0,2019,504,4.615516478,5.294510128,9093.599999615924,17931.599996322537,16.8,23
oppo,Android,16.59,yes,no,8.0,16.0,128.0,4.0,4020.0,188.0,2019,238,5.04613113,5.519178315,13987.800003061984,22448.70000662922,7.933333333333334,23
oppo,Android,16.59,yes,no,8.0,16.0,64.0,4.0,4000.0,190.0,2019,488,4.921876937,5.766193735,12353.399994064337,28738.800006391557,16.266666666666666,23
oppo,Android,15.29,yes,no,13.0,16.0,32.0,4.0,4230.0,168.0,2018,658,4.842374421,5.599273448,11409.300000563213,24320.69999439759,21.933333333333334,23
oppo,Android,15.34,yes,no,13.0,25.0,128.0,4.0,3600.0,156.0,2018,412,4.858648937,5.860558277,11596.499998859203,31582.799991782686,13.733333333333333,23
oppo,Android,16.28,yes,no,13.0,25.0,128.0,4.0,3600.0,156.0,2018,644,5.257859889,5.853523446,17286.300001438896,31361.400000164347,21.466666666666665,23
oppo,Android,15.34,yes,no,13.0,25.0,64.0,4.0,3600.0,156.0,2018,563,4.839767887,5.349390637,11379.59999604653,18943.20000507607,18.766666666666666,23
oppo,Android,15.32,yes,no,13.0,16.0,128.0,4.0,3500.0,169.0,2018,621,4.703838358,5.595194534,9933.300002137714,24221.6999942037,20.7,23
oppo,Android,15.34,yes,no,13.0,25.0,128.0,4.0,3700.0,183.0,2018,598,4.783065294,6.396045932,10752.30000183722,53952.30002621955,19.933333333333334,23
oppo,Android,15.34,yes,no,13.0,25.0,128.0,4.0,3500.0,182.0,2018,452,5.202797165,6.130878603,16360.200005061444,41385.600004525106,15.066666666666666,23
oppo,Android,15.32,yes,no,13.0,25.0,64.0,4.0,3500.0,169.0,2018,424,4.966613742,5.665180237,12918.599999975118,25977.600003266463,14.133333333333333,23
oppo,Android,15.29,yes,no,13.0,8.0,32.0,4.0,4230.0,168.0,2018,373,4.711420306,5.450351522,10008.900001693999,20955.599991543688,12.433333333333334,23
oppo,Android,16.31,yes,no,13.0,16.0,512.0,4.0,3400.0,186.0,2018,623,6.143348374,7.209650859,41904.900006293436,121717.79996975468,20.766666666666666,23
oppo,Android,16.31,yes,no,13.0,16.0,128.0,4.0,3730.0,186.0,2018,496,4.740400135,6.398178875,10303.199997442789,54067.50002073066,16.533333333333335,23
oppo,Android,15.24,yes,no,13.0,8.0,64.0,4.0,3410.0,155.0,2018,507,4.775672166,5.524097439,10673.100000248638,22559.399995863147,16.9,23
oppo,Android,15.29,yes,no,16.0,8.0,128.0,4.0,3400.0,159.0,2018,444,4.649282761,5.795936163,9405.900003702049,29606.400005129446,14.8,23
oppo,Android,15.82,yes,no,16.0,25.0,64.0,4.0,3400.0,158.0,2018,560,5.127113775,5.60719815,15167.69999259924,24514.199996548134,18.666666666666668,23
oppo,Android,15.95,yes,no,13.0,20.0,128.0,4.0,3430.0,180.0,2018,399,5.361902308,6.234449941,19181.699996678748,45901.80001672061,13.3,23
oppo,Android,15.95,yes,no,13.0,20.0,128.0,4.0,3450.0,175.0,2018,702,5.137385412,6.130965586,15324.299993371442,41389.200004737446,23.4,23
oppo,Android,12.88,yes,no,13.0,8.0,64.0,4.0,3180.0,143.0,2018,407,4.561427263,5.018603464,8614.799999653918,13608.00000346415,13.566666666666666,23
oppo,Android,12.75,yes,no,13.0,5.0,16.0,4.0,3000.0,137.0,2018,527,4.174233412,4.869532453,5849.100000548311,11723.399998613639,17.566666666666666,23
oppo,Android,12.88,yes,no,13.0,8.0,64.0,4.0,3180.0,143.0,2018,443,4.525477417,5.294409742,8310.59999934477,17929.800005073783,14.766666666666667,23
oppo,Android,15.24,yes,no,13.0,16.0,32.0,4.0,3200.0,152.0,2017,856,4.935768059,5.63400358,12526.199994780281,25180.19999878418,28.533333333333335,23
oppo,Android,15.24,yes,no,16.0,20.0,64.0,4.0,3200.0,152.0,2017,607,4.915005063,5.76713279,12268.799999006154,28765.799995484835,20.233333333333334,23
oppo,Android,16.33,yes,no,13.0,20.0,64.0,4.0,4000.0,182.0,2017,710,5.016816153,6.363131546,13583.699997672607,52205.399975676286,23.666666666666668,23
oppo,Android,15.27,yes,no,13.0,20.0,64.0,4.0,3200.0,153.0,2017,709,5.010501952,6.110469059,13498.200001710991,40549.5000129334,23.633333333333333,23
oppo,Android,12.75,yes,no,13.0,5.0,16.0,4.0,3000.0,137.0,2017,736,4.523092075,5.195896969,8290.800000393943,16247.700000835666,24.533333333333335,23
oppo,Android,12.83,yes,no,13.0,16.0,64.0,4.0,3200.0,148.0,2017,648,4.677862871,5.639421715,9678.599996307308,25316.999987447554,21.6,23
oppo,Android,15.24,yes,no,13.0,20.0,64.0,4.0,4000.0,188.0,2017,899,4.790736473,6.214608098,10835.100000574963,44999.99998100138,29.966666666666665,23
oppo,Android,12.83,yes,no,13.0,20.0,128.0,4.0,3000.0,150.0,2017,709,5.154331516,5.993861672,15586.199999693652,36086.40001054794,23.633333333333333,23
oppo,Android,12.83,yes,no,13.0,16.0,64.0,4.0,3200.0,153.0,2017,707,5.00354354,5.742073268,13404.599996213205,28053.89998908917,23.566666666666666,23
oppo,Android,12.75,yes,no,13.0,5.0,32.0,4.0,2900.0,147.0,2017,748,4.131319165,5.002401489,5603.399999924566,13389.299997735176,24.933333333333334,23
oppo,Android,12.83,yes,no,13.0,18.0,64.0,4.0,3200.0,153.0,2017,790,4.64294755,5.563408678,9346.49999698929,23463.899988971898,26.333333333333332,23
oppo,Android,15.24,yes,no,16.0,18.0,64.0,4.0,4000.0,185.0,2017,863,4.76319905,6.171554449,10540.799997754793,43103.70000238399,28.766666666666666,23
oppo,Android,12.75,yes,no,13.0,16.0,32.0,4.0,2900.0,147.0,2016,1049,4.562053895,5.290738721,8620.200000737343,17864.09999956258,34.96666666666667,23
oppo,Android,12.83,yes,no,13.0,16.0,64.0,4.0,3075.0,160.0,2016,1022,4.733563401,5.52776103,10233.00000249183,22642.199990700246,34.06666666666667,23
oppo,Android,15.24,yes,no,16.0,16.0,64.0,4.0,4000.0,185.0,2016,1065,5.315125318,6.347634363,18305.099996386496,51402.5999747475,35.5,23
oppo,Android,12.83,yes,no,16.0,16.0,64.0,4.0,3010.0,145.0,2016,1077,5.089754499,6.110402471,14611.500006591901,40546.799992722,35.9,23
oppo,Android,12.7,yes,no,8.0,5.0,16.0,4.0,2630.0,136.0,2016,578,4.375127893,5.391443345,7150.500000123527,19756.800009137114,19.266666666666666,23
oppo,Android,12.83,yes,no,13.0,8.0,32.0,4.0,3075.0,160.0,2016,782,4.514479321,5.675040006,8219.700002436417,26235.000005494992,26.066666666666666,23
oppo,Android,15.24,yes,no,16.0,16.0,64.0,4.0,4120.0,185.0,2016,913,5.356067272,6.307424262,19070.09999830389,49376.70001677854,30.433333333333334,23
oppo,Android,12.83,yes,no,13.0,16.0,64.0,4.0,2850.0,145.0,2016,613,4.826391892,5.858133134,11228.400002923849,31506.29998468398,20.433333333333334,23
oppo,Android,12.7,yes,no,13.0,8.0,16.0,4.0,2500.0,134.0,2016,554,4.754279609,5.440207478,10447.20000443032,20744.100009383517,18.466666666666665,23
oppo,Android,12.83,yes,no,13.0,5.0,16.0,4.0,3075.0,165.0,2015,587,4.500920165,5.304746654,8109.000003127706,18116.099994330736,19.566666666666666,23
oppo,Android,12.7,yes,no,8.0,5.0,16.0,4.0,2400.0,146.0,2015,669,3.989909544,5.474243516,4864.4999995854605,21462.299994567216,22.3,23
oppo,Android,12.7,yes,no,8.0,5.0,16.0,4.0,2420.0,141.0,2015,957,4.235120483,4.919542874,6216.299999372892,12324.600003784679,31.9,23
oppo,Android,12.83,yes,no,13.0,8.0,32.0,4.0,3070.0,155.0,2015,738,4.456206033,5.561143063,7754.400001177635,23410.799999977742,24.6,23
oppo,Android,12.7,yes,no,13.0,8.0,16.0,4.0,2320.0,147.0,2015,909,4.645640119,5.522740099,9371.700004294073,22528.799991875512,30.3,23
oppo,Android,12.75,yes,no,13.0,5.0,32.0,4.0,2000.0,155.0,2015,662,4.139158578,5.299167006,5647.499999932833,18015.300008960552,22.066666666666666,23
oppo,Android,12.7,yes,no,8.0,5.0,16.0,4.0,2420.0,160.0,2015,643,4.056988776,5.389619525,5202.0000016733175,19720.800000890926,21.433333333333334,23
oppo,Android,10.29,no,no,5.0,2.0,16.0,4.0,2000.0,135.0,2015,593,4.066287964,4.867226711,5250.599997691965,11696.400002328757,19.766666666666666,23
oppo,Android,15.24,yes,no,13.0,8.0,32.0,4.0,4100.0,192.0,2015,865,4.569024739,6.060197385,8680.499996946735,38561.400008133634,28.833333333333332,23
oppo,Android,12.7,yes,no,13.0,8.0,16.0,4.0,2320.0,147.0,2015,959,4.917056947,5.887270018,12293.999998319534,32437.79999707653,31.966666666666665,23
oppo,Android,10.29,no,no,8.0,2.0,32.0,4.0,2000.0,135.0,2015,578,3.773450356,4.26112938,3917.70000170731,6380.100000849024,19.266666666666666,23
oppo,Android,10.29,yes,no,8.0,2.0,32.0,4.0,2000.0,135.0,2015,726,4.180369342,5.070600875,5885.100002511849,14334.299996220194,24.2,23
oppo,Android,10.16,no,no,3.15,0.3,16.0,4.0,1700.0,125.0,2015,1076,3.680343123,4.584967479,3569.399999672865,8820.000002905557,35.86666666666667,23
oppo,Android,10.34,yes,no,8.0,5.0,32.0,4.0,2000.0,130.0,2015,562,4.37298589,5.597940362,7135.199999844933,24288.300010505543,18.733333333333334,23
oppo,Android,10.29,yes,no,8.0,5.0,32.0,4.0,2000.0,135.0,2015,1011,4.037597828,5.009301071,5102.099998284611,13481.999998879392,33.7,23
oppo,Android,12.7,yes,no,13.0,5.0,16.0,4.0,2420.0,130.0,2015,883,4.273187855,5.828710296,6457.500002326438,30592.80000591798,29.433333333333334,23
oppo,Android,12.75,yes,no,13.0,5.0,16.0,4.0,2000.0,155.0,2014,777,4.094011173,5.994709277,5398.199998267918,36116.99999014472,25.9,23
oppo,Android,12.83,yes,no,16.0,16.0,32.0,4.0,3000.0,192.0,2014,703,4.877408617,6.310172791,11816.10000063785,49512.59998564808,23.433333333333334,23
oppo,Android,12.7,yes,no,13.0,5.0,16.0,4.0,2410.0,140.0,2014,790,4.630545492,5.677027737,9231.299997052269,26287.199990868325,26.333333333333332,23
oppo,Android,10.29,no,no,5.0,2.0,16.0,4.0,1900.0,128.0,2014,804,4.098004523,4.870453263,5419.799999709566,11734.199994175222,26.8,23
oppo,Android,10.34,no,no,8.0,2.0,16.0,4.0,2000.0,128.0,2014,682,4.468319003,5.476086912,7848.899998124946,21501.900000560585,22.733333333333334,23
oppo,Android,10.34,no,no,5.0,2.0,16.0,4.0,1900.0,145.0,2014,775,4.252344965,5.303951465,6324.299998709169,18101.699997010874,25.833333333333332,23
oppo,Android,10.16,no,no,3.15,0.3,16.0,4.0,1700.0,125.0,2014,1028,3.745496055,4.604269781,3809.7000017797677,8991.90000229359,34.266666666666666,23
oppo,Android,10.29,yes,no,5.0,2.0,16.0,4.0,1900.0,132.5,2014,602,3.999850716,4.938136283,4913.100001013739,12555.899996484142,20.066666666666666,23
oppo,Android,12.7,yes,no,13.0,13.0,16.0,4.0,2140.0,150.0,2014,835,4.522657764,5.79994078,8287.199996572186,29725.20001339929,27.833333333333332,23
oppo,Android,12.7,yes,no,8.0,5.0,32.0,4.0,2410.0,140.0,2014,678,4.69701984,5.598829283,9865.80000376903,24309.899989354246,22.6,23
oppo,Android,12.83,yes,no,13.0,5.0,32.0,4.0,3000.0,171.0,2014,607,4.905200702,6.083222972,12149.100004607722,39459.599986286885,20.233333333333334,23
oppo,Android,12.83,yes,no,13.0,5.0,16.0,4.0,2800.0,170.0,2014,594,4.704472387,5.911203066,9939.599999384205,33223.50001643982,19.8,23
oppo,Android,10.29,no,no,5.0,2.0,16.0,4.0,1900.0,130.0,2014,992,3.536602019,5.082335608,3091.50000102527,14503.499996208107,33.06666666666667,23
oppo,Android,12.7,no,no,8.0,5.0,16.0,4.0,2410.0,140.0,2013,691,4.357862008,5.704382295,7028.100002287057,27016.200007343854,23.033333333333335,23
oppo,Android,12.93,no,no,13.0,13.0,16.0,4.0,3610.0,213.0,2013,621,4.844738116,6.065272474,11436.300003242846,38757.5999902059,20.7,23
oppo,Android,10.34,no,no,8.0,1.9,16.0,4.0,2000.0,110.0,2013,860,4.466367783,5.525532617,7833.599999156849,22591.799994751913,28.666666666666668,23
oppo,Android,10.16,no,no,3.15,0.3,16.0,4.0,1700.0,140.75,2013,877,4.165113633,5.676034365,5795.999999360654,26261.099988091217,29.233333333333334,23
oppo,Android,10.24,no,no,5.0,2.0,16.0,4.0,1700.0,141.5,2013,572,3.704014342,4.598749618,3654.900001103025,8942.39999834415,19.066666666666666,23
others,Android,7.7,yes,no,12.0,8.0,32.0,4.0,800.0,165.0,2018,395,4.881513214,5.701446415,11864.70000273032,26937.00000380747,13.166666666666666,24
panasonic,Android,15.72,yes,no,8.0,8.0,64.0,4.0,4000.0,169.0,2018,487,4.268997904,5.293706754,6430.499997582926,17917.20000017283,16.233333333333334,25
panasonic,Android,15.7,yes,no,8.0,16.0,128.0,4.0,3000.0,195.0,2018,717,4.873057631,5.856217398,11764.799998685956,31446.000009435178,23.9,25
panasonic,Android,12.7,yes,no,13.0,5.0,32.0,4.0,2500.0,143.0,2017,755,4.076519977,4.596028528,5304.5999983579695,8918.099999368525,25.166666666666668,25
panasonic,Android,12.83,yes,no,13.0,5.0,64.0,4.0,3000.0,154.85,2017,643,4.622420539,5.298217362,9156.599996386634,17998.200008140524,21.433333333333334,25
panasonic,Android,12.7,yes,no,13.0,5.0,32.0,4.0,4000.0,163.0,2017,705,4.45225208,4.699479865,7723.8000033723765,9890.099995462097,23.5,25
panasonic,Android,12.83,yes,no,13.0,13.0,32.0,4.0,5000.0,182.0,2017,734,4.464527856,4.871986066,7819.199998548559,11752.2000028383,24.466666666666665,25
panasonic,Android,12.7,yes,no,8.0,5.0,16.0,4.0,2210.0,144.0,2017,710,4.211831258,4.593198814,6073.200001956983,8892.899998160312,23.666666666666668,25
panasonic,Android,12.7,yes,no,8.0,2.0,16.0,4.0,4000.0,146.7,2017,601,3.871201011,4.492561242,4320.000000397911,8041.500003172877,20.033333333333335,25
panasonic,Android,12.7,yes,no,13.0,5.0,16.0,4.0,4000.0,169.0,2017,814,4.429267981,4.703747749,7548.300000027774,9932.399996532742,27.133333333333333,25
panasonic,Android,12.83,yes,no,13.0,5.0,32.0,4.0,3000.0,163.0,2016,924,4.487961985,5.015291106,8004.599999339218,13563.000004985088,30.8,25
panasonic,Android,12.83,yes,no,13.0,5.0,32.0,4.0,4000.0,193.0,2017,713,4.500476115,4.849527134,8105.400001025934,11491.200003430135,23.766666666666666,25
panasonic,Android,12.75,yes,no,16.0,8.0,32.0,4.0,3000.0,165.0,2017,622,4.282206299,5.132262782,6515.999997447875,15245.99999667707,20.733333333333334,25
panasonic,Android,12.83,yes,no,13.0,5.0,16.0,4.0,3000.0,145.0,2017,866,4.54584472,5.073610093,8481.600000820368,14377.499996295723,28.866666666666667,25
panasonic,Android,12.7,yes,no,13.0,5.0,16.0,4.0,2200.0,133.0,2017,781,4.347564581,4.851717715,6956.09999917376,11516.399999063522,26.033333333333335,25
panasonic,Android,12.78,yes,no,13.0,5.0,16.0,4.0,2600.0,156.0,2016,915,4.237000863,5.077982368,6228.000002344068,14440.500006413517,30.5,25
panasonic,Android,12.83,yes,no,13.0,5.0,16.0,4.0,2500.0,155.0,2016,924,4.35504077,4.617098757,7008.300002881147,9108.00000133555,30.8,25
panasonic,Android,12.7,yes,no,8.0,2.0,32.0,4.0,2000.0,126.0,2016,966,3.87245023,4.585579536,4325.399998666381,8825.399998031166,32.2,25
panasonic,Android,12.7,yes,no,8.0,5.0,16.0,4.0,2800.0,138.0,2016,836,4.357221516,5.000180836,7023.600001721411,13359.599997429657,27.866666666666667,25
panasonic,Android,12.7,yes,no,8.0,5.0,32.0,4.0,2450.0,147.0,2016,835,4.005877581,5.303056121,4942.800000495416,18085.500001895176,27.833333333333332,25
panasonic,Android,12.83,yes,no,16.0,5.0,32.0,4.0,3000.0,142.0,2016,708,4.538602942,5.142481935,8420.400002391574,15402.600000155433,23.6,25
panasonic,Android,12.7,yes,no,8.0,5.0,16.0,4.0,4000.0,167.5,2016,800,4.241902127,5.002132582,6258.6000026303955,13385.700005293953,26.666666666666668,25
panasonic,Android,12.83,yes,no,13.0,5.0,16.0,4.0,2700.0,151.0,2016,569,4.094844437,5.004013418,5402.699998575028,13410.90000285158,18.966666666666665,25
panasonic,Android,12.7,yes,no,8.0,5.0,16.0,4.0,2000.0,151.0,2016,588,4.006605648,4.872598529,4946.400000424926,11759.399995148024,19.6,25
panasonic,Android,12.7,no,no,8.0,5.0,16.0,4.0,3200.0,155.0,2016,843,3.848230872,4.698296164,4221.899998563005,9878.400000221525,28.1,25
panasonic,Android,12.7,yes,no,13.0,5.0,32.0,4.0,2350.0,145.0,2016,796,4.309993432,4.937921222,6699.600001513772,12553.200002417112,26.533333333333335,25
panasonic,Android,10.29,no,no,5.0,2.0,32.0,4.0,1600.0,151.0,2016,1039,3.698334613,4.270955399,3634.2000004190545,6443.099997370612,34.63333333333333,25
panasonic,Android,12.83,yes,no,13.0,5.0,16.0,4.0,2500.0,145.0,2015,976,4.449802099,5.299816243,7704.900001892369,18027.00000591696,32.53333333333333,25
panasonic,Android,12.83,yes,no,13.0,8.0,32.0,4.0,2910.0,141.0,2015,564,4.421487704,5.591658397,7489.800003334491,24136.20000358432,18.8,25
panasonic,Android,12.83,yes,no,8.0,2.0,32.0,4.0,2500.0,158.0,2015,881,4.02123609,4.943426544,5019.299997984942,12622.499994915588,29.366666666666667,25
panasonic,Android,12.7,yes,no,8.0,2.0,32.0,4.0,2000.0,135.0,2015,887,4.162937354,4.775672166,5783.400001806086,10673.100000248638,29.566666666666666,25
panasonic,Android,10.29,yes,no,5.0,0.3,32.0,4.0,1800.0,138.0,2015,938,3.489513463,4.61254294,2949.300000853165,9066.599997121313,31.266666666666666,25
panasonic,Android,12.83,yes,no,13.0,8.0,16.0,4.0,3500.0,147.0,2015,985,4.583640067,5.081280134,8808.29999614436,14488.200004845032,32.833333333333336,25
panasonic,Android,12.7,yes,no,8.0,5.0,32.0,4.0,2000.0,110.0,2015,836,4.445353485,5.249337184,7670.700003572964,17139.599994407035,27.866666666666667,25
panasonic,Android,10.34,no,no,8.0,5.0,32.0,4.0,1980.0,135.0,2015,567,4.188745238,4.874662829,5934.60000211518,11783.699997175896,18.9,25
panasonic,Android,12.7,yes,no,13.0,5.0,16.0,4.0,2500.0,131.0,2015,968,4.462915138,5.402497185,7806.599996820993,19976.399990856786,32.266666666666666,25
panasonic,Android,12.7,no,no,8.0,5.0,32.0,4.0,2100.0,135.0,2014,978,4.383275854,5.015490157,7208.999999464273,13565.700002408761,32.6,25
panasonic,Android,15.24,no,no,8.0,2.0,16.0,4.0,2800.0,173.8,2014,684,4.000583182,5.245074805,4916.699997995822,17066.699997400447,22.8,25
panasonic,Android,10.16,no,no,5.0,2.0,32.0,4.0,1500.0,117.0,2014,787,3.478775516,4.487624622,2917.7999991026886,8001.899998935368,26.233333333333334,25
panasonic,Android,12.83,no,no,8.0,2.0,16.0,4.0,2500.0,148.0,2014,941,3.859044081,4.789323398,4267.800001548104,10819.800004208726,31.366666666666667,25
panasonic,Android,12.7,no,no,8.0,2.0,32.0,4.0,2000.0,155.0,2014,758,4.263102323,4.934186122,6392.699999937872,12506.40000083981,25.266666666666666,25
panasonic,Android,10.34,yes,no,20.1,1.1,16.0,4.0,2600.0,204.0,2014,1043,4.294424174,6.719689254,6596.100000410552,74570.39997907383,34.766666666666666,25
panasonic,Android,12.7,no,no,8.0,1.3,16.0,4.0,2000.0,115.0,2014,635,3.953548752,4.783651043,4690.799998796133,10758.59999573843,21.166666666666668,25
panasonic,Android,12.7,no,no,13.0,2.0,16.0,4.0,2500.0,141.0,2014,1089,4.678606504,5.473194616,9685.799999406518,21439.79999029302,36.3,25
panasonic,Android,12.83,no,no,13.0,2.0,32.0,4.0,2500.0,141.0,2014,996,4.583333491,5.387700928,8805.599996663412,19683.000006244984,33.2,25
panasonic,Android,10.16,no,no,3.15,0.3,16.0,4.0,1300.0,120.0,2013,707,3.437207819,4.25561271,2798.999999481658,6345.0000011533775,23.566666666666666,25
panasonic,Android,12.7,no,no,8.0,1.3,16.0,4.0,2500.0,135.0,2013,967,3.788951008,6.085683222,3978.9000006439783,39556.79998627523,32.233333333333334,25
panasonic,Android,12.7,no,no,8.0,2.0,32.0,4.0,2000.0,133.0,2014,1014,4.330996464,5.133973243,6841.800003002848,15272.10000023313,33.8,25
others,Others,7.62,no,no,3.15,0.3,256.0,0.25,1030.0,102.0,2013,997,4.309321524,5.074986298,6695.099998639218,14397.300004988598,33.233333333333334,24
others,Android,10.36,yes,no,12.6,2.0,16.0,4.0,2100.0,135.0,2013,731,4.028916757,5.908218799,5058.000000507594,33124.50001640607,24.366666666666667,24
others,Android,10.16,no,no,5.0,2.0,16.0,4.0,1400.0,125.0,2014,844,3.467921014,4.868994922,2886.300000851275,11717.10000106267,28.133333333333333,24
others,Android,12.7,no,no,5.0,0.3,1024.0,4.0,2200.0,170.0,2013,584,4.07090533,5.135798437,5274.899997424069,15299.999999230995,19.466666666666665,24
others,Android,12.7,no,no,13.0,0.3,16.0,4.0,3300.0,200.0,2013,1018,4.695102293,5.828798548,9846.89999518783,30595.500000842334,33.93333333333333,24
others,Android,10.29,no,no,8.0,0.3,16.0,4.0,2400.0,154.0,2013,1068,4.393584584,5.395171808,7283.7000035864185,19830.600001746698,35.6,24
others,Windows,12.7,no,no,8.0,2.0,32.0,4.0,2000.0,150.0,2014,968,4.383275854,5.123011145,7208.999999464273,15105.600005317372,32.266666666666666,24
others,Windows,10.16,no,no,8.0,0.3,16.0,4.0,2000.0,150.0,2014,913,3.873490056,4.520809837,4329.900001249773,8271.899996939246,30.433333333333334,24
others,Android,10.16,no,no,3.15,0.3,16.0,4.0,1500.0,120.0,2013,557,3.513334882,4.496470769,3020.4000012111646,8072.999999477271,18.566666666666666,24
others,Android,10.24,no,no,8.0,1.2,16.0,4.0,2000.0,140.0,2013,847,4.05161102,5.340274716,5174.100001887515,18771.299994208228,28.233333333333334,24
others,Android,10.16,no,no,8.0,0.3,16.0,4.0,1700.0,132.0,2013,588,3.733135545,4.78840799,3762.899998613471,10809.90000468718,19.6,24
others,Android,12.78,no,no,8.0,1.2,16.0,4.0,2100.0,140.0,2013,744,4.044103346,5.185876287,5135.400001102294,16085.699996746072,24.8,24
others,Android,12.7,no,no,8.0,2.0,16.0,4.0,2000.0,130.0,2013,903,4.337160013,5.298667305,6884.099997702262,18006.299994376197,30.1,24
others,Android,12.7,no,no,5.0,0.3,16.0,4.0,2200.0,199.0,2013,783,4.099332104,5.01422883,5427.000001448251,13548.600005332926,26.1,24
others,Android,10.29,no,no,8.0,0.3,16.0,4.0,1800.0,134.0,2013,1010,4.080414657,4.776430795,5325.3000016582855,10681.199995485895,33.666666666666664,24
others,Android,10.29,no,no,8.0,0.3,16.0,4.0,1850.0,158.0,2013,703,3.892024359,4.794550107,4410.90000034645,10876.49999837405,23.433333333333334,24
others,Android,10.24,no,no,8.0,0.3,16.0,4.0,1500.0,133.0,2013,712,3.925531355,4.78857449,4561.199997934058,10811.70000288366,23.733333333333334,24
others,Android,10.24,no,no,5.0,0.3,16.0,4.0,1500.0,190.0,2013,786,3.93808054,4.703657133,4618.8000011665445,9931.500002952185,26.2,24
others,Android,10.16,no,no,8.0,0.3,16.0,4.0,2500.0,134.0,2013,1052,3.922369297,4.790819533,4546.799997807122,10836.000001357523,35.06666666666667,24
others,Android,10.16,no,no,8.0,0.3,16.0,4.0,1500.0,124.0,2013,919,3.890390705,4.610257225,4403.699998674346,9045.89999966848,30.633333333333333,24
others,Android,10.16,no,no,5.0,0.3,16.0,4.0,1500.0,180.0,2013,706,3.65351131,4.61630793,3474.899999040423,9100.799996372898,23.533333333333335,24
others,Android,7.75,no,no,3.15,0.3,16.0,4.0,2000.0,130.0,2013,686,3.441058915,4.392719264,2809.799999754744,7277.399998452645,22.866666666666667,24
others,Android,25.43,no,no,2.0,0.3,32.0,4.0,7000.0,612.0,2013,1049,4.646599996,5.395852342,9380.700002333628,19844.099992368592,34.96666666666667,24
others,Android,23.04,no,no,2.0,2.0,32.0,4.0,8000.0,621.0,2013,1051,4.783483721,5.294510128,10756.799995863928,17931.599996322537,35.03333333333333,24
others,Android,19.94,no,no,2.0,0.3,32.0,4.0,4700.0,406.0,2013,1025,4.439587745,4.943711709,7626.59999848678,12626.100003400443,34.166666666666664,24
others,Android,20.32,no,no,5.0,0.3,16.0,4.0,6000.0,450.0,2013,913,4.748837536,5.478302864,10390.500002072858,21549.600009817055,30.433333333333334,24
others,Android,20.32,no,no,5.0,2.0,16.0,4.0,5300.0,450.0,2013,1005,4.840953518,5.291040958,11393.100004001977,17869.500007554143,33.5,24
others,Android,25.43,no,no,2.0,2.0,16.0,4.0,6400.0,680.0,2013,832,4.953712147,5.437905381,12753.000003868818,20696.400005068754,27.733333333333334,24
others,Android,25.43,no,no,2.0,2.0,16.0,4.0,6400.0,660.0,2013,927,4.940856399,5.242223092,12590.099993851765,17018.099996713318,30.9,24
others,Android,17.78,no,no,2.0,0.3,32.0,4.0,4000.0,305.0,2013,657,4.244056835,4.876265455,6272.099997174875,11802.600001941846,21.9,24
others,Android,17.78,no,no,2.0,0.3,16.0,4.0,3200.0,305.0,2013,783,4.216709677,4.700116663,6102.900001856802,9896.399997060325,26.1,24
others,Android,20.32,no,no,0.3,0.3,32.0,4.0,4700.0,490.0,2013,1039,4.365261888,5.298567335,7080.299997584548,18004.499994540252,34.63333333333333,24
others,Android,17.78,no,no,0.3,0.3,16.0,4.0,3200.0,305.0,2013,972,3.947003974,4.259576475,4660.19999849293,6370.200000526707,32.4,24
others,Android,17.78,no,no,0.3,0.3,32.0,4.0,3200.0,305.0,2013,884,4.02820476,4.24247717,5054.400001427589,6262.200001729645,29.466666666666665,24
others,Android,17.78,no,no,0.3,0.3,16.0,4.0,3000.0,326.0,2013,626,4.176231722,4.865532448,5860.800001791735,11676.600002511525,20.866666666666667,24
others,Android,15.24,yes,no,24.0,8.0,64.0,4.0,3500.0,210.0,2015,561,4.644102396,5.99436035,9357.300000094707,36104.39999205676,18.7,24
others,Android,10.36,no,no,8.0,8.0,32.0,4.0,2500.0,154.0,2015,652,4.033886593,4.856862321,5083.199999059676,11575.800003394988,21.733333333333334,24
others,Android,10.36,yes,no,8.0,5.0,16.0,4.0,2000.0,97.0,2015,1085,3.988613608,5.434289528,4858.200001992549,20621.69999853068,36.166666666666664,24
others,Android,10.29,no,no,5.0,2.0,32.0,4.0,2500.0,138.0,2015,890,4.057853454,4.60386934,5206.5000018759765,8988.299997707596,29.666666666666668,24
others,Android,12.7,no,no,5.0,5.0,32.0,4.0,2000.0,152.0,2015,827,3.94022166,4.612939923,4628.700000986725,9070.199997710208,27.566666666666666,24
others,Others,5.18,no,no,0.3,2.0,32.0,0.25,2500.0,154.0,2015,706,2.93385687,3.008154794,1692.0000002776512,1822.5000008154814,23.533333333333335,24
others,Android,10.16,no,no,0.3,0.3,16.0,4.0,2500.0,154.0,2015,641,3.159550359,3.888549649,2120.400000459308,4395.599998934051,21.366666666666667,24
others,Android,10.16,no,no,2.0,0.3,16.0,4.0,2500.0,154.0,2015,737,3.504956616,4.078892458,2995.20000014075,5317.200001790946,24.566666666666666,24
others,Android,12.7,yes,no,13.0,5.0,16.0,4.0,2500.0,154.0,2015,813,4.259293869,5.306731865,6368.399998143075,18152.099997294335,27.1,24
others,Android,19.94,no,no,5.0,2.0,32.0,4.0,2500.0,154.0,2015,761,3.941775964,4.79015486,4635.9000019586965,10828.799997817678,25.366666666666667,24
others,Others,5.28,no,no,2.0,0.3,128.0,0.25,2500.0,154.0,2015,746,3.612808017,3.673258073,3336.2999994573806,3544.1999992522465,24.866666666666667,24
others,Android,10.34,no,no,8.0,2.0,32.0,4.0,2500.0,151.0,2015,1087,3.708927149,4.600358629,3672.899998465777,8956.800000081777,36.233333333333334,24
others,Android,12.7,no,no,5.0,2.0,32.0,4.0,2500.0,150.0,2015,767,3.632309103,5.098279804,3402.0000012739056,14736.600000761846,25.566666666666666,24
others,Android,12.83,yes,no,13.0,5.0,16.0,4.0,2820.0,154.0,2015,699,4.200804473,5.200373722,6006.599998058498,16320.59999644358,23.3,24
others,Android,10.29,no,no,5.0,2.0,32.0,4.0,2500.0,154.0,2015,570,3.598133841,4.685459017,3287.700000633898,9752.399997884762,19.0,24
others,Android,12.7,yes,no,8.0,5.0,32.0,4.0,2500.0,154.0,2015,1082,3.99654796,5.072294674,4896.899997562157,14358.599993065036,36.06666666666667,24
others,Android,12.7,no,no,8.0,2.0,32.0,4.0,2500.0,180.0,2015,816,4.097672352,5.079663721,5417.999998294547,14464.800007135793,27.2,24
others,Windows,10.16,no,no,5.0,0.3,16.0,4.0,2500.0,154.0,2015,930,3.740285242,4.089666973,3789.899999341178,5374.800001768364,31.0,24
others,Android,12.7,yes,no,13.0,5.0,16.0,4.0,2400.0,120.0,2015,658,4.343025897,5.142481935,6924.5999977554,15402.600000155433,21.933333333333334,24
others,Android,12.7,no,no,13.0,5.0,16.0,4.0,2500.0,158.0,2015,903,4.434381865,5.401595716,7586.999999940745,19958.399999969297,30.1,24
others,Android,10.16,no,no,5.0,0.3,32.0,4.0,2500.0,154.0,2015,575,3.661251287,4.499920775,3501.9000000123883,8100.899997820905,19.166666666666668,24
others,Android,10.36,no,no,8.0,5.0,16.0,4.0,2050.0,97.7,2015,962,4.45423101,5.34848753,7739.0999967278685,18926.099991282397,32.06666666666667,24
others,Android,12.7,no,no,8.0,2.0,32.0,4.0,2500.0,154.0,2015,995,4.013134507,4.786074072,4978.800001012901,10784.700003295531,33.166666666666664,24
others,Android,10.34,yes,no,8.0,5.0,16.0,4.0,2500.0,119.0,2015,724,3.787819402,5.016484819,3974.400000123842,13579.200001559611,24.133333333333333,24
others,Android,10.34,yes,no,5.0,2.0,32.0,4.0,2500.0,154.0,2015,1023,4.017103482,4.799914263,4998.600000606561,10935.000002399102,34.1,24
others,Android,12.7,no,no,8.0,2.0,16.0,4.0,2500.0,154.0,2015,601,3.809547214,5.016816153,4061.7000006543003,13583.699997672607,20.033333333333335,24
others,Android,12.7,no,no,8.0,2.0,32.0,4.0,2500.0,154.0,2015,766,4.030339232,5.003409249,5065.199998753008,13402.799999939467,25.533333333333335,24
others,Android,12.7,no,no,13.0,5.0,16.0,4.0,2500.0,154.0,2015,1007,4.327966358,5.079850363,6821.100001200941,14467.499998296764,33.56666666666667,24
others,Android,10.16,no,no,5.0,0.3,16.0,4.0,2500.0,154.0,2015,1009,3.897112393,4.493344371,4433.40000136375,8047.800001562606,33.63333333333333,24
others,Android,10.16,no,no,5.0,0.3,16.0,4.0,2500.0,154.0,2015,1052,3.684118137,4.40366581,3582.899999956196,7357.500001638051,35.06666666666667,24
others,Android,12.7,no,no,5.0,0.3,32.0,4.0,2500.0,154.0,2015,667,3.891820298,4.388008706,4409.999999512136,7243.199997454528,22.233333333333334,24
others,Android,10.34,no,no,8.0,2.0,32.0,4.0,2500.0,154.0,2015,579,4.26394668,4.79628629,6398.100000374982,10895.399994949537,19.3,24
others,Android,10.29,no,no,8.0,2.0,32.0,4.0,2100.0,150.0,2014,616,3.784644076,4.700298531,3961.7999996104936,9898.19999921142,20.533333333333335,24
others,Android,10.29,no,no,5.0,0.3,32.0,4.0,2100.0,150.0,2014,661,3.656097965,4.604870141,3483.900001429943,8997.300000188141,22.033333333333335,24
others,Android,10.16,no,no,3.15,0.3,16.0,4.0,2100.0,150.0,2014,1043,3.456947397,4.10148567,2854.8000006661755,5438.699997968823,34.766666666666666,24
others,Android,10.29,no,no,8.0,2.0,32.0,4.0,2100.0,150.0,2014,708,3.909820582,4.499476281,4490.1000005704855,8097.299996526034,23.6,24
others,Android,10.34,no,no,8.0,2.0,32.0,4.0,2100.0,150.0,2014,1026,3.929666441,4.620846665,4580.100001828646,9142.199996589057,34.2,24
others,Others,5.18,no,no,0.3,2.0,64.0,0.25,2100.0,150.0,2014,617,2.033397603,2.937043277,687.5999998773121,1697.3999996515042,20.566666666666666,24
others,Android,10.29,no,no,5.0,2.0,32.0,4.0,2100.0,150.0,2014,839,4.034063631,4.793225275,5084.099998285793,10862.10000402108,27.966666666666665,24
others,Android,12.7,no,no,8.0,2.0,32.0,4.0,2100.0,150.0,2014,606,4.110545942,4.78256295,5488.200002414211,10746.900004886687,20.2,24
others,Android,10.34,no,no,8.0,2.0,16.0,4.0,2100.0,150.0,2014,1009,3.838161157,4.708268144,4179.600000711825,9977.400000083224,33.63333333333333,24
others,Others,5.18,no,no,0.3,2.0,32.0,0.25,2100.0,150.0,2014,789,2.323367632,2.901421594,918.899999837746,1637.999999864456,26.3,24
others,Android,10.08,no,no,3.15,0.3,512.0,0.25,2100.0,150.0,2014,818,3.100542638,4.115616697,1998.9000001872244,5516.099997254966,27.266666666666666,24
others,Android,12.7,no,no,8.0,2.0,32.0,4.0,2100.0,150.0,2014,665,4.210793375,4.784905067,6066.900000816922,10772.100001235789,22.166666666666668,24
others,Others,7.67,no,no,0.3,2.0,128.0,0.25,2100.0,150.0,2014,555,2.396985768,3.359333178,989.0999995889991,2589.300001130342,18.5,24
others,Android,10.16,no,no,5.0,0.3,16.0,4.0,2100.0,150.0,2014,1008,3.774139298,4.50777784,3920.3999997461165,8164.800000167854,33.6,24
others,Android,12.83,no,no,16.0,8.0,16.0,4.0,2500.0,150.0,2014,706,4.247065649,5.735959206,6290.999998491639,27882.89999020134,23.533333333333335,24
others,Android,12.7,no,no,13.0,5.0,16.0,4.0,2100.0,150.0,2014,823,4.176385273,5.076922286,5861.700002589055,14425.200003347461,27.433333333333334,24
others,Android,12.7,no,no,13.0,5.0,16.0,4.0,2300.0,133.0,2014,953,4.021415382,5.304448532,5020.199998999257,18110.699991338075,31.766666666666666,24
others,Android,20.32,no,no,5.0,2.0,16.0,4.0,2100.0,150.0,2014,683,4.196901151,5.068338004,5983.2000027092345,14301.899996788581,22.766666666666666,24
others,Android,10.16,no,no,5.0,0.3,16.0,4.0,2100.0,150.0,2014,569,3.75490125,4.372733588,3845.700001323177,7133.400001695689,18.966666666666665,24
others,Others,5.23,no,no,2.0,2.0,64.0,0.25,2100.0,150.0,2014,884,3.216873822,3.403860499,2245.499999556452,2707.1999997789862,29.466666666666665,24
others,Android,7.75,no,no,2.0,0.3,512.0,0.25,2100.0,150.0,2014,848,3.131136911,4.103799721,2061.00000090644,5451.300000038943,28.266666666666666,24
others,Android,12.7,no,no,8.0,2.0,16.0,4.0,2100.0,167.0,2014,855,4.044103346,4.862135286,5135.400001102294,11637.000002585604,28.5,24
others,Android,10.29,no,no,5.0,2.0,32.0,4.0,2100.0,88.2,2014,988,3.649098584,4.780886644,3459.5999996468026,10728.900002897763,32.93333333333333,24
others,Android,10.29,no,no,3.15,0.3,16.0,4.0,2100.0,150.0,2014,876,3.344274234,4.391605609,2550.599999330379,7269.299996698248,29.2,24
others,Android,10.29,no,no,5.0,0.3,16.0,4.0,2100.0,150.0,2014,981,3.63072054,4.394202211,3396.6000002024234,7288.200002886015,32.7,24
others,Android,10.34,no,no,5.0,2.0,16.0,4.0,2100.0,150.0,2014,924,3.864721732,4.399375273,4292.0999986688785,7325.9999999377715,30.8,24
others,Android,10.29,no,no,8.0,2.0,16.0,4.0,2100.0,150.0,2014,1014,3.696103299,4.939497266,3626.0999992629727,12572.999996694356,33.8,24
others,Android,12.88,no,no,12.0,5.0,16.0,4.0,2100.0,220.0,2014,768,4.17776617,5.178519803,5869.799997879985,15967.79999852393,25.6,24
others,Android,12.7,no,no,13.0,5.0,32.0,4.0,2000.0,154.5,2013,834,4.326513925,5.300913992,6811.200001746239,18046.79999286605,27.8,24
others,Android,10.36,no,no,8.0,5.0,16.0,4.0,2000.0,135.0,2013,681,4.511957804,5.350720045,8198.99999781978,18968.399993530165,22.7,24
others,Android,12.7,no,no,5.0,0.3,16.0,4.0,2000.0,154.5,2013,1041,4.043577445,5.000786958,5132.699999135411,13367.699999446024,34.7,24
others,Android,11.81,no,no,8.0,1.0,16.0,4.0,2000.0,154.5,2013,655,4.067487108,4.788241462,5256.899999725495,10808.10000353866,21.833333333333332,24
others,Android,10.29,no,no,5.0,0.3,16.0,4.0,2000.0,154.5,2013,976,3.726897521,4.86968598,3739.4999988727013,11725.199995215733,32.53333333333333,24
others,Android,14.53,yes,no,12.0,8.0,64.0,4.0,4000.0,220.0,2018,630,5.320078858,6.74563627,18395.999993937603,76530.60003782994,21.0,24
others,Android,12.88,yes,no,13.0,8.0,64.0,4.0,4000.0,197.0,2017,565,4.349503443,6.619459685,6969.600000220783,67458.59999789589,18.833333333333332,24
realme,Android,15.32,yes,no,13.0,25.0,64.0,4.0,3500.0,168.0,2018,422,4.836678654,4.868149646,11344.500004152895,11707.200002347286,14.066666666666666,26
realme,Android,15.32,yes,no,13.0,16.0,128.0,4.0,3500.0,174.0,2018,574,4.998225274,5.3499606,13333.49999973901,18954.00000568857,19.133333333333333,26
realme,Android,15.29,yes,no,13.0,5.0,16.0,4.0,4230.0,168.0,2018,416,4.335066046,4.587209861,6869.700001302636,8839.80000343781,13.866666666666667,26
realme,Android,15.29,yes,no,13.0,8.0,64.0,4.0,4230.0,168.0,2018,562,4.614328124,4.795046467,9082.800002063095,10881.899997974273,18.733333333333334,26
realme,Android,15.24,yes,no,13.0,8.0,128.0,4.0,3410.0,155.0,2018,674,4.668802046,4.864684239,9591.29999776652,11666.700004527243,22.466666666666665,26
samsung,Android,15.34,yes,no,12.0,9.0,1024.0,4.0,4100.0,175.0,2019,291,5.569717606,6.957268991,23612.399989952108,94568.40001403418,9.7,27
samsung,Android,15.27,yes,no,12.0,10.0,128.0,4.0,3400.0,157.0,2019,525,5.55597828,6.64548101,23290.200002612997,69236.99996781249,17.5,27
samsung,Android,12.9,yes,no,12.0,10.0,256.0,4.0,3100.0,150.0,2019,505,4.73523307,6.519574925,10250.099997065805,61046.09999364156,16.833333333333332,27
samsung,Android,17.86,yes,no,12.0,9.0,512.0,4.0,4380.0,263.0,2019,428,5.978657891,7.468045125,35541.90000573882,157606.199936426,14.266666666666667,27
samsung,Android,12.7,yes,no,5.0,5.0,32.0,4.0,2600.0,169.0,2019,526,3.891412052,4.221564412,4408.200002098208,6132.5999985722065,17.533333333333335,27
samsung,Android,15.34,yes,no,12.0,16.0,128.0,4.0,5000.0,174.0,2019,363,4.597541159,5.516287559,8931.600001575536,22383.899998024648,12.1,27
samsung,Android,15.32,yes,no,12.0,8.0,64.0,4.0,5000.0,186.0,2019,302,4.587617027,5.394036554,8843.400002294846,19808.100007792895,10.066666666666666,27
samsung,Android,15.8,yes,no,12.0,5.0,32.0,4.0,3400.0,163.0,2019,190,4.236278058,4.594614672,6223.499999310639,8905.499999567415,6.333333333333333,27
samsung,Android,15.42,yes,no,12.0,9.0,128.0,4.0,3700.0,169.0,2019,291,5.100597868,6.478140911,14770.800006292582,58568.40002102781,9.7,27
samsung,Android,15.42,yes,no,12.0,32.0,128.0,4.0,4500.0,183.0,2019,298,5.242910359,6.038348133,17029.799995294692,37727.99999974224,9.933333333333334,27
samsung,Android,15.32,yes,no,12.0,32.0,128.0,4.0,3500.0,169.0,2019,339,4.865378281,5.596494176,11674.799994873392,24253.199997757576,11.3,27
samsung,Android,15.34,yes,no,12.0,25.0,128.0,4.0,4000.0,166.0,2019,377,4.824626949,5.858532975,11208.59999501995,31518.90001401246,12.566666666666666,27
samsung,Android,12.93,yes,no,12.0,25.0,64.0,4.0,3100.0,140.0,2019,355,4.884996482,5.512702676,11906.099994353071,22303.79999579915,11.833333333333334,27
samsung,Android,15.34,yes,no,12.0,16.0,64.0,4.0,4000.0,165.0,2019,356,4.68527443,5.520180098,9750.59999775977,22471.20000084213,11.866666666666667,27
samsung,Android,15.34,yes,no,12.0,8.0,32.0,4.0,4000.0,169.0,2019,220,4.649187071,5.308317201,9404.999996192239,18180.899997702483,7.333333333333333,27
samsung,Android,15.29,yes,no,13.0,5.0,32.0,4.0,3400.0,168.0,2019,333,4.424007957,4.792396362,7508.700000645872,10853.099998746453,11.1,27
samsung,Android,25.53,yes,no,13.0,8.0,128.0,4.0,7040.0,400.0,2019,252,5.358188764,6.03787092,19110.600007922745,37710.00000293617,8.4,27
samsung,Android,25.43,yes,no,8.0,5.0,32.0,4.0,6150.0,460.0,2019,431,4.934545873,5.39838892,12510.900000137606,19894.499994583686,14.366666666666667,27
samsung,Android,25.43,no,no,8.0,2.0,32.0,4.0,7300.0,525.0,2018,452,4.81866736,5.308564683,11141.999997208977,18185.40000000753,15.066666666666666,27
samsung,Android,20.32,yes,no,5.0,2.0,32.0,4.0,5000.0,358.0,2018,542,4.663156035,5.30464729,9537.299998218961,18114.299995599922,18.066666666666666,27
samsung,Android,25.53,yes,no,13.0,8.0,64.0,4.0,7300.0,175.0,2018,487,4.836440625,6.362027603,11341.80000551314,52147.79998921156,16.233333333333334,27
samsung,Android,25.53,yes,no,8.0,5.0,32.0,4.0,7300.0,175.0,2018,453,4.474947599,5.632429678,7901.100000488941,25140.600003076583,15.1,27
samsung,Android,15.24,yes,no,12.0,12.0,64.0,4.0,3300.0,175.0,2018,496,4.896346148,5.597050649,12042.000003683312,24266.70000456619,16.533333333333335,27
samsung,Android,15.32,yes,no,12.0,24.0,64.0,4.0,3800.0,183.0,2018,645,4.967379785,5.883183103,12928.499994501533,32305.499999273397,21.5,27
samsung,Android,15.24,yes,no,12.0,24.0,128.0,4.0,3300.0,168.0,2018,385,5.123070723,5.63489674,15106.499993563963,25202.699992766666,12.833333333333334,27
samsung,Android,15.34,yes,no,12.0,8.0,512.0,4.0,4000.0,201.0,2018,580,5.714293704,6.618725632,27285.299992309683,67409.09998023258,19.333333333333332,27
samsung,Android,15.24,yes,no,12.0,8.0,64.0,4.0,3300.0,178.0,2018,504,4.830152047,5.481971369,11270.700004779444,21628.800009175586,16.8,27
samsung,Android,15.24,yes,no,8.0,5.0,16.0,4.0,3300.0,177.0,2018,642,4.469694046,5.006894974,7859.699996654584,13449.599993537027,21.4,27
samsung,Android,15.24,yes,no,13.0,5.0,32.0,4.0,3300.0,178.0,2018,452,4.446643278,5.245970886,7680.600001844464,17081.999996996517,15.066666666666666,27
samsung,Android,12.7,yes,no,8.0,5.0,32.0,4.0,2600.0,154.0,2018,557,4.065945088,4.626442321,5248.800001572527,9193.499997576306,18.566666666666666,27
samsung,Android,12.85,yes,no,13.0,8.0,64.0,4.0,3000.0,154.0,2018,478,4.522114611,5.013098924,8282.700001236064,13533.300006303429,15.933333333333334,27
samsung,Android,12.83,yes,no,8.0,5.0,16.0,4.0,3300.0,181.0,2018,443,4.24563401,5.304249735,6282.000001455371,18107.09999635785,14.766666666666667,27
samsung,Android,12.7,yes,no,8.0,5.0,16.0,4.0,2600.0,152.0,2018,452,4.24792365,5.013564334,6296.399999053012,13539.60000538692,15.066666666666666,27
samsung,Android,15.32,yes,no,12.0,24.0,64.0,4.0,3700.0,191.0,2018,692,5.11433443,5.859645972,14975.09999359941,31553.999984628972,23.066666666666666,27
samsung,Android,12.9,yes,no,16.0,8.0,64.0,4.0,3000.0,150.0,2018,451,4.9682148,5.988083839,12939.299994377861,35878.50000184757,15.033333333333333,27
samsung,Android,15.24,yes,no,12.0,16.0,64.0,4.0,3500.0,177.0,2018,575,4.714293613,5.519258494,10037.6999999353,22450.499993106652,19.166666666666668,27
samsung,Android,12.85,yes,no,13.0,8.0,64.0,4.0,3000.0,154.0,2018,727,4.352082758,5.191511362,6987.599997898063,16176.599996275705,24.233333333333334,27
samsung,Android,12.83,yes,no,13.0,5.0,16.0,4.0,3000.0,175.0,2018,480,4.31039636,4.93842296,6702.300001859528,12559.500000221906,16.0,27
samsung,Android,15.24,yes,no,12.0,24.0,64.0,4.0,3500.0,186.0,2018,407,4.734442522,5.634075062,10242.000003152176,25181.999994173366,13.566666666666666,27
samsung,Android,12.85,yes,no,16.0,16.0,64.0,4.0,3000.0,159.0,2018,655,4.907494535,5.299117047,12176.999997847804,18014.400005069238,21.833333333333332,27
samsung,Android,12.83,yes,no,12.0,8.0,32.0,4.0,3000.0,174.0,2018,616,4.457713717,5.479721836,7766.100003726048,21580.199993968177,20.533333333333335,27
samsung,Android,12.83,yes,no,13.0,13.0,32.0,4.0,3300.0,170.0,2018,559,4.414372811,5.139849046,7436.70000213364,15362.100003437401,18.633333333333333,27
samsung,Android,15.29,yes,no,12.0,8.0,64.0,4.0,3500.0,189.0,2018,678,4.370333536,6.429316171,7116.299999410519,55777.50000472436,22.6,27
samsung,Android,12.9,yes,no,12.0,8.0,64.0,4.0,3000.0,163.0,2018,600,5.002267044,6.196607047,13387.499994300415,44197.19998618221,20.0,27
samsung,Android,12.7,yes,no,8.0,5.0,16.0,4.0,2600.0,153.0,2018,465,4.198404232,4.787408406,5992.199999119871,10799.100000255965,15.5,27
samsung,Android,15.24,yes,no,16.0,8.0,64.0,4.0,3500.0,191.0,2017,674,4.758577733,5.989988458,10492.200004014278,35946.89999192579,22.466666666666665,27
samsung,Android,12.85,yes,no,16.0,8.0,32.0,4.0,3000.0,172.0,2017,610,4.349115971,5.593781579,6966.899998490815,24187.499989312204,20.333333333333332,27
samsung,Android,10.34,yes,no,5.0,2.0,32.0,4.0,2000.0,130.0,2017,670,3.829293358,4.781054401,4142.70000070778,10730.700001952546,22.333333333333332,27
samsung,Android,20.32,yes,no,8.0,5.0,16.0,4.0,4450.0,415.0,2017,886,4.767118953,5.965505508,10582.200000273982,35077.50000217879,29.533333333333335,27
samsung,Android,20.32,yes,no,8.0,5.0,16.0,4.0,5000.0,364.0,2017,672,4.74675655,5.304299438,10368.899999481944,18107.999995915125,22.4,27
samsung,Android,12.83,yes,no,13.0,16.0,32.0,4.0,3000.0,180.0,2017,668,4.827113017,5.630243571,11236.50000308125,25085.6999919392,22.266666666666666,27
samsung,Android,15.32,yes,no,13.0,8.0,64.0,4.0,3300.0,195.0,2017,548,4.851014123,6.311807402,11508.300002036081,49593.60000995289,18.266666666666666,27
samsung,Android,12.88,yes,no,12.0,5.0,64.0,4.0,3200.0,167.0,2017,691,4.576359104,6.396779644,8744.399998828496,53991.90000188859,23.033333333333335,27
samsung,Android,12.88,yes,no,13.0,13.0,32.0,4.0,3300.0,179.0,2017,790,4.778703237,5.130904126,10705.500002687439,15225.299992582224,26.333333333333332,27
samsung,Android,12.83,yes,no,13.0,13.0,32.0,4.0,3600.0,181.0,2017,683,4.604670061,5.29169549,8995.50000048208,17881.199995723724,22.766666666666666,27
samsung,Android,12.83,yes,no,13.0,13.0,16.0,4.0,3600.0,181.0,2017,551,4.694279361,5.301063592,9838.799999410981,18049.499996100196,18.366666666666667,27
samsung,Android,12.75,yes,no,13.0,13.0,16.0,4.0,3000.0,160.0,2017,779,4.338335946,4.852733142,6892.199999661259,11528.100001809395,25.966666666666665,27
samsung,Android,12.7,yes,no,13.0,5.0,16.0,4.0,2400.0,142.0,2017,655,4.226395693,4.696289779,6162.299999180587,9858.599996494522,21.833333333333332,27
samsung,Android,7.82,yes,no,8.0,5.0,16.0,4.0,1950.0,165.0,2017,593,3.811318301,5.296114943,4068.8999987528264,17960.40000012866,19.766666666666666,27
samsung,Others,10.29,yes,no,5.0,5.0,32.0,4.0,2050.0,143.0,2017,630,3.941775964,4.380024632,4635.9000019586965,7185.599999976942,21.0,27
samsung,Android,12.9,yes,no,12.0,8.0,64.0,4.0,3000.0,155.0,2017,843,5.091293197,5.967632814,14633.999998335961,35152.20000510985,28.1,27
samsung,Android,15.29,yes,no,12.0,8.0,128.0,4.0,3500.0,173.0,2017,786,4.856706812,6.151433979,11574.000002274066,42245.099983189866,26.2,27
samsung,Android,12.75,yes,no,16.0,16.0,64.0,4.0,2600.0,145.0,2017,884,4.510859507,5.388066659,8190.0000039569995,19690.20000607157,29.466666666666665,27
samsung,Android,12.7,yes,no,13.0,5.0,16.0,4.0,2800.0,172.0,2017,879,4.106767082,5.480888892,5467.4999987935535,21605.39999789999,29.3,27
samsung,Android,23.04,yes,no,13.0,5.0,32.0,4.0,3000.0,429.0,2017,793,4.955897478,5.992988385,12780.900004384846,36054.89998282619,26.433333333333334,27
samsung,Android,10.16,yes,no,5.0,0.3,32.0,4.0,1500.0,126.0,2016,706,3.535145354,4.697293475,3086.9999994693626,9868.500001343134,23.533333333333335,27
samsung,Android,12.88,yes,no,16.0,16.0,64.0,4.0,3300.0,172.0,2017,623,4.544995463,5.705015048,8474.400000406593,27033.299998411883,20.766666666666666,27
samsung,Android,12.88,yes,no,16.0,16.0,32.0,4.0,3600.0,186.0,2017,614,4.955333978,5.635146682,12773.69999602525,25208.999993292826,20.466666666666665,27
samsung,Android,12.75,yes,no,16.0,16.0,32.0,4.0,3000.0,157.0,2017,587,4.734793954,5.520099992,10245.600002237668,22469.39999499145,19.566666666666666,27
samsung,Android,10.34,yes,no,13.0,8.0,16.0,4.0,2350.0,138.0,2017,545,4.299459911,5.393354782,6629.399999887833,19794.60000232016,18.166666666666668,27
samsung,Android,12.7,yes,no,8.0,5.0,32.0,4.0,2600.0,160.0,2016,599,4.410735561,4.94021283,7409.699997700513,12582.000002520052,19.966666666666665,27
samsung,Android,12.7,yes,no,8.0,5.0,32.0,4.0,2600.0,160.0,2016,1087,3.999667515,4.852264611,4912.199998623639,11522.69999472159,36.233333333333334,27
samsung,Android,15.24,yes,no,16.0,16.0,64.0,4.0,3000.0,189.0,2016,923,5.294208939,6.060290738,17926.20000890047,38564.999998540916,30.766666666666666,27
samsung,Android,12.88,yes,no,16.0,8.0,32.0,4.0,3300.0,182.0,2016,785,4.579339426,5.705214782,8770.500000407214,27038.700006818446,26.166666666666668,27
samsung,Android,12.83,yes,no,13.0,5.0,16.0,4.0,3300.0,169.0,2016,684,4.631714741,5.287812382,9242.099998057274,17811.900001729733,22.8,27
samsung,Android,12.83,yes,no,13.0,8.0,32.0,4.0,3300.0,167.0,2016,880,4.573266637,5.304100611,8717.400000217209,18104.399994500534,29.333333333333332,27
samsung,Android,12.7,yes,no,13.0,5.0,16.0,4.0,2400.0,143.0,2016,972,4.381276353,4.782144136,7194.599997962649,10742.39999510737,32.4,27
samsung,Android,12.83,yes,no,13.0,8.0,16.0,4.0,3300.0,167.0,2016,817,4.591780949,4.949893999,8880.300001162654,12704.400002451075,27.233333333333334,27
samsung,Others,10.16,yes,no,5.0,0.3,32.0,4.0,1500.0,127.0,2016,843,3.592093185,4.364753306,3267.899998607076,7076.6999999757645,28.1,27
samsung,Android,12.88,yes,no,12.0,5.0,64.0,4.0,3500.0,169.0,2016,852,5.511814541,6.634515085,22284.000004224126,68481.89997071943,28.4,27
samsung,Android,12.88,yes,no,12.0,5.0,64.0,4.0,3500.0,169.0,2016,847,4.994099325,6.745412805,13278.59999394288,76513.50003798935,28.233333333333334,27
samsung,Android,12.83,yes,no,13.0,5.0,16.0,4.0,3000.0,172.0,2016,607,4.29701326,5.009634794,6613.199997705715,13486.500003200723,20.233333333333334,27
samsung,Android,12.7,yes,no,8.0,5.0,16.0,4.0,2600.0,149.0,2016,927,4.047252955,4.795873187,5151.600001606012,10890.900002069691,30.9,27
samsung,Android,17.78,yes,no,8.0,2.0,32.0,4.0,4000.0,289.0,2016,888,4.46383701,5.01422883,7813.8000010044825,13548.600005332926,29.6,27
samsung,Android,12.7,yes,no,8.0,5.0,16.0,4.0,2600.0,138.0,2016,593,3.931041011,4.933034048,4586.399998789613,12491.999999091777,19.766666666666666,27
samsung,Android,12.7,yes,no,8.0,5.0,32.0,4.0,2600.0,138.0,2016,1046,4.17438727,4.799173248,5850.000000610525,10926.90000485281,34.86666666666667,27
samsung,Others,12.7,yes,no,8.0,5.0,32.0,4.0,2600.0,157.0,2016,907,4.360930671,5.303304908,7049.699997327128,18089.999998931326,30.233333333333334,27
samsung,Android,10.29,yes,no,5.0,2.0,32.0,4.0,2200.0,154.0,2016,875,4.315085229,5.298817242,6733.800000538705,18009.000007389317,29.166666666666668,27
samsung,Android,12.73,yes,no,12.0,5.0,32.0,4.0,4000.0,184.8,2016,707,4.916251352,5.886520611,12284.10000162022,32413.49998912942,23.566666666666666,27
samsung,Android,12.7,yes,no,8.0,5.0,16.0,4.0,2600.0,139.0,2016,625,4.097506226,4.877789381,5417.100002385261,11820.600002803536,20.833333333333332,27
samsung,Android,12.88,yes,no,16.0,8.0,32.0,4.0,3300.0,169.0,2016,772,4.514260311,5.52807897,8217.900003055016,22649.399996289536,25.733333333333334,27
samsung,Android,12.75,yes,no,16.0,8.0,32.0,4.0,2600.0,143.0,2016,715,4.420886706,5.396396437,7485.300000893775,19854.900005804146,23.833333333333332,27
samsung,Android,15.24,yes,no,16.0,8.0,32.0,4.0,5000.0,210.0,2016,775,4.548176464,5.699908313,8501.399996021592,26895.599997106016,25.833333333333332,27
samsung,Android,12.83,yes,no,13.0,5.0,16.0,4.0,3300.0,170.0,2016,581,4.129872568,5.438600912,5595.2999984263415,20710.800000101637,19.366666666666667,27
samsung,Android,12.75,yes,no,13.0,5.0,16.0,4.0,3100.0,159.0,2016,980,4.300545393,5.251330575,6636.600001287511,17173.79999444084,32.666666666666664,27
samsung,Android,25.43,yes,no,8.0,2.0,16.0,4.0,7300.0,525.0,2016,581,4.749010756,5.389847684,10392.300000376568,19725.29999223558,19.366666666666667,27
samsung,Android,17.78,yes,no,5.0,2.0,32.0,4.0,4000.0,283.0,2016,747,4.514917197,4.858183171,8223.299999913415,11591.100001106039,24.9,27
samsung,Android,12.73,yes,no,12.0,5.0,32.0,4.0,3000.0,152.0,2016,1048,4.582106246,5.669915405,8794.79999657408,26100.899996225195,34.93333333333333,27
samsung,Android,12.83,yes,no,12.0,5.0,32.0,4.0,3600.0,157.0,2016,584,4.530769863,5.991739509,8354.69999655919,36009.899989110156,19.466666666666665,27
samsung,Android,12.83,yes,no,12.0,5.0,32.0,4.0,3600.0,157.0,2016,896,4.690797272,5.85901828,9804.600000436027,31534.20000606478,29.866666666666667,27
samsung,Android,12.73,yes,no,12.0,5.0,32.0,4.0,3000.0,152.0,2016,1037,4.226249633,5.772157377,6161.399999371295,28910.699986641655,34.56666666666667,27
samsung,Android,10.16,no,no,5.0,0.3,32.0,4.0,1500.0,123.0,2016,1010,3.63995178,4.475289265,3428.099998318474,7903.799998944277,33.666666666666664,27
samsung,Android,20.32,yes,no,5.0,2.0,16.0,4.0,5000.0,360.0,2016,914,4.583640067,5.191789503,8808.29999614436,16181.099997763711,30.466666666666665,27
samsung,Android,10.29,yes,no,5.0,2.0,32.0,4.0,2050.0,131.0,2016,978,3.907412393,4.867688285,4479.300000580236,11701.800002617425,32.6,27
samsung,Android,15.24,yes,no,13.0,8.0,32.0,4.0,4000.0,200.0,2015,1067,4.636862633,5.704348981,9289.800002595744,27015.300004648227,35.56666666666667,27
samsung,Android,12.83,yes,no,13.0,5.0,16.0,4.0,3300.0,172.0,2015,1079,4.89686918,5.707209928,12048.300002436094,27092.700012016714,35.96666666666667,27
samsung,Android,12.75,yes,no,13.0,5.0,16.0,4.0,2900.0,155.0,2015,673,4.718498871,5.523698413,10079.999997025452,22550.400004455096,22.433333333333334,27
samsung,Android,10.34,yes,no,13.0,5.0,16.0,4.0,2300.0,132.0,2015,574,4.356708827,5.135504276,7020.000002179068,15295.499997826124,19.133333333333333,27
samsung,Android,12.7,yes,no,5.0,2.0,32.0,4.0,2600.0,138.9,2016,651,3.971423349,4.701298213,4775.400001386808,9908.09999918445,21.7,27
samsung,Android,12.7,yes,no,8.0,2.0,32.0,4.0,2600.0,138.0,2015,838,4.116758157,4.78840799,5522.399999674171,10809.90000468718,27.933333333333334,27
samsung,Android,12.83,yes,no,13.0,5.0,32.0,4.0,3000.0,172.0,2015,665,4.258869811,5.200263426,6365.6999996950935,16318.799998814467,22.166666666666668,27
samsung,Android,12.7,yes,no,8.0,5.0,32.0,4.0,2600.0,149.0,2015,785,4.145512849,4.927905646,5683.500001156593,12428.099993820008,26.166666666666668,27
samsung,Others,12.7,no,no,8.0,5.0,32.0,4.0,2600.0,137.0,2015,720,3.881976084,4.687671407,4366.799999668781,9773.999995114611,24.0,27
samsung,Android,10.24,yes,no,5.0,2.0,16.0,4.0,1900.0,131.0,2015,628,3.871617591,4.953006181,4321.80000089415,12743.999996691411,20.933333333333334,27
samsung,Android,12.88,yes,no,16.0,5.0,32.0,4.0,3000.0,171.0,2015,763,4.941856685,6.287821385,12602.699995366173,48418.20001212403,25.433333333333334,27
samsung,Android,12.88,yes,no,16.0,5.0,32.0,4.0,3000.0,171.0,2015,1083,4.541591204,6.155791841,8445.599997084413,42429.60001995643,36.1,27
samsung,Android,12.88,yes,no,16.0,5.0,32.0,4.0,3000.0,171.0,2015,835,5.353373572,6.394977751,19018.79999436824,53894.699973543036,27.833333333333332,27
samsung,Android,12.88,yes,no,16.0,5.0,32.0,4.0,3000.0,153.0,2015,554,5.245127538,6.308134871,17067.599999421112,49411.80001391068,18.466666666666665,27
samsung,Android,12.88,yes,no,16.0,5.0,32.0,4.0,3000.0,153.0,2015,542,5.079477043,6.274837348,14462.099999223934,47793.60000135426,18.066666666666666,27
samsung,Android,12.88,yes,no,16.0,5.0,32.0,4.0,3000.0,153.0,2015,575,4.90771624,6.270685929,12179.69999892314,47595.60001704417,19.166666666666668,27
samsung,Android,12.73,yes,no,16.0,5.0,16.0,4.0,2800.0,145.0,2015,1084,4.922168313,5.859446295,12357.000002793606,31547.70000557542,36.13333333333333,27
samsung,Android,10.24,yes,no,8.0,1.9,32.0,4.0,1900.0,107.0,2015,1084,3.746912485,5.254522207,3815.099998609222,17228.700007781077,36.13333333333333,27
samsung,Android,7.82,yes,no,8.0,2.0,32.0,4.0,1800.0,155.0,2015,940,4.51008998,5.558178501,8183.700002145591,23341.500004728783,31.333333333333332,27
samsung,Android,23.04,yes,no,8.0,2.1,32.0,4.0,5870.0,150.0,2015,913,4.216414691,5.989988458,6101.099997297979,35946.89999192579,30.433333333333334,27
samsung,Android,20.32,yes,no,8.0,2.1,32.0,4.0,4000.0,265.0,2015,696,4.982304404,5.993138146,13122.89999569314,36060.30000504877,23.2,27
samsung,Android,12.88,yes,no,16.0,5.0,32.0,4.0,3050.0,151.0,2015,1048,4.509099717,5.942536873,8175.599998059456,34280.99998338885,34.93333333333333,27
samsung,Android,12.88,yes,no,16.0,5.0,32.0,4.0,3050.0,151.0,2015,955,4.783065294,5.522819994,10752.30000183722,22530.600002255815,31.833333333333332,27
samsung,Android,10.16,no,no,3.15,5.0,16.0,4.0,1500.0,123.0,2015,551,3.851423383,4.22566518,4235.3999987327,6157.800002774344,18.366666666666667,27
samsung,Android,12.83,yes,no,13.0,5.0,16.0,4.0,3000.0,171.0,2015,1025,4.195697056,5.306335138,5975.999997117249,18144.899997430315,34.166666666666664,27
samsung,Android,12.83,yes,no,13.0,5.0,16.0,4.0,3000.0,170.0,2017,706,4.378395048,5.196395377,7173.899996844689,16255.800002882921,23.533333333333335,27
samsung,Android,12.7,yes,no,13.0,5.0,32.0,4.0,2600.0,146.0,2015,1011,4.573782713,5.060313952,8721.900002211361,14187.599995363444,33.7,27
samsung,Android,23.01,no,no,5.0,2.0,32.0,4.0,2600.0,490.0,2015,556,4.729421148,5.293807211,10190.699996678362,17918.99999874297,18.533333333333335,27
samsung,Others,5.18,no,no,3.15,5.0,256.0,0.25,1300.0,124.0,2015,790,4.417514428,4.693364197,7460.100002958413,9829.800002712951,26.333333333333332,27
samsung,Android,12.73,yes,no,16.0,5.0,32.0,4.0,3500.0,170.0,2015,732,4.810394136,5.940855229,11050.200000007182,34223.399990368176,24.4,27
samsung,Android,17.78,no,no,2.0,2.0,32.0,4.0,3600.0,322.0,2015,1050,4.25362492,4.861980595,6332.4000008272815,11635.200002643694,35.0,27
samsung,Android,23.04,yes,no,5.0,2.0,16.0,4.0,6000.0,490.0,2015,822,4.725084283,5.832527431,10146.60000351652,30709.800013918808,27.4,27
samsung,Android,23.04,yes,no,5.0,2.0,16.0,4.0,6000.0,450.0,2015,1054,4.567156744,5.52589109,8664.300001820586,22599.89999680072,35.13333333333333,27
samsung,Android,20.32,yes,no,5.0,2.0,16.0,4.0,4200.0,338.0,2015,578,4.689787032,5.393945678,9794.700002860342,19806.300008686172,19.266666666666666,27
samsung,Android,20.32,yes,no,5.0,2.0,16.0,4.0,4200.0,313.0,2015,954,4.431768727,5.342094989,7567.200003263763,18805.500001994795,31.8,27
samsung,Android,10.29,yes,no,5.0,2.0,32.0,4.0,2200.0,154.0,2015,882,4.171305603,5.393627546,5831.9999979108115,19799.999993023248,29.4,27
samsung,Android,12.73,yes,no,16.0,5.0,32.0,4.0,2600.0,132.0,2015,698,4.817293234,6.215427762,11126.699999790422,45036.899981720955,23.266666666666666,27
samsung,Android,12.73,yes,no,16.0,5.0,32.0,4.0,2550.0,140.0,2015,1088,4.806804054,6.018982433,11010.600002043357,37004.399994644664,36.266666666666666,27
samsung,Android,12.73,yes,no,16.0,5.0,32.0,4.0,2600.0,132.0,2015,916,4.970993159,5.938959993,12975.300002286085,34158.599995701734,30.533333333333335,27
samsung,Android,12.73,yes,no,16.0,5.0,32.0,4.0,2550.0,138.0,2015,811,5.080472254,5.991664527,14476.500004559586,36007.19999601587,27.033333333333335,27
samsung,Android,12.73,yes,no,16.0,5.0,32.0,4.0,2550.0,138.0,2015,945,4.512835575,5.631211782,8206.200001761912,25110.000004485515,31.5,27
samsung,Android,10.24,yes,no,5.0,2.0,16.0,4.0,1850.0,122.0,2015,760,4.003872659,4.783651043,4932.899999713767,10758.59999573843,25.333333333333332,27
samsung,Android,10.24,no,no,5.0,2.0,16.0,4.0,1850.0,122.0,2015,840,3.91442013,4.711060561,4510.799999874294,10005.299997543463,28.0,27
samsung,Android,10.34,yes,no,5.0,2.0,32.0,4.0,2000.0,129.0,2015,1056,4.014399072,5.021245473,4985.099999775607,13643.99999715834,35.2,27
samsung,Android,17.78,no,no,2.0,5.0,32.0,4.0,3600.0,310.0,2015,583,4.508989628,4.784654388,8174.700003971906,10769.400000410466,19.433333333333334,27
samsung,Others,10.16,no,no,3.15,0.3,16.0,4.0,1500.0,112.0,2015,652,3.24376354,4.378771342,2306.699999132727,7176.600000335802,21.733333333333334,27
samsung,Android,12.83,yes,no,13.0,5.0,16.0,4.0,2600.0,141.0,2015,599,4.148832748,5.701245927,5702.400002816015,26931.599999886785,19.966666666666665,27
samsung,Android,12.83,yes,no,13.0,5.0,16.0,4.0,2600.0,141.0,2015,886,4.778282804,5.698669425,10701.000003245224,26862.299992763892,29.533333333333335,27
samsung,Android,13.34,yes,no,13.0,5.0,16.0,4.0,2500.0,161.0,2015,677,4.462338537,5.562103696,7802.100000931969,23433.29999240145,22.566666666666666,27
samsung,Android,12.83,yes,no,13.0,5.0,16.0,4.0,2950.0,141.0,2015,947,4.644871553,5.440120702,9364.500001501658,20742.299997461156,31.566666666666666,27
samsung,Android,12.7,no,no,8.0,5.0,16.0,4.0,2400.0,150.0,2015,804,4.506233438,5.301312876,8152.199998955964,18054.00000852446,26.8,27
samsung,Android,10.29,yes,no,5.0,2.0,32.0,4.0,2000.0,130.0,2014,887,3.584906864,5.010835274,3244.500000872907,13502.699998664282,29.566666666666666,27
samsung,Android,12.7,yes,no,13.0,5.0,16.0,4.0,2300.0,123.0,2014,682,4.761831996,5.671706841,10526.39999998454,26147.699995196253,22.733333333333334,27
samsung,Android,12.7,yes,no,13.0,5.0,16.0,4.0,2300.0,123.0,2014,627,4.406109305,5.561335264,7375.499998599847,23415.30001158805,20.9,27
samsung,Android,10.29,yes,no,8.0,5.0,16.0,4.0,1900.0,110.3,2014,971,4.23598879,5.443456132,6221.700000266455,20811.599995540582,32.36666666666667,27
samsung,Android,10.29,yes,no,8.0,5.0,16.0,4.0,1900.0,110.3,2014,961,4.24046307,5.248969547,6249.599997799547,17133.300001410113,32.03333333333333,27
samsung,Android,12.73,yes,no,16.0,2.0,16.0,4.0,2800.0,145.0,2014,1013,4.96932707,5.943979781,12953.699996443183,34330.50001592118,33.766666666666666,27
samsung,Android,7.7,no,no,2.0,2.0,16.0,4.0,1200.0,107.0,2014,1082,2.961140829,4.615813346,1738.8000003749344,9096.299999212526,36.06666666666667,27
samsung,Android,10.16,no,no,3.15,0.3,16.0,4.0,1500.0,123.0,2014,707,3.463232773,4.38651654,2872.8000012019565,7232.400000385241,23.566666666666666,27
samsung,Android,12.7,no,no,8.0,5.0,32.0,4.0,2600.0,152.0,2014,918,4.307033656,5.002334269,6679.800002455148,13388.399999238616,30.6,27
samsung,Android,12.7,yes,no,8.0,5.0,32.0,4.0,2600.0,156.0,2014,829,4.327174383,4.945349827,6815.699999143053,12646.799994971305,27.633333333333333,27
samsung,Android,10.24,yes,no,5.0,1.3,32.0,4.0,1900.0,126.0,2014,1071,4.198103797,5.299916088,5990.400002917605,18028.80000159133,35.7,27
samsung,Android,12.85,yes,no,16.0,3.7,32.0,4.0,3000.0,174.0,2014,649,4.318687394,5.710162082,6758.099999244497,27172.80001031914,21.633333333333333,27
samsung,Android,12.88,yes,no,16.0,3.7,16.0,4.0,3000.0,175.0,2014,1017,4.442886523,5.706246104,7651.800000530699,27066.599997451027,33.9,27
samsung,Android,12.88,yes,no,16.0,3.7,32.0,4.0,3220.0,176.0,2014,793,4.56995743,5.85469936,8688.599997981228,31398.300000845815,26.433333333333334,27
samsung,Android,20.32,yes,no,3.15,1.2,16.0,4.0,4450.0,393.0,2014,936,4.934545873,5.85567346,12510.900000137606,31428.89998617989,31.2,27
samsung,Android,20.32,no,no,3.15,1.2,16.0,4.0,4450.0,393.0,2014,774,4.483567364,5.706977366,7969.499998176238,27086.400012115206,25.8,27
samsung,Android,15.24,yes,no,8.0,2.1,16.0,4.0,2800.0,194.0,2014,893,4.213460043,5.828386638,6083.099999317097,30582.90000364755,29.766666666666666,27
samsung,Android,12.73,yes,no,16.0,2.0,16.0,4.0,2800.0,145.0,2014,718,5.004885462,5.96834944,13422.599998447691,35177.40001400304,23.933333333333334,27
samsung,Android,10.34,yes,no,12.0,2.1,32.0,4.0,1860.0,115.0,2014,971,3.824720677,6.109025336,4123.799999895465,40491.00000619001,32.36666666666667,27
samsung,Android,10.34,yes,no,12.0,2.1,32.0,4.0,1860.0,115.0,2014,1070,4.959903246,5.970904633,12832.20000398462,35267.39999497013,35.666666666666664,27
samsung,Android,10.29,no,no,8.0,2.1,16.0,4.0,2100.0,118.0,2014,919,4.333755086,5.517051209,6860.699999998748,22400.999991632187,30.633333333333333,27
samsung,Android,10.29,yes,no,5.0,0.3,16.0,4.0,2100.0,136.9,2014,897,4.130515759,5.080845202,5598.900002648679,14481.899993178173,29.9,27
samsung,Android,10.16,no,no,5.0,0.3,16.0,4.0,1500.0,124.0,2014,735,3.50465609,4.615021502,2994.2999999090175,9089.099999650385,24.5,27
samsung,Others,5.08,no,no,8.0,2.0,16.0,4.0,800.0,75.0,2014,990,2.05284086,3.057297629,701.1000000822692,1914.299999593889,33.0,27
samsung,Android,10.16,no,no,3.15,0.3,16.0,4.0,1500.0,123.0,2014,723,3.661508257,4.498364182,3502.7999988867946,8088.300002666861,24.1,27
samsung,Android,10.24,no,no,3.15,2.0,16.0,4.0,1800.0,129.0,2014,605,3.80666249,4.495243707,4050.0000009302044,8063.1000031487465,20.166666666666668,27
samsung,Android,10.29,yes,no,8.0,2.1,16.0,4.0,2100.0,120.0,2014,1029,4.338858139,5.401505524,6895.799998120875,19956.59999313083,34.3,27
samsung,Android,10.16,yes,no,5.0,0.3,16.0,4.0,1800.0,130.3,2014,846,3.60631273,5.523658501,3314.6999984852687,22549.499990850905,28.2,27
samsung,Android,10.16,no,no,5.0,0.3,16.0,4.0,1500.0,123.8,2014,716,4.206631038,5.390942126,6041.7000002980985,19746.900006835214,23.866666666666667,27
samsung,Android,7.75,no,no,3.15,2.0,16.0,4.0,1300.0,108.0,2014,658,3.701548857,4.61343593,3645.899999217593,9074.699996323618,21.933333333333334,27
samsung,Android,7.75,no,no,2.0,2.0,16.0,4.0,1300.0,107.6,2014,590,3.663561646,4.800654729,3509.99999954494,10943.099996625944,19.666666666666668,27
samsung,Android,10.29,no,no,5.0,0.3,16.0,4.0,2000.0,138.0,2014,724,3.966700567,4.872675061,4752.9000013363175,11760.299999987592,24.133333333333333,27
samsung,Android,12.73,yes,no,16.0,2.0,16.0,4.0,2800.0,158.0,2014,1002,4.791234729,5.701346176,10840.499999340027,26934.30000118913,33.4,27
samsung,Android,12.73,yes,no,16.0,2.0,16.0,4.0,2800.0,145.0,2014,706,4.6226171,5.707043817,9158.400003738352,27088.19999028691,23.533333333333335,27
samsung,Android,20.42,yes,no,8.0,2.1,16.0,4.0,4900.0,298.0,2014,785,4.331391019,5.909332158,6844.50000201706,33161.40001428052,26.166666666666668,27
samsung,Android,20.42,no,no,8.0,2.1,16.0,4.0,4900.0,294.0,2014,598,4.63336884,5.706379101,9257.39999678981,27070.200013441237,19.933333333333334,27
samsung,Android,25.53,yes,no,8.0,2.1,16.0,4.0,7900.0,467.0,2014,723,4.629862799,6.088999523,9225.000003888677,39688.200002202146,24.1,27
samsung,Android,25.53,no,no,8.0,2.1,16.0,4.0,7900.0,465.0,2014,540,4.868764463,5.912908234,11714.40000104513,33280.19999327051,18.0,27
samsung,Android,10.34,yes,no,5.0,2.0,32.0,4.0,2000.0,149.0,2014,1090,4.051089054,5.348439976,5171.4000023212175,18925.20000092265,36.333333333333336,27
samsung,Android,10.36,no,no,8.0,1.9,16.0,4.0,2100.0,132.0,2014,1017,3.688379329,5.59897736,3598.1999997400158,24313.49999294727,33.9,27
samsung,Android,17.78,yes,no,8.0,2.0,16.0,4.0,3200.0,245.0,2014,625,4.49635928,5.884602905,8072.099998951339,32351.399989521764,20.833333333333332,27
samsung,Android,12.73,yes,no,16.0,2.0,16.0,4.0,2800.0,170.1,2014,763,4.244343779,5.989312233,6273.899996873671,35922.60001653016,25.433333333333334,27
samsung,Android,10.36,yes,no,20.7,2.0,32.0,4.0,2430.0,200.0,2014,994,5.073797869,6.086138161,14380.199999224966,39574.800011450454,33.13333333333333,27
samsung,Android,11.84,no,no,5.0,0.3,16.0,4.0,2600.0,165.0,2014,979,4.520047933,5.518977838,8265.600003543823,22444.20000968601,32.63333333333333,27
samsung,Android,10.36,no,no,8.0,1.9,16.0,4.0,2100.0,132.0,2014,1020,3.712840092,5.708803183,3687.3000016269116,27135.899996931872,34.0,27
samsung,Android,10.16,no,no,5.0,0.3,16.0,4.0,1500.0,123.0,2014,845,3.989724513,4.776093698,4863.599999552558,10677.60000181865,28.166666666666668,27
samsung,Windows,12.7,yes,no,13.0,2.0,16.0,4.0,2600.0,135.8,2014,851,4.673482826,6.090857291,9636.299998360106,39762.00000055599,28.366666666666667,27
samsung,Android,17.78,no,no,3.15,1.3,32.0,4.0,4000.0,276.0,2014,825,4.215381557,5.245760116,6094.799998385275,17078.40000325581,27.5,27
samsung,Android,17.78,no,no,3.15,1.3,32.0,4.0,4000.0,276.0,2014,645,4.062337766,5.477425432,5229.899999544923,21530.69999413311,21.5,27
samsung,Android,17.78,yes,no,3.15,1.3,32.0,4.0,4000.0,276.0,2014,1002,4.496470769,5.63285917,8072.999999477271,25151.40000874509,33.4,27
samsung,Android,20.32,no,no,3.15,1.3,16.0,4.0,4450.0,320.0,2014,1002,4.72135194,5.59456267,10108.799997194797,24206.400008222787,33.4,27
samsung,Android,20.32,no,no,3.15,1.3,16.0,4.0,4450.0,320.0,2014,581,4.714652197,5.69699281,10041.30000396543,26817.299992041022,19.366666666666667,27
samsung,Android,20.32,yes,no,3.15,1.3,16.0,4.0,4450.0,320.0,2014,643,4.166975253,5.860273271,5806.799998507608,31573.79998687684,21.433333333333334,27
samsung,Android,25.43,no,no,3.15,1.3,16.0,4.0,6800.0,487.0,2014,760,4.494908792,5.597866249,8060.400002171845,24286.499998429834,25.333333333333332,27
samsung,Android,25.43,no,no,3.15,1.3,16.0,4.0,6800.0,487.0,2014,564,4.742930126,5.700978547,10329.300003175465,26924.39999129085,18.8,27
samsung,Android,25.43,yes,no,3.15,1.3,16.0,4.0,6800.0,487.0,2014,737,4.688039664,5.732337537,9777.600001853967,27782.09999795873,24.566666666666666,27
samsung,Android,11.48,no,no,5.0,0.3,32.0,4.0,2100.0,139.0,2014,683,3.768152635,5.295513439,3896.999999967092,17949.5999961354,22.766666666666666,27
samsung,Android,10.16,no,no,5.0,0.3,32.0,4.0,1500.0,112.0,2014,586,3.676806873,5.185988182,3556.8000004279997,16087.500006851393,19.533333333333335,27
samsung,Android,12.73,yes,no,16.0,2.0,16.0,4.0,2800.0,145.0,2014,680,4.943141299,6.043345169,12618.900003368733,37917.00000056987,22.666666666666668,27
samsung,Android,12.73,no,no,16.0,2.0,16.0,4.0,2800.0,145.0,2014,589,4.957304838,5.935158711,12798.899995077478,34029.000003508816,19.633333333333333,27
samsung,Android,12.73,yes,no,16.0,2.0,16.0,4.0,2800.0,144.9,2014,955,4.64525591,6.171784101,9368.100004427582,43113.5999900294,31.833333333333332,27
samsung,Android,12.73,yes,no,16.0,2.0,16.0,4.0,2800.0,145.0,2014,977,4.718677427,5.517934708,10081.800002200998,22420.799998078808,32.56666666666667,27
samsung,Android,10.29,yes,no,5.0,0.3,16.0,4.0,2100.0,137.0,2014,755,3.770459441,5.195619968,3905.9999995845606,16243.199994969576,25.166666666666668,27
samsung,Android,10.29,yes,no,5.0,0.3,32.0,4.0,2100.0,137.0,2014,618,4.134846506,5.561642707,5623.200002634858,23422.499988404026,20.6,27
samsung,Others,5.18,no,no,5.0,2.0,256.0,4.0,1000.0,91.0,2014,1054,4.145037677,4.246493239,5680.800002626697,6287.399997619053,35.13333333333333,27
samsung,Android,7.98,no,no,2.0,2.0,16.0,4.0,1300.0,105.0,2014,865,3.63995178,4.786074072,3428.099998318474,10784.700003295531,28.833333333333332,27
samsung,Android,12.83,no,no,8.0,2.0,16.0,4.0,3100.0,162.5,2014,946,4.959622662,6.017132294,12828.599999054217,36936.00000529809,31.533333333333335,27
samsung,Android,12.83,yes,no,8.0,2.0,16.0,4.0,3100.0,162.5,2014,966,4.51601105,5.765817866,8232.300002730877,28728.00001219062,32.2,27
samsung,Android,17.78,no,no,2.0,2.0,32.0,4.0,3600.0,322.0,2014,816,4.320815904,5.249547202,6772.500002512697,17143.199996938092,27.2,27
samsung,Android,17.78,no,no,2.0,2.0,32.0,4.0,3600.0,310.0,2014,596,4.392348184,5.001796345,7274.700001849572,13381.199994258775,19.866666666666667,27
samsung,Android,12.73,no,no,5.0,0.3,32.0,4.0,2100.0,163.0,2014,963,3.686376324,4.871679693,3591.000000374118,11748.5999975672,32.1,27
samsung,Android,30.53,yes,no,8.0,2.0,32.0,4.0,9500.0,753.0,2014,1089,5.652524267,6.506516228,25650.899990447895,60254.09996987984,36.3,27
samsung,Android,30.53,no,no,8.0,2.0,32.0,4.0,9500.0,753.0,2014,1078,5.373842192,6.463232244,19412.100007099336,57701.69997286813,35.93333333333333,27
samsung,Android,30.53,no,no,8.0,2.0,32.0,4.0,9500.0,750.0,2014,689,5.274127128,6.289307324,17569.800004448338,48490.199984367144,22.966666666666665,27
samsung,Android,30.53,yes,no,8.0,2.0,32.0,4.0,9500.0,740.0,2014,921,5.336864776,6.213707693,18707.399997001656,44959.49999195101,30.7,27
samsung,Android,30.53,no,no,8.0,2.0,32.0,4.0,9500.0,732.0,2014,799,5.326856231,6.15098649,18521.099993435055,42226.19999472735,26.633333333333333,27
samsung,Android,30.53,no,no,8.0,2.0,32.0,4.0,9500.0,730.2,2014,1061,4.940498912,6.042490306,12585.600001167622,37884.60001094768,35.36666666666667,27
samsung,Android,25.43,yes,no,8.0,2.0,16.0,4.0,8220.0,477.0,2014,925,5.114033886,6.036891921,14970.599993404825,37673.10001611559,30.833333333333332,27
samsung,Android,25.43,no,no,8.0,2.0,16.0,4.0,8220.0,469.0,2014,920,4.741011409,5.888545493,10309.500001036062,32479.199996747506,30.666666666666668,27
samsung,Android,20.42,yes,no,8.0,2.0,16.0,4.0,4800.0,335.0,2014,664,4.99199599,6.04134935,13250.700001625637,37841.39999860063,22.133333333333333,27
samsung,Android,20.42,no,no,8.0,2.0,16.0,4.0,4800.0,331.0,2014,712,4.869378902,5.671844511,11721.599997020017,26151.29999685502,23.733333333333334,27
samsung,Android,10.36,no,no,16.3,2.0,32.0,4.0,2000.0,283.0,2014,779,4.926311212,5.796999556,12408.299997722608,29637.899989112975,25.966666666666665,27
samsung,Android,10.34,no,no,5.0,0.3,32.0,4.0,2000.0,145.0,2013,735,4.052827882,5.249547202,5180.3999999007065,17143.199996938092,24.5,27
samsung,Android,12.7,yes,no,13.0,2.0,16.0,4.0,2600.0,147.0,2013,953,4.642754946,6.020416369,9344.699997053032,37057.49999785995,31.766666666666666,27
samsung,Android,12.7,yes,no,13.0,2.0,16.0,4.0,2600.0,146.0,2013,1067,4.192831509,6.107713073,5958.900000376874,40437.9000132469,35.56666666666667,27
samsung,Android,10.29,no,no,5.0,0.3,32.0,4.0,2100.0,139.0,2013,870,4.150882413,5.137267945,5714.099998957983,15322.499999546115,29.0,27
samsung,Android,10.16,no,no,5.0,0.3,16.0,4.0,1500.0,118.0,2013,1068,3.523119986,4.865532448,3050.100001162211,11676.600002511525,35.6,27
samsung,Android,13.34,yes,no,8.0,1.9,32.0,4.0,2600.0,163.0,2013,1075,4.225226615,5.186826991,6155.0999993229125,16101.000007814246,35.833333333333336,27
samsung,Android,7.8,no,no,8.0,1.9,16.0,4.0,1820.0,179.0,2013,683,4.387262901,6.37873174,7237.7999966045445,53026.20001691236,22.766666666666666,27
samsung,Android,10.29,yes,no,5.0,0.3,32.0,4.0,2100.0,134.2,2013,935,3.642049867,5.34958066,3435.3000008343024,18946.799990799846,31.166666666666668,27
samsung,Others,5.18,no,no,2.0,1.3,16.0,4.0,800.0,99.8,2013,544,3.2429829,4.247780701,2304.899999512666,6295.499999298113,18.133333333333333,27
samsung,Android,10.16,yes,no,5.0,0.3,32.0,4.0,1800.0,121.9,2013,1032,3.460723361,5.179252259,2865.6000000682516,15979.499993782427,34.4,27
samsung,Android,12.88,yes,no,13.0,2.0,32.0,4.0,2800.0,154.0,2013,867,5.200208273,6.522871906,16317.899992857378,61247.699978487166,28.9,27
samsung,Android,10.16,no,no,3.15,1.3,16.0,4.0,1500.0,126.0,2013,1018,3.526654599,4.784821514,3060.8999999415246,10771.199997563908,33.93333333333333,27
samsung,Android,10.24,no,no,5.0,0.3,16.0,4.0,1800.0,132.5,2013,1004,3.295836866,5.016749895,2429.999999989481,13582.799998694565,33.46666666666667,27
samsung,Android,7.75,no,no,3.0,1.3,16.0,4.0,1300.0,118.9,2013,705,3.434632158,4.373994463,2791.8000007024366,7142.400000167007,23.5,27
samsung,Android,7.75,no,no,3.0,1.3,16.0,4.0,1300.0,118.2,2013,600,3.074543454,4.280962432,1947.6000000423005,6507.89999878393,20.0,27
samsung,Android,10.16,no,no,2.0,1.3,16.0,4.0,1500.0,121.0,2013,807,3.330774917,4.48919801,2516.39999907998,8014.500002118468,26.9,27
samsung,Android,25.43,yes,no,8.0,2.0,16.0,4.0,8220.0,130.4,2013,971,4.773815312,5.915581924,10653.300000364317,33369.299990998494,32.36666666666667,27
samsung,Android,12.88,yes,no,13.0,2.0,16.0,4.0,3200.0,168.0,2013,563,4.089164502,6.037679971,5372.0999990300215,37702.80000358385,18.766666666666666,27
samsung,Others,5.18,no,no,2.0,1.3,16.0,4.0,1200.0,99.5,2013,552,3.450622265,4.384398819,2836.80000002928,7217.10000130675,18.4,27
samsung,Android,10.16,no,no,5.0,1.3,16.0,4.0,1750.0,130.4,2013,724,3.353406718,4.933394214,2574.000000448373,12496.500003089026,24.133333333333333,27
samsung,Others,7.62,no,no,2.0,1.3,256.0,0.25,1000.0,118.8,2013,1005,4.088829382,4.79785453,5370.300002502611,10912.500001990526,33.5,27
samsung,Windows,12.12,yes,no,8.0,1.2,16.0,4.0,2000.0,144.0,2013,1080,4.569232079,5.736507779,8682.299998415807,27898.199992498045,36.0,27
samsung,Android,10.24,yes,no,16.0,1.9,32.0,4.0,2330.0,208.0,2013,831,4.445705411,5.640096923,7673.399997413568,25334.100000758295,27.7,27
samsung,Android,10.16,yes,no,5.0,0.3,16.0,4.0,1500.0,115.0,2013,674,3.375537635,4.866764924,2631.6000003116405,11691.000003781408,22.466666666666665,27
samsung,Android,10.24,yes,no,8.0,1.9,32.0,4.0,1900.0,107.0,2013,1073,4.03724497,5.431010908,5100.299999074152,20554.19999437839,35.766666666666666,27
samsung,Android,12.7,yes,no,8.0,2.0,16.0,4.0,2600.0,153.0,2013,1086,4.140114296,5.733858942,5652.899997364113,27824.399993359155,36.2,27
samsung,Android,20.32,yes,no,5.0,1.3,16.0,4.0,4450.0,314.0,2013,971,4.783567386,5.59697647,10757.70000118453,24264.89999178897,32.36666666666667,27
samsung,Android,25.43,yes,no,3.15,1.3,16.0,4.0,6800.0,510.0,2013,969,4.71357606,5.674628257,10030.500001686352,26224.199994077273,32.3,27
samsung,Android,25.43,no,no,3.15,1.3,16.0,4.0,6800.0,510.0,2013,1087,5.030699325,5.80733135,13773.599998181915,29945.69999147267,36.233333333333334,27
samsung,Android,25.43,no,no,3.15,1.3,16.0,4.0,6800.0,510.0,2013,774,4.979213424,5.560258465,13082.399998849853,23390.10001005404,25.8,27
samsung,Android,7.82,no,no,5.0,1.9,16.0,4.0,1500.0,119.1,2013,783,3.571221411,4.50335892,3200.4000011338885,8128.800001289175,26.1,27
samsung,Android,10.24,no,no,5.0,0.3,32.0,4.0,1800.0,124.0,2013,822,4.178072778,5.082955956,5871.600001451381,14512.500004703768,27.4,27
samsung,Android,17.78,no,no,3.15,1.3,32.0,4.0,4000.0,302.0,2013,849,4.244774041,4.933466231,6276.599998446512,12497.39999593675,28.3,27
samsung,Android,17.78,yes,no,3.15,1.3,32.0,4.0,4000.0,306.0,2013,614,4.547752915,5.008499682,8497.799998996066,13471.200000460256,20.466666666666665,27
samsung,Android,15.32,yes,no,8.0,1.9,32.0,4.0,3200.0,199.0,2013,745,4.083789048,5.706013318,5343.299998490068,27060.300005207475,24.833333333333332,27
samsung,Android,12.9,no,no,8.0,1.9,32.0,4.0,2600.0,182.0,2013,704,4.553666343,5.636038823,8548.199998965873,25231.500010857573,23.466666666666665,27
samsung,Android,10.16,no,no,3.15,1.3,16.0,4.0,1500.0,128.5,2013,984,3.824065727,5.135327738,4121.100001364067,15292.799999180705,32.8,27
samsung,Android,10.34,no,no,5.0,0.3,32.0,4.0,2000.0,143.9,2013,763,3.860729711,5.130017051,4274.999999826454,15211.79999823032,25.433333333333334,27
samsung,Android,7.62,no,no,2.0,1.3,16.0,4.0,1200.0,100.5,2013,715,3.431403224,4.500920165,2782.8000007813507,8109.000003127706,23.833333333333332,27
samsung,Android,7.62,no,no,2.0,1.3,16.0,4.0,1200.0,100.5,2013,737,3.371081758,4.258587006,2619.9000006352417,6363.900002442787,24.566666666666666,27
samsung,Android,12.7,yes,no,13.0,2.0,16.0,4.0,2600.0,130.0,2013,574,3.883211924,5.796908453,4372.200001862441,29635.200010500215,19.133333333333333,27
samsung,Android,12.7,no,no,13.0,2.0,16.0,4.0,2600.0,130.0,2013,985,4.100326634,5.768539722,5432.400000545151,28806.300003702192,32.833333333333336,27
samsung,Android,12.7,no,no,13.0,2.0,16.0,4.0,2600.0,132.0,2013,1032,4.864607093,6.135759677,11665.800000005016,41588.09998733744,34.4,27
samsung,Android,12.7,yes,no,13.0,2.0,16.0,4.0,2600.0,130.1,2013,887,4.800819203,6.087865041,10944.900000077614,39643.19998436879,29.566666666666666,27
samsung,Android,20.32,yes,no,5.0,1.3,16.0,4.0,4600.0,338.0,2013,644,4.963473803,5.770163048,12878.10000104772,28853.09999500611,21.466666666666665,27
samsung,Android,20.32,no,no,5.0,1.3,16.0,4.0,4600.0,338.0,2013,552,4.76669362,5.631068402,10577.69999846874,25106.399990776026,18.4,27
samsung,Android,5.28,no,no,2.0,1.3,16.0,4.0,1200.0,96.0,2013,965,3.741234684,4.782897874,3793.4999983010266,10750.500002453062,32.166666666666664,27
samsung,Others,7.75,no,no,3.15,1.3,16.0,4.0,1000.0,130.4,2013,913,3.612538221,4.378018613,3335.400000476249,7171.199998018291,30.433333333333334,27
samsung,Others,7.62,no,no,3.15,1.3,16.0,4.0,1000.0,130.4,2013,866,3.335413641,4.236422661,2528.099999706356,6224.400001150953,28.866666666666667,27
samsung,Others,7.62,no,no,2.0,1.3,16.0,4.0,1000.0,89.2,2013,542,2.855895328,4.073971772,1565.0999994268732,5291.09999780862,18.066666666666666,27
samsung,Others,5.28,no,no,1.3,1.3,16.0,4.0,1000.0,130.4,2013,620,3.283539338,3.880119456,2400.299999534527,4358.699998190539,20.666666666666668,27
samsung,Android,8.31,no,no,3.15,1.3,16.0,4.0,1300.0,112.0,2013,611,3.569250967,4.507336826,3194.1000010910875,8161.200002943518,20.366666666666667,27
samsung,Android,7.75,no,no,5.0,0.3,16.0,4.0,1300.0,120.6,2013,777,3.193352868,4.795046467,2193.300000795916,10881.899997974273,25.9,27
samsung,Android,10.29,yes,no,5.0,1.3,32.0,4.0,2000.0,139.1,2013,1024,3.90479696,5.188167623,4467.599998497071,16122.599999241444,34.13333333333333,27
samsung,Android,10.16,no,no,5.0,0.3,16.0,4.0,1700.0,148.5,2013,950,4.305685401,5.243438705,6670.799997217214,17038.79999935172,31.666666666666668,27
samsung,Android,10.24,no,no,8.0,2.0,32.0,4.0,1650.0,121.0,2013,963,4.14234076,5.34596402,5665.499997221886,18878.399999709472,32.1,27
samsung,Windows,10.16,yes,no,5.0,1.2,32.0,4.0,2100.0,125.0,2013,713,3.978933711,5.293857436,4811.400001391587,17919.900003119074,23.766666666666666,27
samsung,Android,11.81,yes,no,8.0,1.9,32.0,4.0,2100.0,134.0,2013,785,3.981922133,4.702750514,4825.800000927455,9922.499996755785,26.166666666666668,27
others,Android,15.29,yes,no,22.6,8.0,128.0,4.0,3130.0,146.0,2019,262,4.873669439,6.39582905,11771.99999972809,53940.60001229232,8.733333333333333,24
others,Android,15.21,yes,no,12.0,16.0,64.0,4.0,2900.0,165.0,2018,417,4.816645932,5.994235704,11119.499995167254,36099.90000347397,13.9,24
others,Android,12.88,yes,no,12.0,13.0,32.0,4.0,4000.0,175.0,2018,607,4.631325143,5.700844831,9238.499995704626,26920.80000891461,20.233333333333334,24
others,Android,12.83,yes,no,12.0,8.0,64.0,4.0,2700.0,140.0,2018,470,4.273745191,5.992863568,6461.100002659441,36050.399999218076,15.666666666666666,24
others,Android,15.24,yes,no,12.0,16.0,64.0,4.0,3200.0,167.4,2018,518,5.100110301,5.995655752,14763.600007029561,36151.200009889166,17.266666666666666,24
others,Android,15.24,yes,no,12.0,16.3,64.0,4.0,3130.0,181.0,2018,412,4.831986983,5.854441351,11291.400003742003,31390.200001842164,13.733333333333333,24
others,Android,15.24,yes,no,12.0,16.0,64.0,4.0,3200.0,165.4,2018,532,5.128833059,5.990088601,15193.800006752517,35950.50000258661,17.733333333333334,24
others,Android,12.83,yes,no,16.0,20.0,64.0,4.0,3020.0,140.0,2018,666,5.001930853,5.518376165,13382.99999376206,22430.700002235848,22.2,24
others,Android,12.75,yes,no,12.0,8.0,16.0,4.0,3100.0,165.0,2018,665,4.213312081,4.690797272,6082.199998259614,9804.600000436027,22.166666666666668,24
others,Android,12.83,yes,no,12.0,5.0,32.0,4.0,5000.0,165.0,2018,709,4.469350463,5.13732668,7857.00000121346,15323.399993013894,23.633333333333333,24
others,Android,12.83,yes,no,13.0,8.0,128.0,4.0,3020.0,140.0,2017,623,4.882423063,6.110358077,11875.500000601696,40544.999998037914,20.766666666666666,24
others,Android,12.88,yes,no,16.0,13.0,64.0,4.0,3100.0,185.0,2017,864,5.147145579,5.938248353,15474.600003925938,34134.300017044705,28.8,24
others,Android,12.83,yes,no,16.0,8.0,32.0,4.0,3000.0,160.0,2016,991,4.487062098,5.797546004,7997.40000393662,29654.09998611108,33.03333333333333,24
others,Android,12.83,yes,no,13.0,13.0,64.0,4.0,2600.0,151.0,2016,866,4.782897874,5.481638424,10750.500002453062,21621.600007025398,28.866666666666667,24
others,Android,12.88,yes,no,13.0,2.1,32.0,4.0,3000.0,168.0,2015,703,4.678420648,5.829856967,9684.00000263711,30627.90000272183,23.433333333333334,24
others,Android,12.75,yes,no,8.0,2.1,16.0,4.0,2030.0,154.0,2015,1043,4.162781724,5.700075613,5782.50000129916,26900.100007400906,34.766666666666666,24
others,Android,12.7,yes,no,8.0,1.2,32.0,4.0,2040.0,141.0,2014,1076,3.865350597,5.205653682,4294.7999990134185,16407.00000517449,35.86666666666667,24
others,Android,12.7,yes,no,12.0,8.0,64.0,4.0,4900.0,335.0,2018,426,5.320225619,6.55075171,18398.70000741622,62979.3000237171,14.2,24
others,Android,10.16,yes,no,8.0,1.0,16.0,4.0,4800.0,290.0,2014,654,5.21384821,6.551208898,16542.000001297114,63008.09998693346,21.8,24
others,Android,6.68,yes,no,5.0,2.0,32.0,4.0,4800.0,270.0,2014,997,4.456089963,6.19311885,7753.500000202067,44043.300018533126,33.233333333333334,24
sony,Android,15.37,yes,no,13.0,8.0,64.0,4.0,3330.0,180.0,2019,328,5.468439816,6.907495245,21338.10000245402,89976.59998413915,10.933333333333334,28
sony,Android,15.37,yes,no,13.0,8.0,64.0,4.0,3000.0,180.0,2019,252,4.772801027,6.061689992,10642.499996040538,38619.000000097345,8.4,28
sony,Android,15.24,yes,no,13.0,8.0,64.0,4.0,2870.0,162.0,2019,235,4.914271226,5.862579486,12259.800002290474,31646.69998724008,7.833333333333333,28
sony,Android,12.88,yes,no,13.0,8.0,32.0,4.0,3300.0,156.0,2019,195,4.319885238,5.28902432,6766.199999079584,17833.50000648348,6.5,28
sony,Android,15.24,yes,no,19.0,13.0,64.0,4.0,3300.0,193.0,2018,662,5.340418543,6.214248034,18774.000008135303,44983.800017695015,22.066666666666666,28
sony,Android,15.24,yes,no,23.0,8.0,64.0,4.0,3580.0,205.0,2018,556,4.823421791,5.941906588,11195.09999751611,34259.39999110496,18.533333333333335,28
sony,Android,12.9,yes,no,19.0,13.0,64.0,4.0,3540.0,236.0,2018,520,5.208720833,6.800615403,16457.40000434014,80855.9999656982,17.333333333333332,28
sony,Android,12.88,yes,no,19.0,5.0,64.0,4.0,3180.0,198.0,2018,717,4.473807868,6.13222599,7892.100001647362,41441.400007615935,23.9,28
sony,Android,12.7,yes,no,19.0,5.0,64.0,4.0,2870.0,168.0,2018,703,4.502694394,6.155537269,8123.3999967599375,42418.80000656897,23.433333333333334,28
sony,Android,15.24,yes,no,23.0,8.0,32.0,4.0,3580.0,221.0,2018,454,4.915665057,5.800001332,12276.90000607671,29726.999988205986,15.133333333333333,28
sony,Android,12.75,yes,no,23.0,8.0,32.0,4.0,3300.0,171.0,2018,436,4.637056375,5.598421959,9291.600001389903,24300.000000039505,14.533333333333333,28
sony,Android,12.83,yes,no,13.0,8.0,32.0,4.0,3300.0,178.0,2018,694,4.678327707,5.246866165,9683.100003816908,17097.300000735908,23.133333333333333,28
sony,Android,12.75,yes,no,19.0,13.0,64.0,4.0,2700.0,155.0,2017,636,4.511408806,5.559604128,8194.4999985773,23374.80000840825,21.2,28
sony,Android,12.83,yes,no,23.0,8.0,32.0,4.0,3430.0,189.0,2017,728,4.728183962,5.600567803,10178.10000118844,24352.199995733143,24.266666666666666,28
sony,Android,10.31,yes,no,19.0,8.0,32.0,4.0,2700.0,140.0,2017,747,4.598145571,5.796483192,8936.999999543077,29622.599995046014,24.9,28
sony,Android,12.83,yes,no,13.0,5.0,16.0,4.0,2620.0,180.0,2017,786,4.108904714,5.248759408,5479.200002446846,17129.70000514417,26.2,28
sony,Android,12.75,yes,no,19.0,13.0,32.0,4.0,2900.0,161.0,2017,661,4.553982149,5.702648499,8550.899998130279,26969.40001038328,22.033333333333335,28
sony,Android,13.87,yes,no,19.0,13.0,64.0,4.0,3230.0,195.0,2017,675,4.938494616,6.038872805,12560.399995998589,37747.80001876165,22.5,28
sony,Android,15.24,yes,no,23.0,16.0,32.0,4.0,2700.0,188.0,2017,705,4.931159093,5.630638141,12468.600005056527,25095.60000958156,23.5,28
sony,Android,12.7,yes,no,23.0,8.0,32.0,4.0,2300.0,143.0,2017,615,4.592793915,5.139731867,8889.300000710822,15360.299993384846,20.5,28
sony,Android,10.31,yes,no,23.0,5.0,32.0,4.0,2700.0,135.0,2016,922,4.66192852,5.519098129,9525.600001841296,22446.900007338827,30.733333333333334,28
sony,Android,12.75,yes,no,23.0,13.0,32.0,4.0,2900.0,161.0,2016,603,4.869916227,5.525771613,11727.899998160896,22597.199989846376,20.1,28
sony,Android,12.7,yes,no,13.0,5.0,16.0,4.0,2300.0,147.0,2016,853,4.02731405,5.010435274,5049.90000119743,13497.299998736802,28.433333333333334,28
sony,Android,15.24,yes,no,21.5,16.0,16.0,4.0,2700.0,202.0,2016,1091,4.864066907,5.521460918,11659.499999905334,22500.000003099452,36.36666666666667,28
sony,Android,12.7,yes,no,23.0,13.0,32.0,4.0,2700.0,164.4,2016,1066,5.1075805,5.700109069,14874.299997728178,26900.999992201607,35.53333333333333,28
sony,Android,12.7,yes,no,23.0,13.0,32.0,4.0,2620.0,153.0,2016,818,4.768139014,5.293304825,10592.999997179813,17910.00000493434,27.266666666666666,28
sony,Android,12.7,yes,no,13.0,8.0,16.0,4.0,2300.0,137.4,2016,555,4.543294782,5.301063592,8459.99999771577,18049.499996100196,18.5,28
sony,Android,12.7,yes,no,13.0,8.0,16.0,4.0,2300.0,137.4,2016,621,4.325720798,5.297817242,6805.799996850365,17991.000008881176,20.7,28
sony,Android,12.83,yes,no,23.0,5.1,32.0,4.0,3430.0,180.0,2015,793,4.935193099,5.703982455,12519.000000883878,27005.40000921243,26.433333333333334,28
sony,Android,12.83,yes,no,23.0,5.1,32.0,4.0,3430.0,180.0,2015,1016,4.848430041,5.483343596,11478.600001295645,21658.50000543372,33.86666666666667,28
sony,Android,12.75,yes,no,23.0,5.1,32.0,4.0,2900.0,154.0,2015,694,4.703657133,5.523538758,9931.500002952185,22546.80000772877,23.133333333333333,28
sony,Android,12.75,yes,no,23.0,5.1,32.0,4.0,2900.0,154.0,2015,973,4.877484781,5.391989842,11816.999996351491,19767.599991882005,32.43333333333333,28
sony,Android,10.31,yes,no,23.0,5.1,32.0,4.0,2700.0,138.0,2015,700,4.377390906,5.31266396,7166.699998069622,18260.099995344437,23.333333333333332,28
sony,Android,12.7,yes,no,21.2,13.0,16.0,4.0,2600.0,142.6,2015,647,4.448984103,5.263415315,7698.6000015492455,17382.600008017336,21.566666666666666,28
sony,Android,12.7,yes,no,21.2,13.0,16.0,4.0,2600.0,142.5,2015,693,4.733387484,5.013564334,10231.200002160364,13539.60000538692,23.1,28
sony,Android,15.24,yes,no,13.0,13.0,16.0,4.0,2930.0,187.0,2015,894,4.913022465,5.664903037,12244.499997192885,25970.400010510653,29.8,28
sony,Android,15.24,yes,no,13.0,13.0,16.0,4.0,2930.0,187.0,2015,848,4.428433007,5.293857436,7541.99999631922,17919.900003119074,28.266666666666666,28
sony,Android,12.75,yes,no,20.7,5.1,32.0,4.0,2930.0,144.0,2015,545,4.539030383,5.770131855,8423.999995926606,28852.199994294908,18.166666666666668,28
sony,Android,12.75,yes,no,20.7,5.1,32.0,4.0,2930.0,144.0,2015,795,4.29837325,5.66787892,6622.2000021414315,26047.799991929172,26.5,28
sony,Android,12.83,yes,no,13.0,5.0,16.0,4.0,2600.0,147.0,2015,842,4.307303088,5.521140867,6681.599996806563,22492.800007842758,28.066666666666666,28
sony,Android,12.83,yes,no,13.0,5.0,16.0,4.0,2600.0,147.0,2015,806,4.585477553,5.384495063,8824.500003156032,19620.000004138077,26.866666666666667,28
sony,Android,12.7,yes,no,13.0,5.0,32.0,4.0,2400.0,135.0,2015,765,4.416790315,5.30051495,7454.7000029060455,18039.59999834895,25.5,28
sony,Android,12.7,yes,no,13.0,5.0,32.0,4.0,2400.0,136.0,2015,797,4.299052551,5.253372301,6626.699997477709,17208.90000852067,26.566666666666666,28
sony,Android,25.43,no,no,8.1,5.1,32.0,4.0,6000.0,389.0,2015,662,4.853903508,5.988434963,11541.599996522547,35891.10001623652,22.066666666666666,28
sony,Android,25.43,yes,no,8.1,5.1,32.0,4.0,6000.0,393.0,2015,631,4.533136983,6.213927867,8374.499999260872,44969.39999472384,21.033333333333335,28
sony,Android,10.34,yes,no,5.0,2.0,32.0,4.0,2300.0,135.0,2015,817,3.788045826,4.864761378,3975.300001556587,11667.599996810699,27.233333333333334,28
sony,Android,10.34,yes,no,5.0,2.0,32.0,4.0,2300.0,135.0,2015,1010,4.065430552,4.99396376,5246.099999698566,13276.800002545375,33.666666666666664,28
sony,Android,12.7,no,no,5.0,2.0,32.0,4.0,2300.0,144.0,2015,682,4.186923744,4.783483721,5923.8000028718925,10756.799995863928,22.733333333333334,28
sony,Android,12.7,no,no,5.0,2.0,32.0,4.0,2300.0,144.0,2015,713,4.127134385,4.782730426,5579.999999748387,10748.700003435973,23.766666666666666,28
sony,Android,10.29,no,no,5.0,0.3,16.0,4.0,2330.0,143.8,2014,954,3.390136434,5.239681391,2670.299999191619,16974.89999892924,31.8,28
sony,Android,10.29,yes,no,5.0,0.3,16.0,4.0,2330.0,143.8,2014,879,4.21597205,5.13066765,6098.399997903379,15221.70000021386,29.3,28
sony,Android,20.32,yes,no,8.1,2.2,16.0,4.0,4500.0,270.0,2014,617,4.935552488,5.940828931,12523.50000035191,34222.49999522932,20.566666666666666,28
sony,Android,12.75,yes,no,20.7,2.2,16.0,4.0,3100.0,152.0,2014,982,4.966544073,5.992314186,12917.700005382943,36030.59999774592,32.733333333333334,28
sony,Android,12.75,yes,no,20.7,2.2,32.0,4.0,3200.0,170.6,2014,1094,4.724640686,5.914367497,10142.100000362498,33328.80000923157,36.46666666666667,28
sony,Android,12.75,yes,no,20.7,2.2,16.0,4.0,3100.0,152.0,2014,686,4.422208424,5.189729426,7495.199997701121,16147.799997882425,22.866666666666667,28
sony,Android,10.31,yes,no,20.7,2.2,16.0,4.0,2600.0,129.0,2014,1047,4.415582293,5.701045399,7445.699998495286,26926.20000144553,34.9,28
sony,Android,10.36,yes,no,8.0,0.3,32.0,4.0,2300.0,149.0,2014,1046,3.73289634,5.299067085,3762.000001765466,18013.499992099587,34.86666666666667,28
sony,Android,12.83,no,no,8.0,5.0,32.0,4.0,2500.0,149.7,2014,615,4.138680376,5.5198997,5644.799999762058,22464.90000459874,20.5,28
sony,Android,12.83,yes,no,8.0,5.0,32.0,4.0,2500.0,149.7,2014,808,4.118549251,5.25248283,5532.30000044857,17193.599996488425,26.933333333333334,28
sony,Android,12.7,yes,no,20.7,0.3,16.0,4.0,3000.0,163.0,2014,568,4.539350845,5.526090186,8426.700000414616,22604.399994441388,18.933333333333334,28
sony,Android,12.78,yes,no,8.0,1.1,32.0,4.0,2500.0,148.0,2014,845,4.377265318,5.295964601,7165.800003065736,17957.70000063858,28.166666666666668,28
sony,Android,10.36,yes,no,8.0,0.3,32.0,4.0,2300.0,148.0,2014,724,4.068171688,5.131849474,5260.500000430951,15239.700004918626,24.133333333333333,28
sony,Android,10.36,no,no,8.0,0.3,32.0,4.0,2300.0,148.0,2014,962,3.683615624,5.197502061,3581.099998428481,16273.799994967805,32.06666666666667,28
sony,Android,25.43,yes,no,8.1,2.2,16.0,4.0,6000.0,439.0,2014,626,5.162211234,5.859931157,15709.500007052859,31562.999995387625,20.866666666666667,28
sony,Android,25.43,no,no,8.1,2.2,16.0,4.0,6000.0,426.0,2014,687,5.176714545,5.93740427,15939.000003366515,34105.49999119948,22.9,28
sony,Android,12.75,yes,no,20.7,2.2,16.0,4.0,3200.0,163.0,2014,1032,4.770854102,5.56471196,10621.80000394045,23494.500003370027,34.4,28
sony,Android,10.16,no,no,3.15,2.0,16.0,4.0,1750.0,122.0,2014,666,4.01566204,4.799008503,4991.399999063452,10925.100000986398,22.2,28
sony,Android,10.16,no,no,3.15,2.0,16.0,4.0,1700.0,120.0,2014,756,3.789403292,4.944424264,3980.700000476746,12635.100000203935,25.2,28
sony,Android,15.24,no,no,13.0,1.1,32.0,4.0,3000.0,171.8,2014,1014,4.814052528,5.636965805,11090.700000554187,25254.90000120995,33.8,28
sony,Android,15.24,yes,no,13.0,1.1,32.0,4.0,3000.0,171.7,2014,647,4.114637265,5.43581588,5510.69999730051,20653.200005500556,21.566666666666666,28
sony,Android,12.7,yes,no,20.7,2.0,32.0,4.0,3000.0,162.0,2014,794,4.527100531,5.557368456,8324.100003611258,23322.59999531997,26.466666666666665,28
sony,Android,10.24,yes,no,20.7,2.0,16.0,4.0,2300.0,137.0,2014,1054,4.36500763,5.772219636,7078.500003508906,28912.499993944868,35.13333333333333,28
sony,Android,12.7,yes,no,20.7,2.0,16.0,4.0,3000.0,170.0,2013,1060,4.422808628,5.799819663,7499.699997044255,29721.60000436482,35.333333333333336,28
sony,Android,15.34,yes,no,8.0,2.0,16.0,4.0,3050.0,212.0,2013,1081,4.121959729,5.634468123,5551.199998584035,25191.900001799077,36.03333333333333,28
sony,Android,12.7,no,no,8.0,0.3,16.0,4.0,2390.0,153.0,2013,763,4.273605886,5.393309314,6460.200001812338,19793.700001908008,25.433333333333334,28
sony,Android,10.16,no,no,5.0,0.3,16.0,4.0,1750.0,115.0,2013,934,3.918402612,4.873287103,4528.799998223872,11767.500000646833,31.133333333333333,28
sony,Android,11.56,yes,no,13.1,0.3,32.0,4.0,2300.0,138.0,2013,601,4.392842927,5.437122329,7278.299999215905,20680.199991206395,20.033333333333335,28
sony,Android,10.24,no,no,8.0,0.3,32.0,4.0,1750.0,137.0,2013,673,3.697343533,4.863680881,3630.600001720666,11654.999998373047,22.433333333333334,28
sony,Android,10.31,yes,no,8.0,0.3,32.0,4.0,2370.0,155.0,2013,588,4.325720798,5.191288794,6805.799996850365,16173.0000034042,19.6,28
sony,Android,25.43,yes,no,8.1,2.2,16.0,4.0,6000.0,495.0,2013,704,5.030241824,5.857475907,13767.300003645938,31485.599996704572,23.466666666666665,28
sony,Android,25.43,no,no,8.1,2.2,16.0,4.0,6000.0,495.0,2013,607,4.829912459,5.702147806,11268.000003763533,26955.900000546117,20.233333333333334,28
sony,Android,12.7,yes,no,13.1,2.2,16.0,4.0,2330.0,146.0,2013,930,4.566117459,5.598755237,8655.300002385484,24308.100005141274,31.0,28
sony,Android,12.7,yes,no,13.0,2.0,16.0,4.0,2370.0,151.0,2013,558,4.213312081,5.558795238,6082.199998259614,23355.90001146923,18.6,28
spice,Android,10.29,no,no,5.0,2.0,16.0,4.0,1700.0,107.0,2014,811,3.548754946,4.494797129,3129.299999938133,8059.500003975586,27.033333333333335,29
spice,Android,12.7,no,no,8.0,1.3,16.0,4.0,1800.0,177.0,2014,592,4.110709916,4.406597289,5489.099998307355,7379.100002891967,19.733333333333334,29
spice,Android,7.75,no,no,2.0,1.3,16.0,4.0,1750.0,112.0,2014,998,3.057297629,3.689129423,1914.299999593889,3600.9000004711997,33.266666666666666,29
spice,Android,10.16,no,no,2.0,1.3,16.0,4.0,1750.0,122.0,2014,593,3.335413641,3.945651186,2528.099999706356,4653.899998100604,19.766666666666666,29
spice,Android,10.16,no,no,2.0,1.3,16.0,4.0,1750.0,155.0,2014,1055,3.667400422,4.077537444,3523.4999984608926,5310.000000500629,35.166666666666664,29
spice,Android,12.7,no,no,8.0,1.3,16.0,4.0,1800.0,190.0,2014,692,4.061304708,4.391357962,5224.49999924819,7267.4999992531475,23.066666666666666,29
spice,Android,10.29,no,no,3.15,1.3,16.0,4.0,1450.0,156.0,2014,711,3.374853406,4.094511215,2629.7999991517495,5400.899999992322,23.7,29
spice,Android,10.29,no,no,5.0,1.3,16.0,4.0,2100.0,158.0,2013,1053,3.587400285,4.715727177,3252.599999466306,10052.100004495947,35.1,29
spice,Android,10.16,no,no,3.15,1.3,512.0,0.25,2100.0,158.0,2013,1025,3.02140002,3.902578547,1846.7999994412162,4457.7000017824275,34.166666666666664,29
spice,Android,7.75,no,no,1.3,0.3,512.0,0.25,2100.0,158.0,2013,794,2.660259537,3.732657076,1286.999999657836,3761.0999982705566,26.466666666666665,29
spice,Android,10.29,no,no,8.0,2.0,16.0,4.0,2100.0,155.0,2013,802,4.009512627,5.006694205,4960.800001461437,13446.900001842307,26.733333333333334,29
spice,Android,10.29,no,no,8.0,1.3,16.0,4.0,2100.0,190.0,2013,814,3.785552341,4.382151627,3965.399998516158,7200.900000993488,27.133333333333333,29
spice,Android,10.29,no,no,5.0,1.3,16.0,4.0,1730.0,123.3,2013,1086,3.842029634,4.367420482,4195.800001646387,7095.599997981163,36.2,29
spice,Android,10.29,no,no,3.15,1.3,16.0,4.0,2100.0,108.0,2013,1083,3.461351304,4.248066579,2867.3999986181925,6297.30000152517,36.1,29
spice,Android,10.16,no,no,5.0,1.3,16.0,4.0,2100.0,100.0,2013,1020,3.370050653,4.245490733,2617.200000875928,6281.099999817467,34.0,29
spice,Android,7.75,no,no,3.15,1.3,16.0,4.0,2100.0,125.0,2013,1028,3.294354286,3.660737148,2426.3999998929803,3500.0999994131876,34.266666666666666,29
spice,Android,12.7,no,no,8.0,2.0,32.0,4.0,2100.0,175.0,2013,894,4.28661645,5.06354395,6544.800000855909,14233.500003534773,29.8,29
spice,Android,12.7,no,no,5.0,0.3,16.0,4.0,2000.0,161.0,2013,967,3.568969157,4.874433673,3193.19999859059,11781.000000991326,32.233333333333334,29
spice,Android,12.7,no,no,8.0,3.0,16.0,4.0,2100.0,176.0,2013,1088,4.100160948,5.395897695,5431.500002479261,19845.000002244466,36.266666666666666,29
spice,Android,12.7,no,no,5.0,1.3,16.0,4.0,2100.0,186.0,2013,667,4.023206534,4.492001488,5029.199998044843,8037.000000944719,22.233333333333334,29
spice,Android,10.29,no,no,5.0,1.3,16.0,4.0,2100.0,143.0,2013,878,3.673511977,4.380650688,3545.1000000609242,7190.099996448447,29.266666666666666,29
spice,Android,10.29,no,no,3.15,1.3,16.0,4.0,2100.0,130.0,2013,1054,3.547603867,4.238011912,3125.700000762725,6234.299999784832,35.13333333333333,29
spice,Android,10.16,no,no,3.15,1.3,16.0,4.0,1300.0,90.0,2013,858,3.237893831,3.909219078,2293.200000678873,4487.399999571849,28.6,29
spice,Android,7.75,no,no,3.15,1.3,16.0,4.0,1500.0,135.0,2013,615,3.161246712,3.695110004,2123.9999999329575,3622.500000490587,20.5,29
spice,Android,17.78,no,no,3.15,1.3,16.0,4.0,3000.0,450.0,2013,959,4.341595189,4.790404164,6914.700000832923,10831.49999751871,31.966666666666665,29
spice,Android,12.7,no,no,5.0,1.3,16.0,4.0,2100.0,185.0,2013,747,3.888344878,4.600157644,4394.699999676686,8954.999998526482,24.9,29
spice,Android,12.78,no,no,8.0,5.0,16.0,4.0,2550.0,196.3,2013,912,4.134366237,5.34610703,5620.500002407897,18881.09999275182,30.4,29
spice,Android,12.78,no,no,8.0,5.0,16.0,4.0,2550.0,196.3,2013,730,3.986388087,5.249757176,4847.39999814125,17146.800001154676,24.333333333333332,29
spice,Android,25.4,no,no,3.15,0.3,16.0,4.0,7600.0,158.0,2013,917,4.39172941,5.189283446,7270.199999016583,16140.600007684518,30.566666666666666,29
spice,Android,10.29,no,no,8.0,1.3,16.0,4.0,2100.0,158.0,2013,994,4.306090069,5.006894974,6673.500002776567,13449.599993537027,33.13333333333333,29
others,Android,7.75,no,no,3.15,0.3,16.0,4.0,1750.0,100.0,2013,587,3.555919327,4.500698164,3151.8000004484825,8107.199996827003,19.566666666666666,24
others,Android,17.78,no,no,0.3,2.0,32.0,4.0,3500.0,354.4,2014,571,4.333492688,4.388132953,6858.900002208385,7244.099999234719,19.033333333333335,24
others,Android,17.78,no,no,0.3,2.0,32.0,4.0,3500.0,354.4,2014,791,4.146937012,4.24247717,5691.599998057623,6262.200001729645,26.366666666666667,24
others,Android,25.43,no,no,8.0,1.2,32.0,4.0,2000.0,630.5,2013,1085,5.094486126,5.350909817,14680.79999609197,18972.00000631374,36.166666666666664,24
others,Android,25.43,no,no,8.0,1.2,32.0,4.0,2000.0,671.3,2013,549,4.935264987,6.086615623,12519.899999105088,39593.699986264364,18.3,24
others,Android,25.43,no,no,1.2,0.3,16.0,4.0,2000.0,598.7,2013,667,4.987639574,5.435162014,13193.09999601648,20639.699994305913,22.233333333333334,24
others,Android,12.7,yes,no,13.0,8.0,16.0,4.0,2200.0,153.0,2016,779,4.620058798,5.070161273,9134.99999559837,14327.99999412147,25.966666666666665,24
others,Android,15.24,yes,no,13.0,8.0,16.0,4.0,2500.0,207.0,2016,724,4.654626795,5.252273428,9456.300002830427,17189.999999198426,24.133333333333333,24
others,Android,12.83,no,no,8.0,5.0,32.0,4.0,2500.0,170.0,2015,1044,4.447111881,4.943996792,7684.199997465625,12629.700002992678,34.8,24
others,Android,12.7,no,no,8.0,5.0,32.0,4.0,2500.0,161.0,2015,790,4.178685711,4.692723083,5875.200002021941,9823.500000039754,26.333333333333332,24
others,Android,12.83,no,no,8.0,5.0,32.0,4.0,2500.0,172.0,2015,590,4.099000374,4.941570991,5425.2000013113,12599.09999386759,19.666666666666668,24
others,Android,12.7,no,no,8.0,1.3,16.0,4.0,2100.0,159.0,2014,873,3.949896658,4.687395126,4673.70000067195,9771.299997618144,29.1,24
others,Android,10.29,yes,no,8.0,1.3,32.0,4.0,2500.0,130.0,2015,943,4.12049952,5.068023311,5543.10000166874,14297.399997069237,31.433333333333334,24
others,Others,5.18,no,no,1.3,2.0,128.0,0.25,2100.0,98.0,2014,713,3.335057579,4.246063717,2527.1999996016866,6284.700000892781,23.766666666666666,24
others,Android,10.29,no,no,5.0,0.3,16.0,4.0,1650.0,142.0,2014,958,3.744314161,4.506343832,3805.1999999922496,8153.100002599235,31.933333333333334,24
others,Android,12.7,no,no,8.0,2.0,32.0,4.0,2500.0,112.0,2015,1087,4.251490751,4.867303655,6318.899999815759,11697.300004754983,36.233333333333334,24
others,Android,12.7,no,no,8.0,5.0,32.0,4.0,2500.0,135.0,2015,547,4.009694033,5.192512308,4961.700001976778,16192.800005650317,18.233333333333334,24
others,Android,10.16,no,no,8.0,1.3,16.0,4.0,2500.0,128.0,2015,782,3.903385812,4.373868447,4461.299999855085,7141.50000019698,26.066666666666666,24
others,Android,10.16,no,no,5.0,1.3,512.0,0.25,2500.0,112.0,2015,543,3.073618812,3.913422026,1945.799999589315,4506.299998459506,18.1,24
others,Others,5.13,no,no,2.0,2.0,128.0,0.25,2100.0,110.0,2014,927,3.780318514,4.107589789,3944.699998300948,5472.000000152554,30.9,24
others,Android,7.75,no,no,2.0,0.3,16.0,4.0,1200.0,105.0,2014,1088,3.408172995,4.112511866,2718.8999989162994,5498.999999023656,36.266666666666666,24
others,Android,12.7,yes,no,8.0,2.0,16.0,4.0,2000.0,140.0,2014,621,4.154812309,5.194843958,5736.600000062013,16230.59999883528,20.7,24
others,Android,17.78,no,no,3.15,0.3,16.0,4.0,2500.0,250.0,2014,683,4.284827171,4.70157068,6533.099998061307,9910.799997280408,22.766666666666666,24
vivo,Android,15.42,yes,no,13.0,16.0,256.0,4.0,4000.0,190.25,2019,407,5.408740048,6.273556021,20101.500004057943,47732.399988233105,13.566666666666666,30
vivo,Android,16.59,yes,no,13.0,16.0,128.0,4.0,3940.0,189.5,2019,351,4.749010756,5.705547583,10392.300000376568,27047.700010741522,11.7,30
vivo,Android,16.23,yes,no,13.0,16.0,256.0,4.0,4000.0,188.0,2019,237,5.196616812,6.172785604,16259.400004525036,43156.80001862852,7.9,30
vivo,Android,16.59,yes,no,13.0,16.0,64.0,4.0,4000.0,189.5,2019,415,5.001123534,5.735378036,13372.200003695278,27866.699993146147,13.833333333333334,30
vivo,Android,16.28,yes,no,13.0,12.0,256.0,4.0,4000.0,180.0,2019,305,4.941499555,5.989813184,12598.199996706913,35940.59998710625,10.166666666666666,30
vivo,Android,16.23,yes,no,13.0,16.0,128.0,4.0,3700.0,185.0,2019,430,5.07467369,5.884352498,14392.7999972345,32343.299986695612,14.333333333333334,30
vivo,Android,15.9,yes,no,13.0,16.0,64.0,4.0,3260.0,149.3,2019,375,4.808845454,5.356020077,11033.09999882053,19069.20000617221,12.5,30
vivo,Android,16.23,yes,no,13.0,12.0,128.0,4.0,3500.0,199.0,2018,603,4.830231896,6.552194,11271.599994835296,63070.19997463591,20.1,30
vivo,Android,15.29,yes,no,13.0,8.0,128.0,4.0,4030.0,165.0,2018,411,4.761062206,5.435118408,10518.300000577816,20638.799999170697,13.7,30
vivo,Android,15.8,yes,no,13.0,20.0,64.0,4.0,4030.0,163.5,2018,607,4.973417906,5.521620905,13006.799996365384,22503.599998568505,20.233333333333334,30
vivo,Android,15.9,yes,no,13.0,16.0,32.0,4.0,3260.0,156.2,2018,623,4.645928178,5.137620306,9374.399995685348,15327.900002287768,20.766666666666666,30
vivo,Android,15.29,yes,no,13.0,8.0,64.0,4.0,4030.0,163.5,2018,621,4.311335894,5.297867265,6708.599999657107,17991.899995184438,20.7,30
vivo,Android,15.8,yes,no,13.0,8.0,16.0,4.0,4030.0,163.5,2019,261,4.203647297,4.595523809,6023.699999322026,8913.600000567923,8.7,30
vivo,Android,15.8,yes,no,13.0,8.0,64.0,4.0,4030.0,163.5,2019,198,4.526667958,5.305541212,8320.500001388411,18130.500006574905,6.6,30
vivo,Android,15.8,yes,no,13.0,8.0,32.0,4.0,4030.0,163.5,2018,538,4.747624154,5.292349595,10377.90000225175,17892.90000414677,17.933333333333334,30
vivo,Android,15.8,yes,no,13.0,5.0,16.0,4.0,3260.0,143.0,2018,558,4.191017449,4.874204464,5948.099997130867,11778.29999920627,18.6,30
vivo,Android,15.32,yes,no,13.0,12.0,64.0,4.0,3315.0,164.0,2018,477,4.794467357,5.521660898,10875.600005236916,22504.50000304008,15.9,30
vivo,Android,15.32,yes,no,13.0,24.0,128.0,4.0,3315.0,164.0,2018,648,4.888542987,5.855616187,11948.400001771068,31427.10001033647,21.6,30
vivo,Android,15.24,yes,no,8.0,5.0,16.0,4.0,3360.0,150.0,2018,589,4.085135623,4.78615752,5350.499999268102,10785.600002492449,19.633333333333333,30
vivo,Android,15.32,yes,no,13.0,25.0,128.0,4.0,3315.0,164.0,2018,448,5.159974417,5.628160537,15674.400001155327,25033.50001198349,14.933333333333334,30
vivo,Android,15.32,yes,no,13.0,16.0,128.0,4.0,3315.0,162.0,2018,385,4.971062519,5.522540335,12976.20000030582,22524.299998157283,12.833333333333334,30
vivo,Android,16.28,yes,no,13.0,12.0,128.0,4.0,3400.0,156.2,2018,589,4.639764831,6.216067034,9316.800002305064,45065.700015392824,19.633333333333333,30
vivo,Android,16.28,yes,no,13.0,25.0,64.0,4.0,3400.0,156.0,2018,408,4.958007777,5.856417721,12807.900003899122,31452.299997490245,13.6,30
vivo,Android,15.8,yes,no,13.0,8.0,64.0,4.0,3260.0,152.0,2018,449,4.309321524,5.299816243,6695.099998639218,18027.00000591696,14.966666666666667,30
vivo,Android,15.32,yes,no,13.0,12.0,64.0,4.0,3260.0,150.0,2018,376,4.74701691,5.695414225,10371.599997756337,26775.00000038331,12.533333333333333,30
vivo,Android,15.9,yes,no,13.0,16.0,128.0,4.0,3260.0,149.3,2018,591,4.933898228,5.519338667,12502.800001551936,22452.299989197192,19.7,30
vivo,Android,16.74,yes,no,13.0,16.0,128.0,4.0,4000.0,199.0,2018,583,4.830790667,6.549164215,11277.899998001623,62879.400016187356,19.433333333333334,30
vivo,Android,16.74,yes,no,13.0,16.0,128.0,4.0,4000.0,199.0,2018,465,4.997279839,6.398478455,13320.899999345978,54083.69998885894,15.5,30
vivo,Android,15.9,yes,no,13.0,24.0,64.0,4.0,3260.0,149.3,2018,667,4.880298792,5.704415608,11850.299995636095,27017.100013005547,22.233333333333334,30
vivo,Android,15.8,yes,no,13.0,8.0,64.0,4.0,3260.0,150.0,2018,658,4.868610794,5.521260898,11712.599999217158,22495.500003158842,21.933333333333334,30
vivo,Android,15.8,yes,no,13.0,5.0,32.0,4.0,3260.0,146.5,2018,453,4.666077121,5.191900738,9565.200001036745,16182.900002531878,15.1,30
vivo,Android,15.95,yes,no,13.0,24.0,128.0,4.0,3425.0,159.0,2018,537,4.772801027,6.063226913,10642.499996040538,38678.39998704767,17.9,30
vivo,Android,15.24,yes,no,13.0,5.0,16.0,4.0,3360.0,150.0,2018,523,4.450852826,4.947269418,7713.000003056401,12671.099993988379,17.433333333333334,30
vivo,Android,15.32,yes,no,13.0,16.0,32.0,4.0,3260.0,150.0,2018,679,4.660131744,5.55667361,9508.499999409849,23306.4000089033,22.633333333333333,30
vivo,Android,15.32,yes,no,13.0,24.0,64.0,4.0,3260.0,150.0,2018,430,4.873975203,5.70687768,11775.600003883788,27083.700011821937,14.333333333333334,30
vivo,Android,15.95,yes,no,13.0,12.0,128.0,4.0,3200.0,156.2,2018,582,5.273255936,6.311190196,17554.500000830933,49562.999986695526,19.4,30
vivo,Android,15.95,yes,no,13.0,12.0,64.0,4.0,3200.0,156.2,2018,475,5.217215765,6.111533856,16597.79999815772,40592.699994422386,15.833333333333334,30
vivo,Android,12.88,yes,no,16.0,24.0,32.0,4.0,3000.0,139.0,2017,597,5.05675523,5.520059937,14137.200004102493,22468.50000119941,19.9,30
vivo,Android,16.33,yes,no,13.0,12.0,64.0,4.0,3900.0,181.5,2017,540,5.007229501,6.111644707,13454.100000519025,40597.199985219086,18.0,30
vivo,Android,16.33,yes,no,13.0,12.0,128.0,4.0,3900.0,181.5,2018,475,4.969604945,6.311734809,12957.30000598286,49589.99999241697,15.833333333333334,30
vivo,Android,15.27,yes,no,13.0,12.0,64.0,4.0,3250.0,159.0,2017,863,5.058599721,5.96729992,14163.300005484414,35140.4999961808,28.766666666666666,30
vivo,Android,15.21,yes,no,16.0,24.0,64.0,4.0,3225.0,160.0,2017,610,4.871449852,5.889210313,11745.899997892355,32500.799997750128,20.333333333333332,30
vivo,Android,12.83,yes,no,13.0,5.0,16.0,4.0,3000.0,157.0,2017,799,4.396299294,5.133206846,7303.500000287759,15260.399992607308,26.633333333333333,30
vivo,Android,12.83,yes,no,13.0,16.0,32.0,4.0,3000.0,162.8,2017,843,4.589751933,5.297967305,8862.299997698363,17993.69999489445,28.1,30
vivo,Android,14.86,yes,no,16.0,14.0,64.0,4.0,4015.0,183.2,2017,662,5.05299211,5.9696023,14084.099997534146,35221.49999116479,22.066666666666666,30
vivo,Android,12.83,yes,no,16.0,14.0,64.0,4.0,3320.0,154.0,2017,582,4.679256729,5.863687992,9692.099996697028,31681.799994746412,19.4,30
vivo,Android,12.83,yes,no,13.0,20.0,64.0,4.0,3000.0,154.0,2017,797,4.656528478,5.628879315,9474.29999750605,25051.500009281153,26.566666666666666,30
vivo,Android,10.29,yes,no,5.0,2.0,16.0,4.0,1900.0,157.8,2017,843,4.131800899,4.795294555,5606.099998508473,10884.600001686385,28.1,30
vivo,Android,12.75,yes,no,13.0,5.0,16.0,4.0,2730.0,142.0,2017,608,4.100160948,5.291997438,5431.500002479261,17886.600003519776,20.266666666666666,30
vivo,Android,12.83,yes,no,13.0,16.0,32.0,4.0,3000.0,155.0,2017,786,4.60386934,5.076485455,8988.299997707596,14418.900004922287,26.2,30
vivo,Android,12.83,yes,no,16.0,14.0,64.0,4.0,3160.0,158.6,2017,601,4.717426868,6.107935611,10069.19999663932,40446.89998402066,20.033333333333335,30
vivo,Android,12.83,yes,no,13.0,16.0,32.0,4.0,3000.0,154.0,2016,569,4.407816206,5.599199434,7388.099997338991,24318.899988721838,18.966666666666665,30
vivo,Android,13.87,yes,no,14.5,16.0,128.0,4.0,4080.0,178.0,2016,840,4.683704064,6.550651672,9735.300003483304,62973.000015626676,28.0,30
vivo,Android,14.94,yes,no,16.0,8.0,64.0,4.0,4000.0,199.0,2016,606,4.688867745,6.363700291,9785.699999905486,52235.099980949606,20.2,30
vivo,Android,12.83,yes,no,16.0,8.0,64.0,4.0,3050.0,154.0,2016,661,5.166898028,6.132638536,15783.3000050317,41458.50001845148,22.033333333333335,30
vivo,Android,12.83,yes,no,13.0,20.0,32.0,4.0,3000.0,154.0,2016,617,4.647942278,5.520059937,9393.30000157845,22468.50000119941,20.566666666666666,30
vivo,Android,12.88,yes,no,16.0,16.0,64.0,4.0,4000.0,183.5,2016,791,5.543731087,6.523077607,23006.700011319896,61260.29998749327,26.366666666666667,30
vivo,Android,12.75,yes,no,13.0,16.0,64.0,4.0,3000.0,151.0,2016,834,5.17733547,6.461014949,15948.900000203292,57573.9000194852,27.8,30
vivo,Android,12.83,yes,no,13.0,8.0,32.0,4.0,3000.0,168.0,2016,678,4.599353301,5.706046576,8947.800002983851,27061.19999163084,22.6,30
vivo,Android,12.7,yes,no,13.0,8.0,16.0,4.0,2550.0,138.0,2016,664,4.585273554,5.565209825,8822.699997585798,23506.200004883154,22.133333333333333,30
vivo,Android,12.88,yes,no,16.0,8.0,64.0,4.0,3000.0,172.5,2016,817,4.873822333,6.016571708,11773.800005497576,36915.300003406854,27.233333333333334,30
vivo,Android,12.75,yes,no,13.0,8.0,64.0,4.0,2400.0,140.5,2016,1068,4.902901594,5.858590082,12121.199996450021,31520.7000152314,35.6,30
vivo,Android,13.79,yes,no,16.0,8.0,128.0,4.0,3600.0,167.8,2016,618,4.879767019,6.410503775,11844.000001288428,54737.999986684175,20.6,30
vivo,Android,13.79,yes,no,16.0,8.0,128.0,4.0,3600.0,167.8,2016,675,4.901341126,6.252346945,12102.300001987458,46730.70000362352,22.5,30
vivo,Android,12.7,yes,no,8.0,5.0,16.0,4.0,2350.0,157.0,2015,735,4.340683671,4.862753811,6908.399999036283,11644.200004473245,24.5,30
vivo,Android,10.34,no,no,8.0,2.0,32.0,4.0,2100.0,137.0,2015,873,4.243051882,4.866379938,6265.799997598362,11686.499998729003,29.1,30
vivo,Android,12.7,yes,no,13.0,5.0,16.0,4.0,2300.0,153.0,2015,754,4.362461479,4.591071262,7060.499998735879,8874.000003473373,25.133333333333333,30
vivo,Android,12.83,yes,no,13.0,5.0,32.0,4.0,4150.0,194.0,2015,753,4.704834509,6.083815808,9943.199998995375,39482.99999320227,25.1,30
vivo,Android,12.75,yes,no,13.0,8.0,16.0,4.0,2450.0,151.0,2015,857,4.789656066,5.703515772,10823.400004205729,26992.79998845636,28.566666666666666,30
vivo,Android,12.83,yes,no,13.0,5.0,16.0,4.0,2300.0,153.0,2015,780,4.680370419,6.064273462,9702.900004356345,38718.900016812004,26.0,30
vivo,Android,12.83,yes,no,13.0,5.0,16.0,4.0,2300.0,156.0,2014,910,4.749357106,6.154836862,10395.899996875105,42389.09998437865,30.333333333333332,30
vivo,Android,12.7,no,no,13.0,0.3,16.0,4.0,2000.0,150.0,2014,585,3.949896658,4.713396591,4673.70000067195,10028.699999408685,19.5,30
vivo,Android,10.34,no,no,8.0,5.0,32.0,4.0,2100.0,156.0,2014,847,4.11887456,4.61045619,5534.1000001916,9047.699996224133,28.233333333333334,30
vivo,Android,10.29,no,no,5.0,2.0,16.0,4.0,1900.0,130.0,2013,1092,3.554204551,4.69711106,3146.400000669131,9866.700003093718,36.4,30
others,Android,12.7,yes,no,5.0,2.0,32.0,4.0,2000.0,134.0,2018,372,3.75114978,4.25830412,3831.3000006127745,6362.099998836609,12.4,24
others,Android,12.88,yes,no,16.0,8.0,32.0,4.0,3100.0,153.0,2018,479,4.53999146,4.693181063,8432.100000311173,9827.999996945411,15.966666666666667,24
others,Android,12.83,yes,no,13.0,8.0,16.0,4.0,2900.0,145.0,2018,369,4.211683055,4.789240213,6072.300002190072,10818.899996579468,12.3,24
others,Android,13.56,yes,no,8.0,5.0,16.0,4.0,3100.0,155.0,2018,593,3.921775297,4.622911867,4544.100000586986,9161.099995746974,19.766666666666666,24
others,Android,25.43,yes,no,5.0,2.0,16.0,4.0,4600.0,465.0,2017,767,4.50777784,5.201090351,8164.800000167854,16332.300003479886,25.566666666666666,24
others,Android,12.7,yes,no,5.0,2.0,32.0,4.0,2200.0,169.0,2017,686,4.089666973,4.378269586,5374.800001768364,7173.000001462078,22.866666666666667,24
others,Android,12.83,yes,no,16.0,8.0,32.0,4.0,3000.0,166.0,2017,612,4.616209033,5.442287832,9099.899999059908,20787.30000087165,20.4,24
others,Android,12.7,yes,no,13.0,5.0,16.0,4.0,2400.0,151.0,2017,792,4.196600263,4.601262561,5981.40000043994,8964.899998591849,26.4,24
others,Android,25.43,yes,no,5.0,2.0,16.0,4.0,5830.0,439.0,2016,926,4.812021741,5.243755579,11068.200005253808,17044.200007578635,30.866666666666667,24
others,Android,12.7,yes,no,5.0,2.0,32.0,4.0,2000.0,167.9,2016,622,3.969914484,4.067144642,4768.200000744202,5255.099998447399,20.733333333333334,24
others,Android,12.83,yes,no,16.0,8.0,32.0,4.0,3000.0,155.0,2016,1047,4.625854777,5.941591297,9188.09999833765,34248.60001327975,34.9,24
others,Android,12.83,yes,no,13.0,5.0,16.0,4.0,2960.0,150.0,2016,569,4.432719749,5.077109441,7574.400000080293,14427.900004305546,18.966666666666665,24
others,Android,12.7,yes,no,8.0,5.0,32.0,4.0,2540.0,128.0,2016,959,4.196299285,4.614922477,5979.600001524237,9088.199996085083,31.966666666666665,24
others,Android,7.75,no,no,2.0,5.0,16.0,4.0,1400.0,110.0,2016,1063,3.39618484,3.427839313,2686.5000004335716,2772.900001085379,35.43333333333333,24
others,Android,10.29,yes,no,5.0,2.0,32.0,4.0,1780.0,146.0,2015,720,3.644404964,4.244200318,3443.3999999583116,6273.000001464881,24.0,24
others,Android,12.83,yes,no,13.0,5.0,16.0,4.0,3000.0,159.0,2015,872,4.55240212,5.140844508,8537.399996162987,15377.40000425227,29.066666666666666,24
others,Android,23.01,yes,no,5.0,2.0,16.0,4.0,2500.0,406.0,2015,737,4.664758977,5.356020077,9552.59999618136,19069.20000617221,24.566666666666666,24
others,Android,12.7,yes,no,8.0,2.0,32.0,4.0,2500.0,155.0,2015,948,3.964425684,4.721173862,4742.099998951075,10107.00000258337,31.6,24
others,Android,10.16,no,no,2.0,2.0,16.0,4.0,1400.0,112.0,2015,1048,3.348499593,4.107096246,2561.4000008665057,5469.299999194571,34.93333333333333,24
others,Android,12.7,yes,no,5.0,0.3,16.0,4.0,3000.0,162.0,2014,697,3.58240721,5.012566761,3236.400001283493,13526.100000730374,23.233333333333334,24
others,Android,10.29,no,no,5.0,0.3,16.0,4.0,1880.0,152.0,2014,745,3.476304854,4.504133642,2910.5999995664342,8135.100001543072,24.833333333333332,24
others,Android,10.16,no,no,3.15,2.0,16.0,4.0,1400.0,117.0,2014,966,3.534270336,3.913621727,3084.3000003500147,4507.200000938205,32.2,24
others,Android,7.75,no,no,2.0,0.3,16.0,4.0,2000.0,118.0,2013,861,2.851284369,3.900355201,1557.8999997069313,4447.800001954968,28.7,24
others,Android,10.16,no,no,5.0,0.3,16.0,4.0,1500.0,136.0,2013,625,3.660737148,4.714741822,3500.0999994131876,10042.199995808562,20.833333333333332,24
others,Android,15.24,yes,no,16.0,16.0,64.0,4.0,3000.0,164.0,2018,486,4.890875306,5.706312605,11976.300005321653,27068.40001326822,16.2,24
others,Android,15.24,yes,no,13.0,16.0,32.0,4.0,3000.0,153.0,2018,546,4.437343075,5.299067085,7609.499997377849,18013.499992099587,18.2,24
others,Android,12.88,yes,no,16.0,5.0,64.0,4.0,3000.0,162.0,2017,769,4.768223972,5.254835588,10593.899995504067,17234.100001101673,25.633333333333333,24
others,Android,12.88,yes,no,13.0,16.0,16.0,4.0,2900.0,160.0,2017,560,4.456438132,5.016219672,7756.199998544222,13575.599994703394,18.666666666666668,24
others,Android,12.7,no,no,5.0,2.0,16.0,4.0,1800.0,156.0,2015,1065,3.795489189,4.776936229,4004.999999310361,10686.60000168283,35.5,24
others,Android,12.7,no,no,5.0,1.3,16.0,4.0,1800.0,174.0,2014,566,3.785325352,4.617493936,3964.4999984848137,9111.600002943744,18.866666666666667,24
others,Android,10.29,yes,no,5.0,2.0,16.0,4.0,2100.0,141.0,2014,674,3.687378328,4.86437562,3594.600000044324,11663.09999478282,22.466666666666665,24
others,Android,7.75,no,no,2.0,1.3,16.0,4.0,2100.0,105.0,2014,955,2.868466923,3.885268268,1584.9000007795892,4381.199999477207,31.833333333333332,24
others,Android,12.7,yes,no,8.0,2.0,32.0,4.0,2100.0,175.0,2014,658,4.334803991,5.076984675,6867.899997929042,14426.100005225288,21.933333333333334,24
others,Android,12.7,yes,no,16.0,8.0,16.0,4.0,2350.0,143.0,2014,717,4.931447776,5.702748607,12472.199997515094,26972.099998222453,23.9,24
others,Android,10.34,no,no,8.0,5.0,32.0,4.0,2000.0,124.0,2014,605,3.987315989,5.294610505,4851.899997750768,17933.400006873682,20.166666666666668,24
others,Android,10.34,yes,no,8.0,5.0,16.0,4.0,2000.0,119.0,2014,850,4.306359756,5.306186325,6675.30000167906,18142.200001329238,28.333333333333332,24
others,Android,12.7,no,no,16.0,8.0,16.0,4.0,2350.0,154.0,2014,974,4.876646654,5.858104568,11807.09999890266,31505.399988573317,32.46666666666667,24
xiaomi,Android,16.23,yes,no,12.0,20.0,256.0,4.0,4000.0,205.0,2019,517,5.42252417,6.109136465,20380.499999954696,40495.499980563865,17.233333333333334,31
xiaomi,Android,15.9,yes,no,12.0,8.0,64.0,4.0,4000.0,180.0,2019,256,4.482550472,4.865609522,7961.399996495544,11677.499999462856,8.533333333333333,31
xiaomi,Android,15.32,yes,no,12.0,13.0,128.0,4.0,4000.0,186.0,2019,328,4.695559186,5.296365463,9851.40000280004,17964.900003183535,10.933333333333334,31
xiaomi,Android,16.23,yes,no,12.0,20.0,64.0,4.0,3800.0,189.0,2019,362,4.989002994,6.397246272,13211.100000407669,54017.10001326086,12.066666666666666,31
xiaomi,Android,16.23,yes,no,12.0,20.0,256.0,4.0,3300.0,173.0,2019,195,5.39983551,6.272273051,19923.300005212233,47671.20001827758,6.5,31
xiaomi,Android,15.16,yes,no,12.0,20.0,64.0,4.0,3070.0,155.0,2019,353,5.040647068,5.714524571,13911.299997715389,27291.599994866367,11.766666666666667,31
xiaomi,Android,16.23,yes,no,12.0,20.0,64.0,4.0,3300.0,173.0,2019,465,4.756516938,6.106911523,10470.599994946726,40405.50000134075,15.5,31
xiaomi,Android,12.7,yes,no,8.0,5.0,32.0,4.0,3000.0,137.0,2019,506,4.018902367,4.383525511,5007.5999997233685,7210.800001459341,16.866666666666667,31
xiaomi,Android,15.32,yes,no,12.0,13.0,64.0,4.0,4000.0,186.0,2019,414,4.768223972,5.007497042,10593.899995504067,13457.700005440242,13.8,31
xiaomi,Android,14.83,yes,no,13.0,8.0,64.0,4.0,3000.0,150.0,2018,446,4.661550519,5.131672289,9521.999995960781,15236.99999788069,14.866666666666667,31
xiaomi,Android,16.23,yes,no,13.0,14.5,256.0,4.0,3200.0,218.0,2018,727,5.56819182,6.326739639,23576.39999175173,50339.70000675973,24.233333333333334,31
xiaomi,Android,15.27,yes,no,13.0,20.0,256.0,4.0,4000.0,190.0,2018,668,5.370079733,6.109314247,19339.200004352722,40502.69999153865,22.266666666666666,31
xiaomi,Android,15.9,yes,no,13.0,14.5,64.0,4.0,4000.0,182.0,2018,469,4.676467068,5.251906869,9665.100001255254,17183.700004719107,15.633333333333333,31
xiaomi,Android,15.77,yes,no,13.0,20.0,128.0,4.0,3000.0,177.0,2018,440,5.204446151,6.216985271,16387.20000101656,45107.10001317387,14.666666666666666,31
xiaomi,Android,15.9,yes,no,13.0,24.0,64.0,4.0,3350.0,169.0,2018,427,4.958288814,5.441118165,12811.50000353538,20762.999996268718,14.233333333333333,31
xiaomi,Android,15.7,yes,no,13.0,20.0,256.0,4.0,4000.0,182.0,2018,390,4.906459262,5.668431597,12164.400001872234,26062.199990792855,13.0,31
xiaomi,Android,15.21,yes,no,13.0,20.0,128.0,4.0,3000.0,166.0,2018,471,4.885072071,5.257078619,11906.99999856032,17272.800008093353,15.7,31
xiaomi,Android,14.83,yes,no,13.0,5.0,64.0,4.0,4000.0,178.0,2018,535,4.624972813,5.202797165,9179.999997390394,16360.200005061444,17.833333333333332,31
xiaomi,Android,15.47,yes,no,13.0,8.0,128.0,4.0,5500.0,221.0,2018,682,4.618678536,5.445702353,9122.399999882471,20858.39999038229,22.733333333333334,31
xiaomi,Android,20.32,yes,no,13.0,5.0,64.0,4.0,6000.0,342.5,2018,665,4.841743158,5.072231992,11402.100004401644,14357.699995507384,22.166666666666668,31
xiaomi,Android,25.43,yes,no,13.0,5.0,128.0,4.0,8620.0,485.0,2018,665,5.116255776,5.563063408,15003.900000601063,23455.800006643614,22.166666666666668,31
xiaomi,Android,13.84,yes,no,13.0,5.0,64.0,4.0,3000.0,146.0,2018,525,4.537426534,4.793390975,8410.500000827828,10863.900003117556,17.5,31
xiaomi,Android,13.84,yes,no,13.0,5.0,32.0,4.0,3000.0,145.0,2018,641,4.100657924,4.506233438,5434.199998485528,8152.199998955964,21.366666666666667,31
xiaomi,Android,15.77,yes,no,13.0,20.0,128.0,4.0,3000.0,177.0,2018,682,4.950672953,6.215747449,12714.300000971714,45051.299994791276,22.733333333333334,31
xiaomi,Android,15.77,yes,no,13.0,20.0,64.0,4.0,3400.0,175.0,2018,372,5.042004754,5.941617575,13930.200002196607,34249.5000098159,12.4,31
xiaomi,Android,14.94,yes,no,13.0,20.0,128.0,4.0,3120.0,164.0,2018,620,4.82775358,5.559527119,11243.69999501075,23373.000007743416,20.666666666666668,31
xiaomi,Android,15.21,yes,no,13.0,16.0,64.0,4.0,3080.0,170.0,2018,465,4.754021133,5.018669599,10444.500002919804,13608.899998304632,15.5,31
xiaomi,Android,15.21,yes,no,13.0,5.0,256.0,4.0,3400.0,191.0,2018,590,5.186547466,5.99490861,16096.500004748043,36124.20001768147,19.666666666666668,31
xiaomi,Android,15.21,yes,no,13.0,13.0,64.0,4.0,4000.0,181.0,2018,543,4.496470769,5.1965061,8072.999999477271,16257.599993474976,18.1,31
xiaomi,Android,15.21,yes,no,13.0,20.0,64.0,4.0,4000.0,181.0,2018,386,4.795294555,5.193290129,10884.600001686385,16205.40000518037,12.866666666666667,31
xiaomi,Android,15.21,yes,no,13.0,20.0,128.0,4.0,4000.0,190.0,2018,630,5.076360611,5.992489022,14417.100004132057,36036.8999944442,21.0,31
xiaomi,Android,15.21,yes,no,12.0,5.0,64.0,4.0,4000.0,180.0,2018,442,4.424367475,5.082955956,7511.399998772591,14512.500004703768,14.733333333333333,31
xiaomi,Android,12.88,yes,no,12.0,5.0,32.0,4.0,3300.0,157.0,2017,679,4.558078578,5.074360985,8585.999996099887,14388.300000333804,22.633333333333333,31
xiaomi,Android,12.7,yes,no,13.0,5.0,32.0,4.0,3000.0,137.0,2017,769,4.38414938,4.70682384,7215.299999604168,9963.00000284353,25.633333333333333,31
xiaomi,Android,12.83,yes,no,13.0,16.0,64.0,4.0,3080.0,153.0,2017,575,4.689695141,4.93634269,9793.799999434117,12533.40000608621,19.166666666666668,31
xiaomi,Android,12.83,yes,no,13.0,5.0,16.0,4.0,3080.0,150.0,2017,782,4.284275979,4.504023004,6529.499997843981,8134.200000137198,26.066666666666666,31
xiaomi,Android,12.83,yes,no,13.0,16.0,64.0,4.0,3500.0,163.0,2017,581,4.770769367,5.630243571,10620.900003848403,25085.6999919392,19.366666666666667,31
xiaomi,Android,15.21,yes,no,12.0,5.0,128.0,4.0,3400.0,185.0,2017,677,5.156465742,6.013372799,15619.499995192391,36797.39999422789,22.566666666666666,31
xiaomi,Android,12.83,yes,no,13.0,5.0,64.0,4.0,3080.0,165.0,2017,683,4.562993107,5.148017596,8628.299999232895,15488.100003456637,22.766666666666666,31
xiaomi,Android,16.36,yes,no,12.0,5.0,32.0,4.0,5300.0,211.0,2017,761,4.653674595,5.298967155,9447.299999549305,18011.699992983828,25.366666666666667,31
xiaomi,Android,12.7,yes,no,13.0,5.0,64.0,4.0,4100.0,150.0,2017,881,4.479039909,4.710430697,7933.5000012385835,9999.000003543799,29.366666666666667,31
xiaomi,Android,13.08,yes,no,13.0,8.0,64.0,4.0,3350.0,168.0,2017,616,4.549023025,5.790938286,8508.599996893596,29458.800010040126,20.533333333333335,31
xiaomi,Android,18.01,no,no,13.0,5.0,64.0,4.0,6600.0,328.0,2017,825,5.002401489,5.669052994,13389.299997735176,26078.399996476728,27.5,31
xiaomi,Android,13.08,yes,no,12.0,8.0,64.0,4.0,2860.0,135.0,2017,565,4.297557478,5.009434574,6616.7999996861545,13483.800006475774,18.833333333333332,31
xiaomi,Android,12.83,yes,no,13.0,5.0,64.0,4.0,4100.0,165.0,2017,626,4.348211286,4.863217453,6960.599998752999,11649.599996386507,20.866666666666667,31
xiaomi,Android,12.83,yes,no,13.0,5.0,64.0,4.0,4100.0,165.0,2017,705,4.366405254,5.011568192,7088.400001623777,13512.599998042619,23.5,31
xiaomi,Android,12.7,yes,no,13.0,5.0,16.0,4.0,3120.0,131.5,2016,939,4.390986376,4.692539832,7264.799999670515,9821.699998772297,31.3,31
xiaomi,Android,12.7,yes,no,13.0,5.0,16.0,4.0,4100.0,156.0,2016,713,4.445705411,4.877180089,7673.399997413568,11813.399999461588,23.766666666666666,31
xiaomi,Android,12.7,yes,no,13.0,5.0,32.0,4.0,4100.0,156.0,2016,734,4.476313564,5.079290331,7911.900001083238,14459.400003677514,24.466666666666665,31
xiaomi,Android,15.34,yes,no,16.0,5.0,256.0,4.0,4400.0,209.0,2016,543,5.199932465,5.963219382,16313.40000609084,34997.40001163035,18.1,31
xiaomi,Android,12.88,yes,no,22.5,8.0,64.0,4.0,4070.0,166.0,2016,726,4.887940214,5.738119487,11941.19999905842,27943.19999830521,24.2,31
xiaomi,Android,12.88,yes,no,13.0,4.0,128.0,4.0,4100.0,168.0,2016,891,5.000988917,5.737571798,13370.39999940568,27927.900005242762,29.7,31
xiaomi,Android,13.08,yes,no,12.0,4.0,128.0,4.0,4100.0,145.0,2016,612,4.62399194,5.52788027,9170.999997902782,22644.90000759895,20.4,31
xiaomi,Android,12.83,yes,no,13.0,5.0,16.0,4.0,4100.0,175.0,2016,1042,4.329021349,5.142014372,6828.2999976102055,15395.399997650118,34.733333333333334,31
xiaomi,Android,12.83,yes,no,13.0,5.0,128.0,4.0,4050.0,174.0,2016,629,4.43627805,5.129188404,7601.400003756634,15199.200006990637,20.966666666666665,31
xiaomi,Android,12.7,yes,no,13.0,5.0,32.0,4.0,4100.0,144.0,2016,1030,4.516885271,5.131199643,8239.499999006974,15229.799992440621,34.333333333333336,31
xiaomi,Android,12.7,yes,no,13.0,5.0,32.0,4.0,4100.0,144.0,2016,881,4.454463569,5.017213609,7740.900003379766,13589.099993798223,29.366666666666667,31
xiaomi,Android,12.7,yes,no,13.0,5.0,16.0,4.0,4100.0,144.0,2016,700,4.206184044,4.776430795,6039.000000135053,10681.199995485895,23.333333333333332,31
xiaomi,Android,12.7,yes,no,13.0,5.0,32.0,4.0,4100.0,144.0,2016,670,4.079400115,4.872139217,5319.900000870985,11754.000001853245,22.333333333333332,31
xiaomi,Android,13.08,yes,no,16.0,4.0,128.0,4.0,3000.0,129.0,2016,709,4.836519974,5.477801569,11342.700001708205,21538.800010299194,23.633333333333333,31
xiaomi,Android,16.36,yes,no,16.0,5.0,16.0,4.0,4850.0,145.0,2016,799,4.18235544,5.014029527,5896.800002684143,13545.899997774797,26.633333333333333,31
xiaomi,Android,12.7,yes,no,13.0,5.0,64.0,4.0,3260.0,133.0,2016,698,4.613039144,5.396079084,9071.099996672843,19848.5999934394,23.266666666666666,31
xiaomi,Android,12.83,yes,no,16.0,5.0,16.0,4.0,4050.0,164.0,2016,884,4.630935394,5.077483646,9234.900001162508,14433.30000691763,29.466666666666665,31
xiaomi,Android,12.7,yes,no,13.0,5.0,16.0,4.0,4100.0,144.0,2016,1045,4.292101927,5.070475294,6580.799999039897,14332.499993517808,34.833333333333336,31
xiaomi,Android,12.83,yes,no,13.0,5.0,16.0,4.0,3100.0,185.0,2015,980,4.231784971,4.941856685,6195.59999787281,12602.699995366173,32.666666666666664,31
xiaomi,Android,18.01,no,no,8.0,5.0,16.0,4.0,6190.0,322.0,2015,1001,4.649761069,5.199711763,9410.39999702663,16309.80000336121,33.36666666666667,31
xiaomi,Android,12.83,yes,no,13.0,5.0,16.0,4.0,4000.0,164.0,2015,812,4.55345575,5.191956351,8546.39999742401,16183.800007175461,27.066666666666666,31
xiaomi,Android,12.7,yes,no,13.0,5.0,16.0,4.0,3080.0,132.0,2015,966,4.416428061,5.349248095,7451.999997084677,18940.499995897873,32.2,31
xiaomi,Android,12.83,yes,no,13.0,5.0,16.0,4.0,3060.0,160.0,2015,1021,4.571199666,5.085433504,8699.39999637289,14548.499997505776,34.03333333333333,31
xiaomi,Android,10.34,yes,no,8.0,2.0,16.0,4.0,2200.0,133.0,2015,1057,3.647275904,4.624090071,3453.2999991060747,9171.900001461983,35.233333333333334,31
xiaomi,Android,10.34,yes,no,8.0,2.0,16.0,4.0,2200.0,133.0,2015,665,3.958906591,4.800325701,4715.9999984578835,10939.500002602155,22.166666666666668,31
xiaomi,Android,12.7,yes,no,13.0,5.0,16.0,4.0,3120.0,130.0,2015,1081,4.610555658,5.561219948,9048.599997607285,23412.60000853167,36.03333333333333,31
xiaomi,Android,12.88,yes,no,13.0,4.0,64.0,4.0,3000.0,161.0,2015,635,4.767459089,5.521860838,10585.799999663266,22509.000002620654,21.166666666666668,31
xiaomi,Android,12.88,yes,no,13.0,4.0,16.0,4.0,3000.0,161.0,2015,902,4.165424144,5.246076255,5797.800000562082,17083.800005085064,30.066666666666666,31
xiaomi,Android,10.34,yes,no,8.0,2.0,32.0,4.0,2200.0,132.0,2015,626,4.180828022,4.863603658,5887.799999350941,11654.099999058943,20.866666666666667,31
xiaomi,Android,10.34,yes,no,8.0,2.0,32.0,4.0,2200.0,133.0,2015,772,4.053348942,4.866302923,5183.100002495245,11685.599997588844,25.733333333333334,31
xiaomi,Android,12.7,yes,no,13.0,8.0,16.0,4.0,3080.0,149.0,2014,591,4.433313679,5.431930006,7578.89999968244,20573.100002634244,19.7,31
xiaomi,Android,12.83,yes,no,13.0,5.0,32.0,4.0,3100.0,185.0,2014,842,4.226395693,5.078792261,6162.299999180587,14452.200003518567,28.066666666666666,31
xiaomi,Android,12.7,yes,no,13.0,8.0,16.0,4.0,3080.0,149.0,2014,623,4.711779921,5.436861176,10012.499999535921,20674.800000080715,20.766666666666666,31
xiaomi,Android,18.01,no,no,8.0,5.0,16.0,4.0,6700.0,360.0,2014,615,4.463145686,5.485336207,7808.400000322691,21701.699996883326,20.5,31
xiaomi,Android,12.83,no,no,13.0,5.0,32.0,4.0,3100.0,199.0,2014,1017,4.291007236,4.796203683,6573.599998115261,10894.499995815775,33.9,31
xiaomi,Android,12.7,no,no,13.0,2.0,16.0,4.0,3050.0,145.0,2013,916,4.151197374,5.305243327,5715.900001058106,18125.10000690984,30.533333333333335,31
xiaomi,Android,10.34,no,no,8.0,1.6,32.0,4.0,2000.0,158.0,2014,913,4.096176217,4.49110523,5409.899999723712,8029.800002407984,30.433333333333334,31
xiaomi,Android,10.34,no,no,8.0,1.3,16.0,4.0,2000.0,158.0,2013,793,3.994524227,4.602867537,4887.000000293759,8979.300000669713,26.433333333333334,31
xiaomi,Android,10.24,no,no,8.0,2.0,16.0,4.0,2000.0,145.0,2013,565,4.463145686,5.518536646,7808.400000322691,22434.29999226018,18.833333333333332,31
xolo,Android,12.7,yes,no,13.0,5.0,32.0,4.0,2400.0,126.0,2015,576,4.165889729,4.930437019,5800.499997765667,12459.6000029013,19.2,32
xolo,Android,12.83,yes,no,8.0,5.0,16.0,4.0,3200.0,126.0,2015,800,4.282068168,5.189227684,6515.099998012571,16139.700000640209,26.666666666666668,32
xolo,Android,12.7,no,no,8.0,2.0,32.0,4.0,2100.0,126.0,2015,878,3.879706404,4.081090447,4356.900000210862,5328.900002431659,29.266666666666666,32
xolo,Android,10.29,no,no,5.0,0.3,32.0,4.0,1800.0,126.0,2015,1036,3.823847315,4.396052806,4120.2000019594825,7301.699997028401,34.53333333333333,32
xolo,Android,12.7,no,no,5.0,0.3,16.0,4.0,2500.0,126.0,2015,679,3.837083919,4.347176357,4175.100000986775,6953.399998344153,22.633333333333333,32
xolo,Windows,12.7,no,no,8.0,2.0,32.0,4.0,2200.0,126.0,2015,838,3.707210411,4.791732737,3666.6000007382345,10845.899999573754,27.933333333333334,32
xolo,Android,12.7,no,no,8.0,5.0,32.0,4.0,2500.0,126.0,2015,1045,4.1846422,4.785406236,5910.2999988009105,10777.499996863484,34.833333333333336,32
xolo,Android,12.83,no,no,13.0,2.0,32.0,4.0,2600.0,120.0,2014,1008,3.91621421,4.863989714,4518.899999789356,11658.600002859024,33.6,32
xolo,Android,12.7,no,no,8.0,2.0,32.0,4.0,2100.0,120.0,2014,782,3.993602992,4.697658205,4882.499997946573,9872.099995821702,26.066666666666666,32
xolo,Android,12.7,no,no,8.0,5.0,32.0,4.0,2500.0,120.0,2014,956,3.977810746,4.791400759,4806.000000162687,10842.299996977586,31.866666666666667,32
xolo,Android,12.7,no,no,13.0,2.0,32.0,4.0,2100.0,120.0,2014,982,4.090838423,5.009968405,5381.100000576784,13490.999998535532,32.733333333333334,32
xolo,Android,10.29,no,no,5.0,0.3,32.0,4.0,1700.0,120.0,2014,882,3.566429294,4.411342689,3185.099998861735,7414.199999941168,29.4,32
xolo,Android,12.67,no,no,8.0,2.0,32.0,4.0,2500.0,120.0,2014,992,4.059062748,4.789157022,5212.79999959621,10817.999998906227,33.06666666666667,32
xolo,Android,12.7,no,no,13.0,5.0,16.0,4.0,2100.0,120.0,2014,562,4.204692619,5.244547323,6029.999997642476,17057.699994230934,18.733333333333334,32
xolo,Android,12.7,no,no,13.0,5.0,32.0,4.0,2300.0,120.0,2014,670,4.636281181,5.596457067,9284.399999877967,24252.300002457923,22.333333333333332,32
xolo,Android,12.7,no,no,8.0,2.0,16.0,4.0,1920.0,120.0,2014,741,3.984157603,5.134503481,4836.599999093886,15280.199995265866,24.7,32
xolo,Windows,10.34,no,no,8.0,2.0,32.0,4.0,1800.0,100.0,2014,669,3.605497845,4.800654729,3311.9999994207797,10943.099996625944,22.3,32
xolo,Android,10.16,no,no,3.15,0.3,16.0,4.0,1400.0,120.0,2014,573,3.521052343,4.103304304,3043.7999985680926,5448.60000221446,19.1,32
xolo,Android,12.7,no,no,8.0,2.0,32.0,4.0,2250.0,120.0,2014,1059,3.927108643,5.083761832,4568.400000702679,14524.199993894606,35.3,32
xolo,Android,10.16,no,no,5.0,0.3,16.0,4.0,1400.0,120.0,2014,603,3.583518938,4.592490133,3239.9999985222044,8886.600001504352,20.1,32
xolo,Android,15.24,no,no,8.0,2.0,16.0,4.0,3000.0,120.0,2014,865,4.225519013,5.132911922,6156.900001398194,15255.899998010707,28.833333333333332,32
xolo,Android,10.16,no,no,5.0,0.3,16.0,4.0,1400.0,120.0,2014,939,3.464797963,4.382901252,2877.299999793554,7206.2999993907615,31.3,32
xolo,Android,12.7,no,no,8.0,2.0,16.0,4.0,2250.0,120.0,2014,575,3.653770277,4.94021283,3475.7999999987196,12582.000002520052,19.166666666666668,32
xolo,Android,12.7,no,no,8.0,2.0,32.0,4.0,2000.0,120.0,2014,672,3.95756982,4.946629964,4709.699998190926,12662.999998476098,22.4,32
xolo,Android,10.29,no,no,8.0,0.3,16.0,4.0,1800.0,120.0,2014,819,4.087487775,4.796203683,5363.100001293108,10894.499995815775,27.3,32
xolo,Android,12.88,no,no,13.0,5.0,16.0,4.0,4000.0,148.85,2013,949,4.556295018,5.519979822,8570.699998234826,22466.70000942594,31.633333333333333,32
xolo,Android,12.7,no,no,5.0,0.3,16.0,4.0,2000.0,148.85,2013,842,3.867443962,4.576050287,4303.799999870116,8741.699996378846,28.066666666666666,32
xolo,Android,10.24,yes,no,8.0,1.0,32.0,4.0,1810.0,140.0,2013,565,4.224348909,5.242170206,6149.700001274911,17017.200001275683,18.833333333333332,32
xolo,Android,17.78,no,no,5.0,0.3,16.0,4.0,4100.0,320.0,2013,686,4.207673248,5.240688254,6048.000002847979,16992.000004903886,22.866666666666667,32
xolo,Android,10.16,no,no,5.0,0.3,16.0,4.0,1450.0,116.0,2013,551,3.535145354,4.506233438,3086.9999994693626,8152.199998955964,18.366666666666667,32
xolo,Android,10.29,no,no,8.0,1.0,16.0,4.0,2100.0,143.5,2013,659,3.995260604,4.625364893,4890.600000008794,9183.599997487272,21.966666666666665,32
xolo,Android,10.16,no,no,5.0,0.3,16.0,4.0,1400.0,120.0,2013,593,3.34462703,4.79032107,2551.499999556648,10830.600002250538,19.766666666666666,32
xolo,Android,12.83,no,no,13.0,2.0,32.0,4.0,2600.0,180.0,2013,1057,4.20514028,5.086484606,6032.699997768708,14563.799994470217,35.233333333333334,32
xolo,Android,10.34,no,no,8.0,2.0,16.0,4.0,1800.0,138.0,2013,863,3.798406279,4.79032107,4016.700001441278,10830.600002250538,28.766666666666666,32
xolo,Android,10.29,no,no,5.0,0.3,16.0,4.0,1900.0,148.85,2013,771,3.632838063,4.39592954,3403.7999992160658,7300.800001147153,25.7,32
xolo,Android,10.16,no,no,3.15,0.3,16.0,4.0,1500.0,148.85,2013,935,3.80999028,4.386018656,4063.5000005567226,7228.800000409013,31.166666666666668,32
xolo,Android,10.29,no,no,8.0,2.0,16.0,4.0,2400.0,151.3,2013,1042,3.690128674,4.793805105,3604.5000017504594,10868.400001753742,34.733333333333334,32
xolo,Android,17.78,no,no,2.0,0.65,32.0,4.0,4000.0,338.0,2013,1039,4.274998062,4.691989878,6469.200000547563,9816.300000582585,34.63333333333333,32
xolo,Android,20.32,no,no,2.0,0.3,16.0,4.0,4000.0,480.0,2013,1004,4.377893103,4.784905067,7170.299997187271,10772.100001235789,33.46666666666667,32
xolo,Android,12.7,no,no,13.0,5.0,16.0,4.0,2500.0,158.0,2013,1089,4.579442037,5.144641574,8771.399996356708,15435.900000864578,36.3,32
xolo,Android,10.16,no,no,5.0,0.3,16.0,4.0,1400.0,120.0,2013,842,3.357941873,4.795211866,2585.700000022759,10883.700002207386,28.066666666666666,32
xolo,Android,10.34,no,no,8.0,2.0,16.0,4.0,2000.0,167.0,2013,596,4.041295341,5.127766265,5120.999999322566,15177.599994642344,19.866666666666667,32
xolo,Android,10.29,no,no,5.0,0.3,16.0,4.0,2000.0,147.7,2013,1007,3.937105786,4.796451484,4614.300000943121,10897.199998327087,33.56666666666667,32
xolo,Android,10.34,no,no,8.0,1.3,32.0,4.0,1900.0,140.0,2013,852,4.220389669,5.143007682,6125.399999554319,15410.699999986447,28.4,32
xolo,Android,10.24,no,no,5.0,0.3,16.0,4.0,2000.0,150.0,2013,739,3.782597458,4.93964042,3953.700000048678,12574.800000771698,24.633333333333333,32
xolo,Android,7.75,no,no,5.0,0.65,16.0,4.0,1500.0,132.0,2013,1088,3.516607233,4.608464753,3030.29999947581,9029.700000564162,36.266666666666666,32
xolo,Android,12.7,no,no,8.0,1.2,16.0,4.0,2100.0,171.1,2013,974,4.028738805,5.006828056,5057.099999372378,13448.700003317768,32.46666666666667,32
xolo,Android,10.29,no,no,8.0,1.0,16.0,4.0,2100.0,143.5,2013,571,3.779405481,4.869916227,3941.1000007357757,11727.899998160896,19.033333333333335,32
xolo,Android,10.29,no,no,5.0,0.3,16.0,4.0,2400.0,151.3,2013,824,3.543853682,4.606768907,3113.999999801705,9014.39999682884,27.466666666666665,32
others,Android,12.83,yes,no,16.0,8.0,32.0,4.0,9000.0,469.0,2018,621,4.938566268,5.5198997,12561.300006022475,22464.90000459874,20.7,24
others,Android,12.7,no,no,13.1,2.0,16.0,4.0,2000.0,106.0,2013,707,4.041295341,5.246813524,5120.999999322566,17096.400005455103,23.566666666666666,24
others,Android,12.83,yes,no,12.0,13.0,64.0,4.0,3300.0,170.0,2017,857,4.621141955,5.734828843,9144.899995447757,27851.399998286393,28.566666666666666,24
others,Android,12.7,yes,no,8.0,2.1,32.0,4.0,2500.0,145.0,2014,662,4.226103552,5.015224746,6160.500001635871,13562.099994167445,22.066666666666666,24
others,Android,10.34,yes,no,8.0,2.0,32.0,4.0,2000.0,128.0,2016,854,4.064400686,4.373994463,5240.700000791196,7142.400000167007,28.466666666666665,24
others,Android,12.75,yes,no,13.0,5.0,16.0,4.0,3000.0,172.0,2016,1003,4.438761348,5.137855144,7620.3000026352065,15331.499998359912,33.43333333333333,24
others,Android,12.83,yes,no,13.0,5.0,32.0,4.0,4000.0,172.0,2016,977,4.178532513,5.194511198,5874.30000207289,16225.200002880822,32.56666666666667,24
others,Android,15.24,yes,no,13.0,8.0,16.0,4.0,4000.0,153.0,2016,1012,4.222297927,5.188558303,6137.100002868714,16128.900007172562,33.733333333333334,24
others,Android,12.75,yes,no,21.0,8.0,32.0,4.0,3000.0,159.0,2015,573,5.191678256,6.039301877,16179.299999056351,37764.000018045816,19.1,24
others,Android,10.34,yes,no,8.0,2.0,32.0,4.0,2000.0,128.0,2015,1077,3.789177175,4.252914036,3979.7999982914703,6327.899998664369,35.9,24
others,Android,12.7,yes,no,8.0,5.0,16.0,4.0,2230.0,143.0,2015,874,3.875773873,4.514917197,4339.800001071822,8223.299999913415,29.133333333333333,24
others,Android,12.83,yes,no,13.0,5.0,16.0,4.0,2500.0,154.0,2015,559,4.332179662,4.862599215,6849.899998086819,11642.399996869928,18.633333333333333,24
others,Android,12.83,yes,no,13.0,5.0,16.0,4.0,2500.0,155.0,2015,777,4.345232974,4.866610947,6939.900001076591,11689.199997257183,25.9,24
zte,Android,10.19,yes,no,5.0,8.0,32.0,4.0,500.0,165.0,2019,383,4.798596523,6.108825271,10920.600005305749,40482.899984566175,12.766666666666667,33
zte,Android,15.24,yes,no,16.0,8.0,256.0,4.0,3800.0,193.0,2018,705,4.955122584,6.03607934,12770.999997880048,37642.50000500895,23.5,33
zte,Android,15.9,yes,no,14.5,8.0,128.0,4.0,3800.0,181.0,2018,466,4.515464273,6.108914194,8227.800000793175,40486.500005541464,15.533333333333333,33
zte,Android,15.21,yes,no,14.5,8.0,128.0,4.0,3450.0,172.0,2018,589,5.217920429,5.993337791,16609.499992093755,36067.499982339104,19.633333333333333,33
zte,Android,15.77,yes,no,14.5,20.0,128.0,4.0,4000.0,172.0,2018,444,5.01847118,6.478171643,13606.200001850022,58570.19997275518,14.8,33
zte,Android,15.24,yes,no,24.0,8.0,128.0,4.0,3800.0,185.0,2018,492,5.161064773,5.990263827,15691.499998090965,35956.800016847075,16.4,33
zte,Android,12.88,yes,no,14.5,8.0,64.0,4.0,3450.0,153.0,2018,662,4.778198696,5.5627564,10700.100001386158,23448.599993682517,22.066666666666666,33
zte,Android,15.27,yes,no,13.0,8.0,64.0,4.0,4000.0,170.0,2018,404,4.655483,5.297066585,9464.400001309114,17977.500006357124,13.466666666666667,33
zte,Android,15.27,yes,no,14.5,16.0,64.0,4.0,5000.0,190.0,2018,371,4.77119297,5.704981755,10625.400001991808,27032.399993737057,12.366666666666667,33
zte,Android,13.84,yes,no,14.5,5.0,32.0,4.0,3200.0,172.0,2018,465,4.370459998,5.303006356,7117.199997847645,18084.599999382084,15.5,33
zte,Android,12.88,yes,no,14.5,8.0,32.0,4.0,3100.0,140.0,2018,373,4.481419379,5.006225586,7952.400003563341,13440.600005274691,12.433333333333334,33
zte,Android,12.83,yes,no,13.0,8.0,32.0,4.0,4000.0,164.0,2017,796,4.594008121,5.013830185,8900.099997491066,13543.200000097846,26.533333333333335,33
zte,Android,12.75,yes,no,13.0,5.0,32.0,4.0,5000.0,160.0,2017,627,4.654150808,5.238355025,9451.79999801783,16952.39999363685,20.9,33
zte,Android,14.55,yes,no,13.0,5.0,128.0,4.0,3100.0,170.0,2017,840,4.480173696,5.888822555,7942.500001482018,32488.19999557828,28.0,33
zte,Android,12.75,yes,no,13.0,8.0,64.0,4.0,3200.0,155.0,2017,889,4.354912342,5.290537179,7007.399998722486,17860.49999590862,29.633333333333333,33
zte,Android,12.83,yes,no,13.0,16.0,64.0,4.0,3200.0,168.0,2017,641,4.979626107,5.521220889,13087.799997095672,22494.599998703474,21.366666666666667,33
zte,Android,12.7,yes,no,8.0,2.0,32.0,4.0,4000.0,152.0,2016,929,4.083957469,4.37964881,5344.199998206411,7182.900000805076,30.966666666666665,33
zte,Android,12.75,yes,no,13.0,5.0,32.0,4.0,2540.0,136.0,2017,670,4.575123265,5.197723251,8733.600003180825,16277.399994916017,22.333333333333332,33
zte,Android,12.83,yes,no,13.0,16.0,64.0,4.0,5000.0,180.0,2017,665,4.618086411,5.559950595,9116.99999767847,23382.90000835307,22.166666666666668,33
zte,Android,12.83,yes,no,13.0,16.0,64.0,4.0,3630.0,168.0,2017,727,4.871679693,5.703815807,11748.5999975672,27000.899988281843,24.233333333333334,33
zte,Android,12.83,yes,no,13.0,16.0,64.0,4.0,3000.0,164.0,2017,879,4.670208582,4.778619164,9604.799998392986,10704.599997019332,29.3,33
zte,Android,12.83,yes,no,13.0,5.0,32.0,4.0,3000.0,164.0,2017,819,4.603969465,5.440554504,8989.199996300289,20751.300000653202,27.3,33
zte,Android,12.83,yes,no,13.0,16.0,64.0,4.0,3200.0,173.0,2017,792,4.768223972,5.707110265,10593.899995504067,27090.00000680295,26.4,33
zte,Android,12.83,yes,no,13.0,8.0,128.0,4.0,3400.0,170.0,2017,685,4.433194921,6.111866373,7577.9999981185265,40606.20000161297,22.833333333333332,33
zte,Android,15.24,yes,no,13.0,5.0,32.0,4.0,3100.0,180.0,2017,894,4.411828126,4.779123493,7417.80000066262,10709.999998805522,29.8,33
zte,Android,12.75,yes,no,13.0,16.0,64.0,4.0,2950.0,155.0,2017,707,4.557973751,5.13066765,8585.099998651134,15221.70000021386,23.566666666666666,33
zte,Android,12.7,yes,no,8.0,8.0,16.0,4.0,2400.0,130.0,2017,595,4.080752609,4.393213824,5327.100001584101,7280.99999953077,19.833333333333332,33
zte,Android,12.83,yes,no,8.0,5.0,16.0,4.0,3000.0,171.0,2017,819,4.396792087,4.874739203,7307.100000918098,11784.599999847444,27.3,33
zte,Android,12.7,yes,no,13.0,5.0,16.0,4.0,2800.0,141.0,2017,812,4.26112938,5.062278527,6380.100000849024,14215.499996473218,27.066666666666666,33
zte,Android,12.7,yes,no,8.0,5.0,16.0,4.0,2500.0,136.0,2017,887,4.339771322,5.005153631,6902.100001540769,13426.200006350358,29.566666666666666,33
zte,Android,12.83,yes,no,13.0,8.0,32.0,4.0,5000.0,189.0,2017,570,4.336767728,4.995927665,6881.399998153948,13302.899997020395,19.0,33
zte,Android,12.83,yes,no,13.0,8.0,32.0,4.0,3100.0,164.0,2017,716,4.585681509,5.246023572,8826.29999643215,17082.90000295701,23.866666666666667,33
zte,Android,12.83,yes,no,13.0,8.0,32.0,4.0,3140.0,185.0,2017,717,4.767289035,5.299017122,10583.999995083452,18012.60000608268,23.9,33
zte,Android,12.75,yes,no,13.0,13.0,32.0,4.0,2730.0,141.0,2017,577,4.365516083,5.522859939,7082.100003208957,22531.500005048096,19.233333333333334,33
zte,Android,15.24,yes,no,13.0,5.0,64.0,4.0,4100.0,196.0,2016,591,4.291417886,5.859218043,6576.300001294698,31540.500001692668,19.7,33
zte,Android,12.83,yes,no,13.0,5.0,16.0,4.0,3140.0,162.0,2016,924,4.377014093,5.301611933,7164.0000010721815,18059.399991016053,30.8,33
zte,Android,12.83,yes,no,16.0,8.0,32.0,4.0,3000.0,160.0,2016,633,4.351180755,5.634432397,6981.300003471239,25191.00001205622,21.1,33
zte,Android,12.75,yes,no,23.0,13.0,64.0,4.0,3000.0,158.0,2016,835,4.932024894,5.386740247,12479.400006060696,19664.10000200704,27.833333333333332,33
zte,Android,12.75,yes,no,16.0,8.0,32.0,4.0,2705.0,153.0,2016,1075,4.791234729,5.394581637,10840.499999340027,19818.90000955071,35.833333333333336,33
zte,Android,12.83,yes,no,13.0,5.0,16.0,4.0,3000.0,158.8,2016,832,4.240751047,4.707275409,6251.399998025007,9967.500000745122,27.733333333333334,33
zte,Android,15.24,yes,no,13.0,5.0,32.0,4.0,3400.0,174.9,2016,877,4.2698373,4.687579322,6435.899999611885,9773.09999776383,29.233333333333334,33
zte,Android,12.83,yes,no,13.0,13.0,32.0,4.0,5000.0,190.0,2016,793,4.640247713,5.433852999,9321.300003721179,20612.699992976653,26.433333333333334,33
zte,Android,15.24,yes,no,16.0,8.0,64.0,4.0,4000.0,185.0,2016,609,4.773223771,5.304299438,10647.000000166716,18107.999995915125,20.3,33
zte,Android,12.83,yes,no,20.0,8.0,64.0,4.0,3250.0,175.0,2016,903,4.453882072,5.487407631,7736.400001746029,21746.700010060835,30.1,33
zte,Android,12.83,yes,no,16.0,8.0,64.0,4.0,3000.0,162.0,2016,1040,4.768139014,5.633109621,10592.999997179813,25157.69999091417,34.666666666666664,33
zte,Android,10.16,yes,no,5.0,2.0,32.0,4.0,1400.0,110.0,2016,601,3.727619282,4.229749199,3742.1999983913524,6182.999998588396,20.033333333333335,33
zte,Android,15.24,yes,no,13.0,5.0,16.0,4.0,3400.0,160.0,2016,583,4.53774751,5.344246298,8413.200002770827,18845.999991774916,19.433333333333334,33
zte,Android,12.7,yes,no,16.0,8.0,64.0,4.0,2800.0,138.0,2016,649,4.419563238,5.069972813,7475.399998485431,14325.299993671608,21.633333333333333,33
zte,Android,12.7,no,no,8.0,2.0,32.0,4.0,2150.0,160.0,2016,1064,4.095843438,4.494685453,5408.099998129682,8058.600001508411,35.46666666666667,33
zte,Android,12.83,yes,no,13.0,5.0,16.0,4.0,3000.0,164.0,2016,800,4.137723286,5.302408984,5639.400002684097,18073.799991843476,26.666666666666668,33
zte,Android,12.7,yes,no,8.0,5.0,16.0,4.0,4000.0,160.0,2016,822,4.005695481,4.852655069,4941.899998562989,11527.200003591191,27.4,33
zte,Android,12.75,yes,no,13.0,5.0,16.0,4.0,2540.0,130.0,2016,918,4.377642036,4.770345584,7168.499997447602,10616.40000056187,30.6,33
zte,Android,12.75,yes,no,13.0,5.0,16.0,4.0,2500.0,160.0,2016,949,4.448165437,5.023485706,7692.299998631336,13674.59999897337,31.633333333333333,33
zte,Android,12.7,yes,no,13.0,5.0,16.0,4.0,2500.0,135.0,2016,917,4.003142599,4.861361591,4929.300001007403,11627.999995947623,30.566666666666666,33
zte,Android,12.83,yes,no,13.0,8.0,16.0,4.0,2540.0,135.0,2016,692,4.229603628,4.950035672,6182.09999860414,12706.200000415165,23.066666666666666,33
zte,Android,12.7,yes,no,13.0,8.0,16.0,4.0,2500.0,160.0,2016,747,4.236278058,4.771955004,6223.499999310639,10633.500003903375,24.9,33
zte,Android,12.75,yes,no,13.0,8.0,64.0,4.0,2200.0,135.0,2016,773,4.436988193,5.524895015,7606.800001918013,22577.40000910934,25.766666666666666,33
zte,Android,12.83,yes,no,8.0,2.0,16.0,4.0,3080.0,170.1,2016,752,3.943715452,4.775672166,4644.899999253863,10673.100000248638,25.066666666666666,33
zte,Android,12.7,yes,no,5.0,2.0,32.0,4.0,2300.0,164.4,2016,596,3.740760076,4.691439621,3791.7000000344087,9810.89999862385,19.866666666666667,33
zte,Android,12.83,yes,no,13.0,5.0,16.0,4.0,3000.0,160.0,2015,786,4.342635907,5.127529046,6921.899999522649,15174.000006558887,26.2,33
zte,Android,12.83,yes,no,8.0,8.0,32.0,4.0,3000.0,169.8,2015,1081,4.708809221,5.67174126,9982.800002519887,26148.59998837074,36.03333333333333,33
zte,Android,12.7,yes,no,13.0,13.0,32.0,4.0,2500.0,131.0,2015,834,4.72986263,5.631068402,10195.200000556564,25106.399990776026,27.8,33
zte,Android,12.75,yes,no,13.0,8.0,32.0,4.0,2800.0,140.0,2015,751,4.730568595,5.700443573,10202.399996098351,26909.999989486634,25.033333333333335,33
zte,Android,12.83,yes,no,8.0,2.0,16.0,4.0,3000.0,170.1,2015,609,3.847591145,4.872675061,4219.19999886606,11760.299999987592,20.3,33
zte,Android,12.83,yes,no,8.0,8.0,32.0,4.0,3000.0,149.5,2015,887,4.745627539,5.527721281,10357.200003279637,22641.30000377973,29.566666666666666,33
zte,Android,12.75,yes,no,13.0,8.0,16.0,4.0,2200.0,140.0,2015,860,4.797772052,5.671362583,10911.599997931135,26138.699989542165,28.666666666666668,33
zte,Android,12.83,yes,no,8.0,8.0,128.0,4.0,3000.0,168.0,2015,594,4.893726876,5.704648766,12010.500001795168,27023.400000428082,19.8,33
zte,Android,12.88,yes,no,8.0,1.0,16.0,4.0,3400.0,194.8,2015,644,4.415582293,5.197280822,7445.699998495286,16270.199993975712,21.466666666666665,33
zte,Android,12.7,yes,no,5.0,2.0,32.0,4.0,2200.0,149.5,2015,738,4.131640347,4.621732274,5605.200000191713,9150.299997373228,24.6,33
zte,Android,12.7,yes,no,13.0,5.0,16.0,4.0,2200.0,122.0,2015,784,4.19328451,4.602667056,5961.59999954093,8977.500002065066,26.133333333333333,33
zte,Android,12.83,yes,no,8.0,8.0,32.0,4.0,3000.0,172.9,2015,818,4.284275979,5.66649589,6529.499997843981,26011.800003376742,27.266666666666666,33
zte,Android,10.16,yes,no,5.0,0.3,32.0,4.0,1500.0,131.0,2015,877,3.833196225,4.623402954,4158.900000490022,9165.599997716385,29.233333333333334,33
zte,Android,10.29,yes,no,5.0,2.0,16.0,4.0,1800.0,137.5,2015,741,4.032646448,4.878322207,5076.900001259658,11826.900004073816,24.7,33
zte,Android,12.7,yes,no,8.0,2.0,16.0,4.0,2480.0,145.0,2015,718,4.170070273,4.858183171,5824.800001454826,11591.100001106039,23.933333333333334,33
zte,Android,10.16,yes,no,5.0,2.0,16.0,4.0,1650.0,149.5,2015,953,3.837945802,4.613237557,4178.699999866991,9072.899999402545,31.766666666666666,33
zte,Android,10.29,yes,no,5.0,2.0,32.0,4.0,2000.0,149.0,2015,1035,3.635478677,4.704200709,3412.7999986798573,9936.899995518006,34.5,33
zte,Android,10.29,yes,no,5.0,0.3,32.0,4.0,2100.0,133.5,2015,1045,3.575430762,3.910622025,3213.900001265129,4493.700002190598,34.833333333333336,33
zte,Android,10.29,no,no,8.0,2.0,32.0,4.0,1800.0,166.0,2015,828,4.175156205,4.59360355,5854.50000024288,8896.500003410689,27.6,33
zte,Android,10.29,yes,no,8.0,5.0,32.0,4.0,2200.0,154.0,2015,711,4.05386973,4.228146752,5185.80000178193,6173.1000030172245,23.7,33
zte,Android,12.75,yes,no,16.0,8.0,64.0,4.0,2900.0,192.0,2015,970,4.844659416,5.85636049,11435.400001848106,31450.500002417353,32.333333333333336,33
zte,Android,12.83,yes,no,13.0,5.0,16.0,4.0,3000.0,139.3,2015,981,4.302306792,5.634539572,6648.300003053923,25193.70000216565,32.7,33
zte,Android,12.83,yes,no,16.0,8.0,16.0,4.0,2900.0,165.0,2015,875,4.473237515,5.306483929,7887.600002151219,18147.5999961086,29.166666666666668,33
zte,Android,12.7,yes,no,16.0,8.0,16.0,4.0,2900.0,147.0,2015,797,4.649091373,5.127529046,9404.099999567228,15174.000006558887,26.566666666666666,33
zte,Android,12.83,yes,no,16.0,8.0,16.0,4.0,3100.0,149.5,2015,552,4.765416535,5.707176708,10564.199998624663,27091.80000747148,18.4,33
zte,Android,12.7,no,no,13.0,5.0,32.0,4.0,2000.0,150.0,2015,983,4.34536265,4.607267984,6940.799997901866,9018.899999366533,32.766666666666666,33
zte,Android,12.7,no,no,8.0,2.0,32.0,4.0,2000.0,149.5,2015,1041,3.950281718,4.39222446,4675.500002126247,7273.800002543449,34.7,33
zte,Android,10.29,no,no,5.0,2.0,16.0,4.0,1850.0,135.0,2015,853,3.840956557,4.625168872,4191.30000002395,9181.79999545702,28.433333333333334,33
zte,Android,10.16,no,no,2.0,0.3,16.0,4.0,1200.0,120.0,2015,734,3.183870216,4.242189689,2172.600000718293,6260.39999695693,24.466666666666665,33
zte,Android,12.7,yes,no,13.0,5.0,32.0,4.0,2400.0,165.0,2015,628,4.580570069,5.347773975,8781.299998947487,18912.599995070825,20.933333333333334,33
zte,Android,12.7,yes,no,13.0,5.0,16.0,4.0,2400.0,154.0,2015,793,4.381151252,5.385961876,7193.700002604643,19648.799992138844,26.433333333333334,33
zte,Android,12.7,yes,no,13.0,5.0,16.0,4.0,2400.0,130.0,2014,721,4.500809171,5.797060288,8108.100002729604,29639.700012714067,24.033333333333335,33
zte,Android,10.29,yes,no,5.0,2.0,32.0,4.0,2000.0,136.1,2014,913,3.864721732,4.401338946,4292.0999986688785,7340.400002156211,30.433333333333334,33
zte,Android,12.83,no,no,13.0,5.0,16.0,4.0,2500.0,120.0,2014,542,4.543188394,5.204116571,8459.100003111174,16381.79999755568,18.066666666666666,33
zte,Android,12.88,yes,no,8.0,1.6,16.0,4.0,3400.0,189.9,2014,573,3.896096855,5.299167006,4428.900000540828,18015.300008960552,19.1,33
zte,Android,12.7,yes,no,8.0,2.0,16.0,4.0,2300.0,135.55,2014,968,4.341985585,5.192679035,6917.399999054405,16195.500007692224,32.266666666666666,33
zte,Android,12.7,no,no,8.0,5.0,32.0,4.0,2300.0,135.55,2014,593,4.078384543,5.138500665,5314.500001895305,15341.399998555578,19.766666666666666,33
zte,Android,10.29,no,no,5.0,2.0,16.0,4.0,1850.0,135.0,2014,961,3.780318514,4.789988623,3944.699998300948,10827.000000209686,32.03333333333333,33
zte,Android,10.34,yes,no,13.0,5.0,16.0,4.0,2000.0,117.9,2014,741,3.929469919,5.357764825,4579.199999854077,19102.499996342704,24.7,33
zte,Android,12.83,yes,no,13.0,5.0,32.0,4.0,3000.0,135.55,2014,856,4.329548428,5.517412735,6831.899999804082,22409.099999648683,28.533333333333335,33
zte,Android,12.83,yes,no,13.0,5.0,32.0,4.0,3100.0,160.0,2014,918,4.500920165,5.473614308,8109.000003127706,21448.799991312662,30.6,33
zte,Android,12.7,yes,no,13.0,5.0,16.0,4.0,2300.0,143.0,2014,996,4.055776969,5.188837266,5195.699999621534,16133.400001141996,33.2,33
zte,Android,12.7,no,no,5.0,0.3,16.0,4.0,2000.0,166.0,2014,882,3.900152833,4.856862321,4446.900000632978,11575.800003394988,29.4,33
zte,Android,10.16,no,no,3.15,5.0,512.0,0.25,1400.0,120.0,2014,1006,3.173878459,4.096176217,2151.000000134513,5409.899999723712,33.53333333333333,33
zte,Android,10.29,no,no,5.0,0.3,16.0,4.0,2000.0,145.0,2013,808,3.442019376,4.605770006,2812.499999486971,9005.399999459147,26.933333333333334,33
zte,Android,12.7,yes,no,8.0,5.0,16.0,4.0,2300.0,130.0,2014,716,4.41255584,5.290839477,7423.200002162341,17865.9000055013,23.866666666666667,33
zte,Android,16.36,yes,no,13.0,13.0,32.0,4.0,4250.0,215.0,2014,932,4.795625243,5.857847437,10888.200003497635,31497.30001499065,31.066666666666666,33
zte,Others,10.16,no,no,3.15,5.0,16.0,4.0,1400.0,125.0,2014,1007,3.764450641,4.244343779,3882.6000001513803,6273.899996873671,33.56666666666667,33
zte,Android,12.83,yes,no,13.0,2.0,16.0,4.0,3100.0,150.0,2014,592,4.207226719,5.522420457,6045.299998314735,22521.599991961,19.733333333333334,33
zte,Android,12.7,yes,no,13.0,5.0,16.0,4.0,2300.0,126.0,2013,567,4.169297415,5.667671588,5820.2999973313845,26042.4000092752,18.9,33
zte,Android,10.34,no,no,13.0,5.0,16.0,4.0,2000.0,120.0,2013,966,4.05958057,5.436338664,5215.500001117363,20663.99999079602,32.2,33
zte,Android,12.7,yes,no,8.0,1.0,16.0,4.0,2300.0,130.0,2013,916,3.75419892,5.735636376,3842.999999098513,27873.90000640805,30.533333333333335,33
zte,Android,10.29,yes,no,8.0,1.0,32.0,4.0,2070.0,127.6,2013,849,3.785779279,5.019462883,3966.3000005794947,13619.70000410042,28.3,33
zte,Android,10.29,no,no,5.0,0.3,16.0,4.0,2000.0,140.0,2013,632,4.308245532,5.630709864,6687.899998867217,25097.400005850828,21.066666666666666,33
zte,Android,10.16,no,no,5.0,1.0,16.0,4.0,1650.0,127.6,2013,785,3.945070859,4.695193689,4651.199997793719,9847.80000358775,26.166666666666668,33
zte,Android,10.16,yes,no,5.0,0.3,16.0,4.0,2500.0,153.4,2013,682,4.352082758,5.438340144,6987.599997898063,20705.399990312675,22.733333333333334,33
zte,Android,12.7,yes,no,13.0,1.0,32.0,4.0,2500.0,154.0,2013,952,4.586089298,5.598162666,8829.899998452125,24293.69999694814,31.733333333333334,33
zte,Android,10.29,no,no,8.0,0.3,16.0,4.0,2000.0,146.0,2013,939,3.617920365,4.710970605,3353.3999994183773,10004.400001257523,31.3,33
zte,Android,12.7,no,no,8.0,1.3,16.0,4.0,2500.0,163.0,2013,829,4.008241863,5.29681624,4954.499999164232,17972.999992419536,27.633333333333333,33
zte,Android,10.16,no,no,5.0,0.3,16.0,4.0,1600.0,140.0,2013,885,3.674273302,5.012965909,3547.800000977156,13531.49999412005,29.5,33
zte,Android,12.88,yes,no,13.0,1.0,16.0,4.0,3200.0,189.0,2013,866,4.318820559,5.829033849,6759.000001553966,30602.699999638273,28.866666666666667,33
zte,Android,10.16,no,no,3.15,1.0,16.0,4.0,1600.0,140.0,2013,782,3.745023465,4.86097452,3807.900001020608,11623.500005325313,26.066666666666666,33
zte,Android,7.75,no,no,3.15,1.0,16.0,4.0,1500.0,140.0,2013,1003,3.767459554,5.008566489,3894.2999990778562,13472.100000981514,33.43333333333333,33
zte,Android,12.7,yes,no,13.0,2.0,16.0,4.0,1780.0,110.0,2013,1065,4.430578675,6.063715439,7558.199998064741,38697.30000727949,35.5,33
google,Android,15.32,yes,no,12.2,8.0,64.0,6.0,3700.0,193.0,2019,487,4.870146421,6.358102198,11730.600001123392,51943.49999683554,16.233333333333334,8
google,Android,12.88,yes,no,12.2,8.0,64.0,6.0,2800.0,162.0,2019,203,5.15381169,6.181361505,15578.09999317201,43528.50001616839,6.766666666666667,8
google,Android,15.24,yes,no,12.2,8.0,64.0,4.0,3700.0,167.0,2019,318,4.877941646,5.692552993,11822.400003498034,26698.50000788533,10.6,8
google,Android,12.85,yes,no,12.2,8.0,64.0,4.0,3000.0,147.0,2019,508,4.470609693,5.537924644,7866.900003206576,22873.500002449495,16.933333333333334,8
honor,Android,16.84,yes,yes,13.0,16.0,64.0,6.0,4300.0,203.0,2020,329,5.087164143,5.602635293,14573.699998755705,24402.600008510562,10.966666666666667,9
honor,Android,15.37,yes,no,13.0,8.0,128.0,4.0,3750.0,188.0,2020,195,4.842768758,5.110420295,11413.799996896754,14916.599993721657,6.5,9
honor,Android,16.69,yes,yes,13.0,8.0,256.0,8.0,4000.0,190.0,2020,119,5.134267855,6.4521909,15276.60000700385,57068.09998867699,3.966666666666667,9
honor,Android,16.69,yes,yes,13.0,8.0,128.0,8.0,4000.0,186.0,2020,92,4.946416722,6.205648077,12660.30000291688,44598.59999773972,3.066666666666667,9
honor,Android,16.59,yes,yes,13.0,32.0,128.0,6.0,4000.0,185.0,2020,254,5.202191854,5.86813805,16350.299992631672,31823.10000570906,8.466666666666667,9
honor,Android,15.37,yes,yes,13.0,16.0,128.0,8.0,4000.0,190.0,2020,276,5.201035244,5.709565719,16331.400004221945,27156.599988813436,9.2,9
honor,Android,16.74,yes,no,13.0,16.0,64.0,4.0,4000.0,196.8,2019,201,4.837709459,4.989275455,11356.200000651126,13214.700000332394,6.7,9
honor,Android,16.74,yes,no,13.0,16.0,128.0,8.0,4000.0,202.0,2019,470,4.770515119,5.537531098,10618.200004513483,22864.499999091335,15.666666666666666,9
honor,Android,15.9,yes,no,13.0,32.0,128.0,8.0,4000.0,182.0,2019,281,5.125272647,5.752159855,15139.800007050739,28338.299993496166,9.366666666666667,9
honor,Android,15.9,yes,no,13.0,32.0,128.0,6.0,3750.0,174.0,2019,239,5.101085197,5.416589172,14777.999999729147,20259.900007575743,7.966666666666667,9
honor,Android,15.77,yes,no,13.0,32.0,128.0,4.0,3400.0,164.0,2019,182,3.847804433,4.925077406,4220.099999571681,12393.000003288986,6.066666666666666,9
huawei,Android,16.69,yes,yes,10.5,16.0,128.0,8.0,4000.0,178.0,2020,221,4.856473503,6.152456061,11571.299998887336,42288.300012696396,7.366666666666666,11
huawei,Android,16.59,yes,yes,10.5,32.0,128.0,8.0,4000.0,180.0,2020,100,5.384403315,5.956433047,19618.199990952766,34760.700002222846,3.3333333333333335,11
huawei,Android,16.71,yes,yes,10.5,16.0,128.0,8.0,4200.0,209.0,2020,219,5.452410902,6.59439978,20998.80000240568,65789.10001541785,7.3,11
huawei,Android,15.27,yes,yes,10.5,32.0,128.0,6.0,3800.0,175.0,2020,151,5.411779971,6.108447263,20162.69999074858,40467.6000164462,5.033333333333333,11
huawei,Android,15.34,yes,no,10.5,16.0,128.0,6.0,4200.0,183.0,2020,325,4.924423597,5.165357239,12384.899996567023,15758.999995401433,10.833333333333334,11
huawei,Android,20.32,yes,yes,10.5,16.0,512.0,8.0,4500.0,300.0,2020,248,6.500448476,7.847840659,59889.6000003233,230417.99990276148,8.266666666666667,11
huawei,Android,15.62,yes,no,10.5,32.0,256.0,6.0,3340.0,152.9,2020,285,5.12116244,5.263363537,15077.700004441273,17381.699995054765,9.5,11
huawei,Android,15.47,yes,no,13.0,8.0,32.0,3.0,3020.0,150.0,2020,297,4.376637137,4.519503359,7161.299997211081,8261.099998091688,9.9,11
huawei,Android,16.69,yes,no,13.0,16.0,128.0,8.0,4100.0,197.0,2019,369,4.812915795,5.723552422,11078.09999864621,27539.10000881735,12.3,11
huawei,Android,16.74,yes,no,13.0,16.0,128.0,6.0,4000.0,206.0,2019,365,4.944210551,5.235803461,12632.400003600054,16909.19999731491,12.166666666666666,11
huawei,Android,16.59,yes,yes,13.0,16.0,128.0,8.0,4500.0,198.0,2019,306,4.981412435,6.600196977,13111.199994501789,66171.60003139425,10.2,11
huawei,Android,16.59,yes,no,13.0,16.0,128.0,8.0,4500.0,198.0,2019,350,5.59849603,6.821271036,24301.79999200227,82543.50001978072,11.666666666666666,11
huawei,Android,15.9,yes,no,13.0,32.0,128.0,6.0,3750.0,174.0,2019,489,4.974800841,5.313944622,13024.79999886633,18283.499992069796,16.3,11
huawei,Android,16.74,yes,no,13.0,16.0,64.0,4.0,4000.0,196.8,2019,397,4.584661309,4.901266757,8817.299996856187,12101.399999505167,13.233333333333333,11
huawei,Android,17.83,yes,yes,13.0,24.0,256.0,8.0,4200.0,233.0,2019,279,5.15698419,6.191851111,15627.599993258369,43987.499986822426,9.3,11
huawei,Android,14.5,yes,no,13.0,5.0,16.0,2.0,3020.0,146.0,2019,382,3.997099178,4.29374172,4899.600001061914,6591.600001276727,12.733333333333333,11
lenovo,Android,15.32,yes,no,8.0,16.0,64.0,4.0,4050.0,164.0,2019,511,4.733739287,5.249127122,10234.800002223004,17135.999993877907,17.033333333333335,15
lenovo,Android,16.23,yes,no,8.0,32.0,128.0,6.0,4000.0,185.0,2019,505,5.268528038,5.924041871,17471.700004590093,33652.80000704865,16.833333333333332,15
lg,Android,15.44,yes,yes,5.0,16.0,128.0,6.0,4300.0,180.0,2020,310,5.169517619,6.483841027,15824.699997524258,58903.19998789879,10.333333333333334,16
lg,Android,15.34,yes,no,8.0,32.0,128.0,6.0,4000.0,192.0,2019,457,5.041940144,6.58271742,13929.300001049314,65025.00000087215,15.233333333333333,16
lg,Android,15.77,yes,no,8.0,13.0,64.0,6.0,3550.0,181.0,2019,255,4.455044727,5.715183897,7745.399996820872,27309.599989604783,8.5,16
meizu,Android,15.39,yes,yes,13.0,20.0,128.0,8.0,4500.0,219.0,2020,261,4.822134686,6.397079644,11180.699997477797,54008.1000017676,8.7,17
motorola,Android,15.34,yes,no,13.0,8.0,32.0,3.0,4000.0,189.4,2020,349,4.349245145,5.135739612,6967.799998958301,15299.100003202433,11.633333333333333,20
motorola,Android,15.29,yes,no,13.0,5.0,32.0,2.0,3550.0,185.0,2020,174,4.511189123,4.84803793,8192.700003955459,11474.099998278534,5.8,20
motorola,Android,15.37,yes,no,13.0,8.0,64.0,4.0,5000.0,200.0,2020,352,4.454579827,4.80729437,7741.79999724709,11015.999999138267,11.733333333333333,20
motorola,Android,15.27,yes,no,13.0,5.0,32.0,2.0,3000.0,160.0,2020,208,4.201403635,4.410614092,6010.200002911892,7408.800003513298,6.933333333333334,20
motorola,Android,15.34,yes,no,13.0,16.0,128.0,4.0,4000.0,192.0,2020,186,4.670489652,5.110480629,9607.499998955336,14917.49999901587,6.2,20
motorola,Android,15.34,yes,no,13.0,16.0,64.0,4.0,5000.0,199.0,2020,97,4.652530757,5.358894928,9436.499996716768,19124.099991707004,3.2333333333333334,20
motorola,Android,15.34,yes,no,13.0,16.0,64.0,4.0,5000.0,197.0,2020,202,4.718498871,4.996874379,10079.999997025452,13315.50000204768,6.733333333333333,20
motorola,Android,15.37,yes,no,13.0,16.0,128.0,4.0,4000.0,210.0,2019,506,4.964242255,5.537924644,12888.000006101887,22873.500002449495,16.866666666666667,20
motorola,Android,15.29,yes,no,13.0,8.0,32.0,2.0,4000.0,183.6,2019,415,4.317754745,4.742668699,6751.800002337871,10326.599998206013,13.833333333333334,20
motorola,Android,12.83,yes,no,13.0,5.0,32.0,2.0,3000.0,140.0,2019,280,4.021773869,4.442533603,5021.999998055152,7649.100003743969,9.333333333333334,20
motorola,Android,15.32,yes,no,13.0,25.0,64.0,4.0,4000.0,188.0,2019,205,4.824305716,5.135327738,11205.000001067134,15292.799999180705,6.833333333333333,20
motorola,Android,15.29,yes,no,13.0,8.0,64.0,4.0,4000.0,186.0,2019,292,4.426641427,4.779039456,7528.499996741415,10709.100000352732,9.733333333333333,20
motorola,Android,15.27,yes,no,13.0,8.0,32.0,2.0,3000.0,149.7,2019,342,4.230622181,4.528828953,6188.4000030035495,8338.500002239978,11.4,20
motorola,Android,16.23,yes,no,13.0,25.0,128.0,4.0,4000.0,190.0,2019,431,5.245812813,5.681025488,17079.30000741433,26392.500012309873,14.366666666666667,20
motorola,Android,15.32,yes,no,13.0,12.0,128.0,4.0,3500.0,176.0,2019,491,4.762430312,5.047545648,10532.699998033811,14007.599998370173,16.366666666666667,20
motorola,Android,12.83,yes,no,13.0,5.0,16.0,2.0,3000.0,159.0,2019,379,2.834389123,3.931629535,1531.7999997775391,4589.099999692235,12.633333333333333,20
motorola,Android,15.34,yes,no,48.0,25.0,128.0,4.0,3600.0,165.0,2019,371,5.325932534,5.541224329,18504.000007752984,22949.10000681138,12.366666666666667,20
motorola,Android,15.32,yes,no,13.0,25.0,128.0,4.0,3500.0,180.0,2019,320,4.904978438,5.110480629,12146.399997112641,14917.49999901587,10.666666666666666,20
nokia,Android,14.5,yes,no,8.0,5.0,16.0,1.0,3000.0,155.0,2020,139,3.956422593,4.011506284,4704.30000129448,4970.700000431973,4.633333333333334,21
nokia,Android,15.29,yes,no,13.0,5.0,32.0,2.0,4000.0,183.0,2019,259,4.346140356,4.438288814,6946.199999239582,7616.700002421998,8.633333333333333,21
nokia,Android,15.32,yes,no,5.0,20.0,64.0,4.0,3500.0,180.0,2019,434,4.725350346,5.127291769,10149.299997521577,15170.39999247649,14.466666666666667,21
nokia,Android,15.32,yes,no,5.0,8.0,32.0,3.0,3500.0,180.0,2019,249,4.104459896,4.950106501,5454.900000200773,12707.099999727634,8.3,21
nokia,Others,5.28,yes,no,2.0,0.0,0.06,0.03,1500.0,118.0,2019,339,3.417070731,4.085303818,2743.20000049804,5351.40000230136,11.3,21
nokia,Android,14.5,yes,no,13.0,5.0,16.0,2.0,3000.0,153.0,2019,390,3.174296781,4.085808231,2151.8999989881045,5354.099998930173,13.0,21
oneplus,Android,16.94,yes,no,13.0,16.0,256.0,8.0,4085.0,206.0,2019,341,5.533073233,6.312841275,22762.79999566567,49644.900008248034,11.366666666666667,22
oneplus,Android,16.64,yes,no,13.0,16.0,128.0,8.0,3800.0,190.0,2019,381,5.13732668,5.946702509,15323.399993013894,34424.099995387645,12.7,22
oppo,Android,15.37,yes,yes,13.0,32.0,256.0,12.0,4025.0,171.0,2020,227,5.44772826,6.232742669,20900.700002409183,45823.50001751951,7.566666666666666,23
oppo,Android,15.34,yes,yes,13.0,32.0,128.0,8.0,4025.0,180.0,2020,306,4.998090267,5.826442487,13331.700005413195,30523.499988032072,10.2,23
oppo,Android,15.42,yes,yes,13.0,32.0,256.0,12.0,4260.0,217.0,2020,193,5.742009104,6.840535834,28052.099996398243,84149.09999626988,6.433333333333334,23
oppo,Android,15.42,yes,yes,13.0,32.0,128.0,8.0,4200.0,209.0,2020,91,5.112770614,6.714765013,14951.699994043438,74204.09997303893,3.033333333333333,23
oppo,Android,15.37,yes,yes,8.0,32.0,128.0,8.0,4025.0,171.0,2019,455,5.179533831,6.374172668,15984.000007063809,52784.99999506301,15.166666666666666,23
oppo,Android,15.37,yes,no,8.0,16.0,128.0,8.0,4000.0,200.0,2019,447,4.780718858,6.247268881,10727.099994694194,46494.00001572706,14.9,23
oppo,Android,15.37,yes,no,8.0,8.0,64.0,3.0,5000.0,195.0,2019,508,4.49088104,4.841190475,8028.000003323881,11395.799998678312,16.933333333333334,23
oppo,Android,15.37,yes,no,8.0,16.0,128.0,4.0,5000.0,195.0,2019,459,4.622027303,5.03037256,9152.999999501035,13769.100003039011,15.3,23
oppo,Android,15.37,yes,no,8.0,16.0,128.0,8.0,4000.0,189.0,2019,414,4.958078043,6.08221891,12808.79999541984,39419.99998516049,13.8,23
oppo,Android,16.59,yes,no,8.0,16.0,128.0,8.0,4000.0,195.0,2019,215,5.027623507,5.43219245,13731.299998282073,20578.499997858507,7.166666666666667,23
realme,Android,16.36,yes,yes,13.0,8.0,128.0,6.0,4200.0,209.0,2020,148,4.755312844,5.979493175,10457.999995630531,35571.599988376554,4.933333333333334,26
realme,Android,16.69,yes,yes,13.0,8.0,128.0,6.0,4200.0,194.0,2020,232,4.822858887,5.458265494,11188.800004259156,21122.099992288342,7.733333333333333,26
realme,Android,15.37,yes,no,13.0,16.0,64.0,3.0,5000.0,199.0,2020,320,4.664099254,4.93820796,9546.300004607245,12556.799997982502,10.666666666666666,26
realme,Android,15.39,yes,no,13.0,8.0,64.0,6.0,4300.0,202.0,2020,347,4.418599615,5.354933967,7468.200000711554,19048.500000629883,11.566666666666666,26
realme,Android,16.36,yes,yes,13.0,8.0,128.0,6.0,4200.0,205.0,2020,257,5.251225759,6.175326583,17171.9999997564,43266.59998180574,8.566666666666666,26
realme,Android,15.37,yes,no,13.0,5.0,32.0,2.0,5000.0,195.0,2020,357,4.189503215,4.665324109,5939.099997652096,9558.00000183668,11.9,26
realme,Android,16.69,yes,yes,13.0,8.0,64.0,6.0,4200.0,202.0,2020,201,4.694370831,5.318070973,9839.699995607618,18359.099999359765,6.7,26
realme,Android,16.56,yes,no,13.0,8.0,32.0,3.0,5000.0,195.0,2020,278,4.489871562,4.779039456,8019.900003010444,10709.100000352732,9.266666666666667,26
realme,Android,15.37,yes,no,13.0,13.0,64.0,4.0,5000.0,198.0,2019,299,4.700843936,4.967379785,9903.599999441696,12928.499994501533,9.966666666666667,26
realme,Android,15.37,yes,no,13.0,16.0,64.0,6.0,4000.0,199.0,2019,475,5.069155743,5.901047377,14313.600001313069,32887.80000054202,15.833333333333334,26
realme,Android,15.34,yes,no,13.0,16.0,64.0,4.0,4000.0,183.0,2019,264,4.624482497,5.159974417,9175.49999981223,15674.400001155327,8.8,26
realme,Android,15.32,yes,no,13.0,16.0,64.0,4.0,4035.0,184.0,2019,538,4.515573652,5.074423534,8228.699998548987,14389.20000225734,17.933333333333334,26
realme,Android,15.32,yes,no,13.0,25.0,64.0,4.0,4045.0,172.0,2019,277,4.882195678,4.966753066,11872.799997015854,12920.399996389955,9.233333333333333,26
sony,Android,15.37,yes,yes,13.0,8.0,256.0,8.0,4000.0,181.4,2020,236,5.483426701,6.839637025,21660.30000987032,84073.50000791582,7.866666666666666,28
sony,Android,15.24,yes,no,13.0,8.0,128.0,4.0,3600.0,151.0,2020,349,4.937132267,5.602672173,12543.29999835158,24403.4999929945,11.633333333333333,28
sony,Android,15.27,yes,no,13.0,8.0,128.0,6.0,3140.0,164.0,2019,348,5.124380559,5.973020497,15126.299995636433,35342.10001666787,11.6,28
others,Android,16.43,yes,no,2.0,24.0,128.0,6.0,4500.0,177.0,2020,121,5.142890873,5.828916205,15408.899996660482,30599.099987363577,4.033333333333333,24
others,Android,16.59,yes,no,2.0,16.0,64.0,6.0,4000.0,180.0,2020,113,4.56100929,5.135739612,8611.19999825777,15299.100003202433,3.7666666666666666,24
others,Android,15.32,yes,no,2.0,16.0,128.0,4.0,5500.0,290.0,2020,306,4.745106026,5.507321425,10351.799997043443,22184.100006466113,10.2,24
others,Android,15.32,yes,no,8.0,16.0,128.0,8.0,5500.0,290.0,2019,211,5.169062531,5.777621363,15817.500004891173,29069.100000259536,7.033333333333333,24
vivo,Android,16.66,yes,yes,13.0,32.0,128.0,8.0,4315.0,181.5,2020,165,5.305590851,6.30183112,18131.400008802157,49101.300015699664,5.5,30
vivo,Android,16.59,yes,yes,13.0,16.0,128.0,8.0,4500.0,190.0,2020,197,4.81283455,5.507280854,11077.19999497271,22183.199993602095,6.566666666666666,30
vivo,Android,16.69,yes,yes,13.0,16.0,128.0,6.0,4500.0,195.0,2020,352,5.147087417,5.680957284,15473.699996413878,26390.699999623746,11.733333333333333,30
vivo,Android,16.59,yes,no,13.0,16.0,128.0,8.0,5000.0,197.0,2020,108,5.061074891,5.358847866,14198.400002068343,19123.19999449119,3.6,30
vivo,Android,16.69,yes,yes,13.0,16.0,128.0,6.0,5000.0,201.0,2020,135,4.938279632,5.532875523,12557.700001204095,22758.30000733955,4.5,30
vivo,Android,16.36,yes,yes,13.0,16.0,128.0,6.0,4400.0,214.5,2020,154,4.791815714,6.191666951,10846.79999715705,43979.39999469503,5.133333333333334,30
vivo,Android,16.36,yes,yes,13.0,32.0,128.0,8.0,4350.0,198.5,2019,489,5.217649463,6.091287257,16604.999992019937,39779.09998459068,16.3,30
vivo,Android,16.36,yes,no,13.0,32.0,128.0,8.0,4500.0,176.0,2019,393,5.264243386,5.633538821,17396.999996272087,25168.499993264988,13.1,30
vivo,Android,16.21,yes,no,13.0,32.0,128.0,8.0,4500.0,186.7,2019,351,4.002412005,5.034221604,4925.6999992324445,13822.20000134908,11.7,30
vivo,Android,16.59,yes,no,13.0,16.0,128.0,4.0,5000.0,193.0,2019,301,4.749962931,5.43590303,10402.200001148069,20655.000010315118,10.033333333333333,30
vivo,Android,16.36,yes,no,13.0,16.0,128.0,8.0,4100.0,201.8,2019,486,4.760206188,5.828710296,10509.299999079136,30592.80000591798,16.2,30
vivo,Android,16.59,yes,no,13.0,32.0,64.0,4.0,5000.0,201.0,2019,289,5.079788153,5.130785895,14466.600003116504,15223.499996548564,9.633333333333333,30
vivo,Android,16.13,yes,no,13.0,8.0,32.0,3.0,5000.0,190.5,2019,321,4.522223265,5.354933967,8283.599998615271,19048.500000629883,10.7,30
xiaomi,Android,16.59,yes,no,13.0,8.0,32.0,3.0,5020.0,198.0,2020,340,4.475061501,4.705015521,7902.0000028362565,9945.000000419604,11.333333333333334,31
xiaomi,Android,16.59,yes,no,13.0,13.0,128.0,4.0,5020.0,199.0,2020,354,4.94406805,5.135739612,12630.600002221187,15299.100003202433,11.8,31
xiaomi,Android,16.94,yes,yes,13.0,16.0,128.0,6.0,4700.0,219.0,2020,128,4.774153178,5.882486385,10656.899996346116,32283.0000149071,4.266666666666667,31
xiaomi,Android,16.94,yes,no,13.0,16.0,64.0,6.0,5020.0,209.0,2020,284,4.870453263,5.262431088,11734.199994175222,17365.500000284304,9.466666666666667,31
xiaomi,Android,16.59,yes,no,13.0,13.0,64.0,3.0,5020.0,199.0,2020,208,4.497028027,4.912654886,8077.4999970243425,12240.000003230727,6.933333333333334,31
xiaomi,Android,16.43,yes,no,13.0,16.0,64.0,6.0,5260.0,204.0,2020,200,4.781138269,5.42093315,10731.600002040395,20348.099998204787,6.666666666666667,31
xiaomi,Android,16.69,yes,yes,13.0,16.0,64.0,6.0,4160.0,192.0,2020,156,5.063164491,5.692519282,14228.099998461998,26697.599989921917,5.2,31
xiaomi,Android,16.69,yes,yes,13.0,16.0,64.0,6.0,4160.0,192.0,2020,351,4.829992328,5.50809195,11268.900003596402,22201.199997262764,11.7,31
xiaomi,Android,16.94,yes,yes,13.0,16.0,128.0,8.0,4700.0,218.0,2020,194,5.500523247,6.250920741,22033.800007769863,46664.099996243014,6.466666666666667,31
xiaomi,Android,16.94,yes,yes,13.0,16.0,128.0,6.0,4700.0,218.0,2020,306,5.136151316,6.023665487,15305.400000648242,37178.100003867636,10.2,31
xiaomi,Android,16.94,yes,no,13.0,16.0,64.0,4.0,5020.0,209.0,2020,96,4.686934488,5.059234964,9766.800002043892,14172.300000959207,3.2,31
xiaomi,Android,17.81,yes,yes,13.0,20.0,256.0,8.0,5000.0,253.0,2020,361,5.223917044,6.509499124,16709.400000471436,60434.10001089978,12.033333333333333,31
xiaomi,Android,16.94,yes,yes,13.0,20.0,128.0,8.0,4720.0,222.0,2020,164,5.119190701,6.215907254,15048.000005257752,45058.49999306948,5.466666666666667,31
xiaomi,Android,16.94,yes,yes,13.0,20.0,256.0,8.0,4500.0,208.0,2020,112,5.341328962,6.570868957,18791.09999734512,64259.10002318057,3.7333333333333334,31
xiaomi,Android,16.94,yes,yes,13.0,20.0,128.0,8.0,4780.0,208.0,2020,321,4.865609522,6.158228205,11677.499999462856,42533.100000596016,10.7,31
xiaomi,Android,16.94,yes,no,12.0,20.0,64.0,6.0,4500.0,208.0,2019,421,4.81818259,5.346821776,11136.599998854683,18894.600007413257,14.033333333333333,31
xiaomi,Android,16.94,yes,yes,12.0,20.0,64.0,6.0,4500.0,208.0,2019,221,4.903569622,5.507321425,12129.300002655495,22184.100006466113,7.366666666666666,31
xiaomi,Android,15.32,yes,no,12.0,13.0,32.0,3.0,4000.0,200.0,2019,444,4.609162207,4.779039456,9035.999997672065,10709.100000352732,14.8,31
xiaomi,Android,16.43,yes,no,12.0,32.0,256.0,8.0,5260.0,208.0,2019,355,5.529190964,6.327132889,22674.600001719704,50359.49998670325,11.833333333333334,31
xiaomi,Android,16.43,yes,no,12.0,32.0,128.0,6.0,5260.0,208.0,2019,391,5.224832277,5.636538074,16724.699995224106,25244.100007488236,13.033333333333333,31
xiaomi,Android,16.43,yes,no,12.0,32.0,128.0,6.0,5260.0,208.0,2019,207,4.919615896,5.968681984,12325.500003585645,35189.099992584306,6.9,31
xiaomi,Android,15.8,yes,no,12.0,8.0,32.0,3.0,5000.0,188.0,2019,506,4.30528057,4.543081994,6668.099997142281,8458.200002751706,16.866666666666667,31
xiaomi,Android,15.8,yes,no,12.0,8.0,32.0,2.0,5000.0,188.0,2019,514,4.406475315,4.481985085,7378.199999437843,7956.899996676298,17.133333333333333,31
xiaomi,Android,16.23,yes,yes,12.0,20.0,128.0,8.0,4000.0,196.0,2019,391,5.176996831,6.20048889,15943.499995033908,44369.100006153625,13.033333333333333,31
xiaomi,Android,16.23,yes,no,12.0,32.0,64.0,6.0,4030.0,179.0,2019,215,4.80557721,5.472228656,10997.099996388213,21419.100000385097,7.166666666666667,31
xiaomi,Android,16.59,yes,no,12.0,20.0,64.0,6.0,4500.0,200.0,2019,215,4.891175854,5.007898218,11979.899999294052,13463.099994798271,7.166666666666667,31
xiaomi,Android,16.23,yes,no,12.0,20.0,128.0,8.0,4000.0,205.0,2019,492,5.241905733,5.924255797,17012.70000642955,33659.999986046845,16.4,31
xiaomi,Android,15.47,yes,no,12.0,32.0,64.0,4.0,4030.0,173.8,2019,489,4.924496264,5.001661819,12385.800002795057,13379.39999602434,16.3,31
xiaomi,Android,13.84,yes,no,13.0,5.0,16.0,2.0,4000.0,165.0,2019,202,4.049870072,4.261975404,5165.099999378787,6385.500002515559,6.733333333333333,31
xiaomi,Android,15.32,yes,no,12.0,13.0,32.0,3.0,4000.0,190.0,2019,356,4.626050664,4.84803793,9189.900003975123,11474.099998278534,11.866666666666667,31
xiaomi,Android,16.23,yes,no,12.0,16.0,64.0,6.0,4000.0,191.0,2019,329,5.117993812,6.212145068,15029.99999373617,44889.300015679546,10.966666666666667,31
xiaomi,Android,16.23,yes,no,12.0,16.0,64.0,6.0,4000.0,191.0,2019,443,4.946914217,5.472228656,12666.600005846863,21419.100000385097,14.766666666666667,31
xiaomi,Android,15.21,yes,no,12.0,5.0,32.0,3.0,4000.0,180.0,2018,478,4.435567402,4.790487252,7596.000003023882,10832.400002579798,15.933333333333334,31
zte,Android,16.43,yes,yes,13.0,20.0,128.0,6.0,4000.0,168.0,2020,217,5.371242497,6.232742669,19361.70000846894,45823.50001751951,7.233333333333333,33
zte,Android,16.89,yes,yes,13.0,8.0,128.0,8.0,4500.0,218.0,2020,133,5.103882742,6.198783548,14819.400001922368,44293.499996668215,4.433333333333334,33
google,Android,15.32,yes,no,12.2,8.0,64.0,6.0,3700.0,193.0,2019,429,4.600559573,6.358102198,8958.599996144145,51943.49999683554,14.3,8
google,Android,12.88,yes,no,12.2,8.0,64.0,6.0,2800.0,162.0,2019,464,5.037342137,6.181361505,13865.40000104241,43528.50001616839,15.466666666666667,8
google,Android,15.24,yes,no,12.2,8.0,64.0,4.0,3700.0,167.0,2019,397,4.777778051,5.692552993,10695.600004338065,26698.50000788533,13.233333333333333,8
google,Android,12.85,yes,no,12.2,8.0,64.0,4.0,3000.0,147.0,2019,186,4.745106026,5.537924644,10351.799997043443,22873.500002449495,6.2,8
honor,Android,16.84,yes,yes,13.0,16.0,64.0,6.0,4300.0,203.0,2020,195,4.714114273,5.602635293,10035.90000022811,24402.600008510562,6.5,9
honor,Android,15.37,yes,no,13.0,8.0,128.0,4.0,3750.0,188.0,2020,179,4.5582882,5.110420295,8587.799999244608,14916.599993721657,5.966666666666667,9
honor,Android,16.69,yes,yes,13.0,8.0,256.0,8.0,4000.0,190.0,2020,266,5.557214088,6.4521909,23319.000010072312,57068.09998867699,8.866666666666667,9
honor,Android,16.69,yes,yes,13.0,8.0,128.0,8.0,4000.0,186.0,2020,256,5.24528572,6.205648077,17070.30000006434,44598.59999773972,8.533333333333333,9
honor,Android,16.59,yes,yes,13.0,32.0,128.0,6.0,4000.0,185.0,2020,275,5.381094793,5.86813805,19553.399999890407,31823.10000570906,9.166666666666666,9
honor,Android,15.37,yes,yes,13.0,16.0,128.0,8.0,4000.0,190.0,2020,286,5.122176669,5.709565719,15093.00000257844,27156.599988813436,9.533333333333333,9
honor,Android,16.74,yes,no,13.0,16.0,64.0,4.0,4000.0,196.8,2019,231,4.752986561,4.989275455,10433.700003314683,13214.700000332394,7.7,9
honor,Android,16.74,yes,no,13.0,16.0,128.0,8.0,4000.0,202.0,2019,460,5.030503279,5.537531098,13770.900003666893,22864.499999091335,15.333333333333334,9
honor,Android,15.9,yes,no,13.0,32.0,128.0,8.0,4000.0,182.0,2019,431,5.334167019,5.752159855,18656.999991758566,28338.299993496166,14.366666666666667,9
honor,Android,15.9,yes,no,13.0,32.0,128.0,6.0,3750.0,174.0,2019,265,5.109756385,5.416589172,14906.700000535702,20259.900007575743,8.833333333333334,9
honor,Android,15.77,yes,no,13.0,32.0,128.0,4.0,3400.0,164.0,2019,355,3.902982261,4.925077406,4459.500000998942,12393.000003288986,11.833333333333334,9
huawei,Android,16.69,yes,yes,10.5,16.0,128.0,8.0,4000.0,178.0,2020,203,4.821732126,6.152456061,11176.200000706927,42288.300012696396,6.766666666666667,11
huawei,Android,16.59,yes,yes,10.5,32.0,128.0,8.0,4000.0,180.0,2020,256,5.197446756,5.956433047,16272.899997346496,34760.700002222846,8.533333333333333,11
huawei,Android,16.71,yes,yes,10.5,16.0,128.0,8.0,4200.0,209.0,2020,162,5.482844822,6.59439978,21647.70000235627,65789.10001541785,5.4,11
huawei,Android,15.27,yes,yes,10.5,32.0,128.0,6.0,3800.0,175.0,2020,295,5.07704706,6.108447263,14427.000005547075,40467.6000164462,9.833333333333334,11
huawei,Android,15.34,yes,no,10.5,16.0,128.0,6.0,4200.0,183.0,2020,212,4.69015451,5.165357239,9798.300001047552,15758.999995401433,7.066666666666666,11
huawei,Android,20.32,yes,yes,10.5,16.0,512.0,8.0,4500.0,300.0,2020,129,5.959251225,7.847840659,34858.8000089472,230417.99990276148,4.3,11
huawei,Android,15.62,yes,no,10.5,32.0,256.0,6.0,3340.0,152.9,2020,237,5.062468443,5.263363537,14218.200003749727,17381.699995054765,7.9,11
huawei,Android,15.47,yes,no,13.0,8.0,32.0,3.0,3020.0,150.0,2020,326,4.255470856,4.519503359,6344.100001359004,8261.099998091688,10.866666666666667,11
huawei,Android,16.69,yes,no,13.0,16.0,128.0,8.0,4100.0,197.0,2019,257,4.965149664,5.723552422,12899.70000083688,27539.10000881735,8.566666666666666,11
huawei,Android,16.74,yes,no,13.0,16.0,128.0,6.0,4000.0,206.0,2019,338,5.019661105,5.235803461,13622.399995864673,16909.19999731491,11.266666666666667,11
huawei,Android,16.59,yes,yes,13.0,16.0,128.0,8.0,4500.0,198.0,2019,283,5.327536305,6.600196977,18533.699995973424,66171.60003139425,9.433333333333334,11
huawei,Android,16.59,yes,no,13.0,16.0,128.0,8.0,4500.0,198.0,2019,360,5.036952602,6.821271036,13859.999994267106,82543.50001978072,12.0,11
huawei,Android,15.9,yes,no,13.0,32.0,128.0,6.0,3750.0,174.0,2019,211,4.919761924,5.313944622,12327.300003122142,18283.499992069796,7.033333333333333,11
huawei,Android,16.74,yes,no,13.0,16.0,64.0,4.0,4000.0,196.8,2019,263,4.765757251,4.901266757,10567.80000384626,12101.399999505167,8.766666666666667,11
huawei,Android,17.83,yes,yes,13.0,24.0,256.0,8.0,4200.0,233.0,2019,351,5.299366816,6.191851111,18018.900005701034,43987.499986822426,11.7,11
huawei,Android,14.5,yes,no,13.0,5.0,16.0,2.0,3020.0,146.0,2019,308,4.240607069,4.29374172,6250.499998747697,6591.600001276727,10.266666666666667,11
lenovo,Android,15.32,yes,no,8.0,16.0,64.0,4.0,4050.0,164.0,2019,231,4.708628894,5.249127122,9980.99999644356,17135.999993877907,7.7,15
lenovo,Android,16.23,yes,no,8.0,32.0,128.0,6.0,4000.0,185.0,2019,446,5.298817242,5.924041871,18009.000007389317,33652.80000704865,14.866666666666667,15
lg,Android,15.44,yes,yes,5.0,16.0,128.0,6.0,4300.0,180.0,2020,194,4.913242948,6.483841027,12247.199998927064,58903.19998789879,6.466666666666667,16
lg,Android,15.34,yes,no,8.0,32.0,128.0,6.0,4000.0,192.0,2019,193,5.524177225,6.58271742,22561.1999919575,65025.00000087215,6.433333333333334,16
lg,Android,15.77,yes,no,8.0,13.0,64.0,6.0,3550.0,181.0,2019,249,4.602667056,5.715183897,8977.500002065066,27309.599989604783,8.3,16
meizu,Android,15.39,yes,yes,13.0,20.0,128.0,8.0,4500.0,219.0,2020,139,5.569260115,6.397079644,23601.600000105736,54008.1000017676,4.633333333333334,17
motorola,Android,15.34,yes,no,13.0,8.0,32.0,3.0,4000.0,189.4,2020,101,4.579031528,5.135739612,8767.799996682294,15299.100003202433,3.3666666666666667,20
motorola,Android,15.29,yes,no,13.0,5.0,32.0,2.0,3550.0,185.0,2020,230,4.290185431,4.84803793,6568.199999945475,11474.099998278534,7.666666666666667,20
motorola,Android,15.37,yes,no,13.0,8.0,64.0,4.0,5000.0,200.0,2020,277,4.464527856,4.80729437,7819.199998548559,11015.999999138267,9.233333333333333,20
motorola,Android,15.27,yes,no,13.0,5.0,32.0,2.0,3000.0,160.0,2020,249,4.149779269,4.410614092,5707.799999370992,7408.800003513298,8.3,20
motorola,Android,15.34,yes,no,13.0,16.0,128.0,4.0,4000.0,192.0,2020,176,4.876494192,5.110480629,11805.300002041677,14917.49999901587,5.866666666666666,20
motorola,Android,15.34,yes,no,13.0,16.0,64.0,4.0,5000.0,199.0,2020,156,4.650717001,5.358894928,9419.400000526908,19124.099991707004,5.2,20
motorola,Android,15.34,yes,no,13.0,16.0,64.0,4.0,5000.0,197.0,2020,364,4.743278588,4.996874379,10332.899998907598,13315.50000204768,12.133333333333333,20
motorola,Android,15.37,yes,no,13.0,16.0,128.0,4.0,4000.0,210.0,2019,266,4.799090879,5.537924644,10926.000004092906,22873.500002449495,8.866666666666667,20
motorola,Android,15.29,yes,no,13.0,8.0,32.0,2.0,4000.0,183.6,2019,407,4.465563232,4.742668699,7827.300003117818,10326.599998206013,13.566666666666666,20
motorola,Android,12.83,yes,no,13.0,5.0,32.0,2.0,3000.0,140.0,2019,435,4.275137173,4.442533603,6470.100000027303,7649.100003743969,14.5,20
motorola,Android,15.32,yes,no,13.0,25.0,64.0,4.0,4000.0,188.0,2019,216,4.948334268,5.135327738,12684.600001282712,15292.799999180705,7.2,20
motorola,Android,15.29,yes,no,13.0,8.0,64.0,4.0,4000.0,186.0,2019,228,4.598346961,4.779039456,8938.800003218272,10709.100000352732,7.6,20
motorola,Android,15.27,yes,no,13.0,8.0,32.0,2.0,3000.0,149.7,2019,194,4.21980178,4.528828953,6121.800002576976,8338.500002239978,6.466666666666667,20
motorola,Android,16.23,yes,no,13.0,25.0,128.0,4.0,4000.0,190.0,2019,348,4.835329072,5.681025488,11329.199997777147,26392.500012309873,11.6,20
motorola,Android,15.32,yes,no,13.0,12.0,128.0,4.0,3500.0,176.0,2019,481,4.789489745,5.047545648,10821.599995187427,14007.599998370173,16.033333333333335,20
motorola,Android,12.83,yes,no,13.0,5.0,16.0,2.0,3000.0,159.0,2019,371,3.037353948,3.931629535,1876.4999995406126,4589.099999692235,12.366666666666667,20
motorola,Android,15.34,yes,no,48.0,25.0,128.0,4.0,3600.0,165.0,2019,422,5.331026541,5.541224329,18598.50000078595,22949.10000681138,14.066666666666666,20
motorola,Android,15.32,yes,no,13.0,25.0,128.0,4.0,3500.0,180.0,2019,200,4.77474417,5.110480629,10663.200000431396,14917.49999901587,6.666666666666667,20
nokia,Android,14.5,yes,no,8.0,5.0,16.0,1.0,3000.0,155.0,2020,196,3.879086505,4.011506284,4354.199999208054,4970.700000431973,6.533333333333333,21
nokia,Android,15.29,yes,no,13.0,5.0,32.0,2.0,4000.0,183.0,2019,520,4.145671189,4.438288814,5684.399997797627,7616.700002421998,17.333333333333332,21
nokia,Android,15.32,yes,no,5.0,20.0,64.0,4.0,3500.0,180.0,2019,459,4.789406575,5.127291769,10820.700000142642,15170.39999247649,15.3,21
nokia,Android,15.32,yes,no,5.0,8.0,32.0,3.0,3500.0,180.0,2019,417,4.145354483,4.950106501,5682.59999926214,12707.099999727634,13.9,21
nokia,Others,5.28,yes,no,2.0,0.0,0.1,0.03,1500.0,118.0,2019,295,3.444576105,4.085303818,2819.7000001012257,5351.40000230136,9.833333333333334,21
nokia,Android,14.5,yes,no,13.0,5.0,16.0,2.0,3000.0,153.0,2019,235,4.022311359,4.085808231,5024.699998380693,5354.099998930173,7.833333333333333,21
oneplus,Android,16.94,yes,no,13.0,16.0,256.0,8.0,4085.0,206.0,2019,367,5.415344561,6.312841275,20234.699998524673,49644.900008248034,12.233333333333333,22
oneplus,Android,16.64,yes,no,13.0,16.0,128.0,8.0,3800.0,190.0,2019,476,4.947127353,5.946702509,12669.300002028684,34424.099995387645,15.866666666666667,22
oppo,Android,15.37,yes,yes,13.0,32.0,256.0,12.0,4025.0,171.0,2020,348,5.630315323,6.232742669,25087.500005661524,45823.50001751951,11.6,23
oppo,Android,15.34,yes,yes,13.0,32.0,128.0,8.0,4025.0,180.0,2020,326,5.364292355,5.826442487,19227.59999093285,30523.499988032072,10.866666666666667,23
oppo,Android,15.42,yes,yes,13.0,32.0,256.0,12.0,4260.0,217.0,2020,159,5.505981731,6.840535834,22154.39999969458,84149.09999626988,5.3,23
oppo,Android,15.42,yes,yes,13.0,32.0,128.0,8.0,4200.0,209.0,2020,261,5.792037522,6.714765013,29491.199987876524,74204.09997303893,8.7,23
oppo,Android,15.37,yes,yes,8.0,32.0,128.0,8.0,4025.0,171.0,2019,225,5.613930704,6.374172668,24679.800001764397,52784.99999506301,7.5,23
oppo,Android,15.37,yes,no,8.0,16.0,128.0,8.0,4000.0,200.0,2019,462,5.334359958,6.247268881,18660.600001960003,46494.00001572706,15.4,23
oppo,Android,15.37,yes,no,8.0,8.0,64.0,3.0,5000.0,195.0,2019,368,4.54361388,4.841190475,8462.699997554399,11395.799998678312,12.266666666666667,23
oppo,Android,15.37,yes,no,8.0,16.0,128.0,4.0,5000.0,195.0,2019,481,4.638024523,5.03037256,9300.60000131103,13769.100003039011,16.033333333333335,23
oppo,Android,15.37,yes,no,8.0,16.0,128.0,8.0,4000.0,189.0,2019,238,5.091047164,6.08221891,14630.39999429243,39419.99998516049,7.933333333333334,23
oppo,Android,16.59,yes,no,8.0,16.0,128.0,8.0,4000.0,195.0,2019,297,4.655958353,5.43219245,9468.900001702541,20578.499997858507,9.9,23
realme,Android,16.36,yes,yes,13.0,8.0,128.0,6.0,4200.0,209.0,2020,219,4.657667755,5.979493175,9485.100000513665,35571.599988376554,7.3,26
realme,Android,16.69,yes,yes,13.0,8.0,128.0,6.0,4200.0,194.0,2020,258,5.031287234,5.458265494,13781.700002382626,21122.099992288342,8.6,26
realme,Android,15.37,yes,no,13.0,16.0,64.0,3.0,5000.0,199.0,2020,206,4.633174382,4.93820796,9255.599996319152,12556.799997982502,6.866666666666666,26
realme,Android,15.39,yes,no,13.0,8.0,64.0,6.0,4300.0,202.0,2020,231,4.800819203,5.354933967,10944.900000077614,19048.500000629883,7.7,26
realme,Android,16.36,yes,yes,13.0,8.0,128.0,6.0,4200.0,205.0,2020,141,5.259992252,6.175326583,17323.19999607857,43266.59998180574,4.7,26
realme,Android,15.37,yes,no,13.0,5.0,32.0,2.0,5000.0,195.0,2020,279,4.465218226,4.665324109,7824.600003437771,9558.00000183668,9.3,26
realme,Android,16.69,yes,yes,13.0,8.0,64.0,6.0,4200.0,202.0,2020,282,4.912801934,5.318070973,12241.800003091144,18359.099999359765,9.4,26
realme,Android,16.56,yes,no,13.0,8.0,32.0,3.0,5000.0,195.0,2020,113,4.377265318,4.779039456,7165.800003065736,10709.100000352732,3.7666666666666666,26
realme,Android,15.37,yes,no,13.0,13.0,64.0,4.0,5000.0,198.0,2019,293,4.487737089,4.967379785,8002.799999231767,12928.499994501533,9.766666666666667,26
realme,Android,15.37,yes,no,13.0,16.0,64.0,6.0,4000.0,199.0,2019,181,4.895598484,5.901047377,12032.999998701665,32887.80000054202,6.033333333333333,26
realme,Android,15.34,yes,no,13.0,16.0,64.0,4.0,4000.0,183.0,2019,503,4.570475216,5.159974417,8693.099998337842,15674.400001155327,16.766666666666666,26
realme,Android,15.32,yes,no,13.0,16.0,64.0,4.0,4035.0,184.0,2019,433,4.521027418,5.074423534,8273.700001028725,14389.20000225734,14.433333333333334,26
realme,Android,15.32,yes,no,13.0,25.0,64.0,4.0,4045.0,172.0,2019,288,4.778198696,4.966753066,10700.100001386158,12920.399996389955,9.6,26
samsung,Android,15.37,yes,no,8.0,13.0,32.0,3.0,5000.0,192.0,2020,222,4.653674595,5.159285158,9447.299999549305,15663.600002310708,7.4,27
samsung,Android,15.42,yes,yes,8.0,32.0,128.0,6.0,4500.0,185.0,2020,98,5.214120208,5.999531918,16546.50000418161,36291.59999325916,3.2666666666666666,27
samsung,Android,15.34,yes,no,8.0,8.0,32.0,3.0,5000.0,197.0,2020,360,4.302712828,4.995724681,6651.000000304906,13300.199995205252,12.0,27
samsung,Android,15.34,yes,no,8.0,20.0,64.0,4.0,5000.0,185.0,2020,210,4.780299272,5.198718001,10722.599997849671,16293.59999469998,7.0,27
samsung,Android,15.34,yes,no,8.0,8.0,32.0,2.0,4000.0,177.0,2020,352,4.186467851,4.880526609,5921.099999420284,11853.000002972318,11.733333333333333,27
samsung,Android,15.34,yes,no,8.0,32.0,64.0,6.0,6000.0,191.0,2020,190,4.754968551,5.275151089,10454.399999200386,17587.800008509035,6.333333333333333,27
samsung,Android,15.47,yes,yes,8.0,13.0,128.0,12.0,5000.0,222.0,2020,197,5.623042302,6.792119935,24905.700010261346,80171.99996927705,6.566666666666666,27
samsung,Android,15.47,yes,no,8.0,13.0,128.0,12.0,5000.0,220.0,2020,176,5.594265183,6.960774583,24199.19998991256,94900.50000400734,5.866666666666666,27
samsung,Android,15.42,yes,yes,8.0,13.0,128.0,12.0,4500.0,188.0,2020,190,5.470967304,6.566109684,21392.100007588633,63954.00002641767,6.333333333333333,27
samsung,Android,15.42,yes,no,8.0,13.0,128.0,8.0,4500.0,186.0,2020,204,4.606669062,6.4903441,9013.499998992043,59287.50000856275,6.8,27
samsung,Android,15.29,yes,yes,8.0,13.0,128.0,12.0,4000.0,163.0,2020,124,5.486165291,6.522078092,21719.69998984556,61199.09998900456,4.133333333333334,27
samsung,Android,15.29,yes,no,8.0,13.0,128.0,8.0,4000.0,163.0,2020,148,5.216022124,6.40272947,16578.000002964043,54314.09997870793,4.933333333333334,27
samsung,Android,15.42,yes,no,8.0,10.0,256.0,8.0,3300.0,183.0,2020,355,5.47109351,6.822197391,21394.799989335555,82620.00003135511,11.833333333333334,27
samsung,Android,15.32,yes,no,8.0,13.0,64.0,4.0,4050.0,218.0,2020,249,4.989411658,6.050087166,13216.500004696758,38173.499990313714,8.3,27
samsung,Android,15.42,yes,no,8.0,32.0,128.0,6.0,4500.0,199.0,2020,326,5.369800468,6.011267174,19333.799996715174,36719.99998515919,10.866666666666667,27
samsung,Android,15.42,yes,no,8.0,32.0,128.0,6.0,4500.0,186.0,2020,213,5.199546204,5.946624073,16307.099992694151,34421.40001256972,7.1,27
samsung,Android,12.88,yes,no,12.0,5.0,16.0,2.0,3000.0,149.0,2019,332,4.153399325,4.442533603,5728.499999980432,7649.100003743969,11.066666666666666,27
samsung,Android,15.42,yes,no,12.0,32.0,128.0,6.0,4500.0,179.0,2019,202,5.302010538,5.633538821,18066.599993032545,25168.499993264988,6.733333333333333,27
samsung,Android,15.37,yes,no,12.0,32.0,64.0,4.0,4000.0,172.0,2019,382,5.069218618,5.40578067,14314.499997206478,20042.100004057225,12.733333333333333,27
samsung,Android,15.37,yes,no,12.0,8.0,32.0,3.0,4000.0,183.0,2019,461,4.433551152,5.002199815,7580.699997519045,13386.599996316621,15.366666666666667,27
samsung,Android,15.34,yes,no,12.0,16.0,64.0,4.0,6000.0,188.0,2019,455,4.781641329,5.109937495,10736.999998884745,14909.399997463635,15.166666666666666,27
samsung,Android,15.34,yes,no,12.0,8.0,32.0,3.0,4000.0,169.0,2019,532,4.414009681,5.135739612,7434.000003516782,15299.100003202433,17.733333333333334,27
samsung,Android,17.86,yes,yes,12.0,9.0,512.0,12.0,4235.0,263.0,2019,434,5.573749717,7.333016478,23707.80001017301,137699.09994252314,14.466666666666667,27
samsung,Android,15.42,yes,yes,12.0,32.0,128.0,6.0,4500.0,206.0,2019,254,5.572306112,6.742373432,23673.600003129286,76281.30002181945,8.466666666666667,27
samsung,Android,15.34,yes,no,12.0,16.0,32.0,3.0,4000.0,169.0,2019,369,4.76037745,5.04915063,10511.0999969468,14030.099995445971,12.3,27
samsung,Android,15.34,yes,no,12.0,32.0,64.0,4.0,4000.0,169.0,2019,315,5.137091718,5.443239883,15319.799999252162,20807.099994431064,10.5,27
samsung,Android,15.44,yes,no,12.0,10.0,256.0,12.0,4300.0,196.0,2019,489,5.200153118,6.509499124,16317.000003902942,60434.10001089978,16.3,27
samsung,Android,15.32,yes,no,12.0,10.0,256.0,8.0,3500.0,168.0,2019,429,5.205050099,6.250940028,16397.10000692624,46665.00001541893,14.3,27
samsung,Android,15.29,yes,no,12.0,8.0,32.0,2.0,4000.0,168.0,2019,497,4.243626265,4.624874769,6269.400000389608,9179.099997591156,16.566666666666666,27
samsung,Android,14.81,yes,no,8.0,5.0,32.0,2.0,3000.0,141.0,2019,383,4.191320021,4.309187088,5949.899997944389,6694.19999667349,12.766666666666667,27
apple,iOS,10.34,yes,no,12.0,7.0,64.0,3.0,1821.0,148.0,2020,235,5.011901159,5.87535199,13517.099997060172,32053.4999863977,7.833333333333333,2
apple,iOS,15.37,yes,no,8.0,7.0,64.0,4.0,3969.0,226.0,2019,298,5.34046648,6.734175402,18774.899998944944,75658.49999054744,9.933333333333334,2
apple,iOS,12.9,yes,no,8.0,7.0,64.0,4.0,3046.0,188.0,2019,351,5.440164091,6.713745682,20743.200004640807,74128.49997086814,11.7,2
apple,iOS,15.27,yes,no,8.0,7.0,64.0,4.0,3110.0,194.0,2019,208,5.100902476,6.287932907,14775.299995472451,48423.600007729336,6.933333333333334,2
asus,Android,16.74,yes,no,13.0,24.0,128.0,8.0,6000.0,240.0,2019,325,5.71531571,7.059316896,27313.199987166226,104728.50002192243,10.833333333333334,3
asus,Android,15.34,yes,no,13.0,8.0,64.0,6.0,5000.0,190.0,2019,232,4.492337378,6.483871585,8039.700002301384,58904.99997938593,7.733333333333333,3
asus,Android,15.24,yes,no,13.0,8.0,128.0,8.0,4000.0,200.0,2018,541,5.03773152,6.251537728,13870.800003357337,46692.90002301484,18.033333333333335,3
alcatel,Android,15.8,yes,no,13.0,5.0,32.0,3.0,4000.0,165.0,2020,201,4.357349647,4.528828953,7024.50000027086,8338.500002239978,6.7,1
alcatel,Android,15.8,yes,no,13.0,5.0,32.0,2.0,4000.0,160.0,2020,149,4.349761674,4.624188192,6971.3999993962325,9172.80000161576,4.966666666666667,1
alcatel,Android,12.83,yes,no,13.0,5.0,16.0,2.0,4000.0,168.0,2020,176,4.132121927,4.279993909,5607.900002489175,6501.599999293081,5.866666666666666,1
